1777593600000000,76346.58000000,76514.00000000,76320.42000000,76469.81000000,186.868
1777594500000000,76469.80000000,76578.00000000,76469.80000000,76531.81000000,56.4699
1777595400000000,76531.82000000,76560.00000000,76458.00000000,76528.37000000,203.332
1777596300000000,76528.37000000,76591.00000000,76402.91000000,76458.05000000,56.2185
1777597200000000,76458.06000000,76589.34000000,76449.50000000,76564.00000000,66.5726
1777598100000000,76564.00000000,76630.00000000,76530.01000000,76536.81000000,107.552
1777599000000000,76536.81000000,76640.64000000,76536.81000000,76618.08000000,202.523
1777599900000000,76618.07000000,76776.21000000,76615.97000000,76686.13000000,110.198
1777600800000000,76686.12000000,76744.60000000,76622.21000000,76674.82000000,91.8405
1777601700000000,76674.82000000,76729.70000000,76610.10000000,76628.90000000,40.5789
1777602600000000,76628.90000000,76639.95000000,76564.58000000,76596.02000000,28.2861
1777603500000000,76596.01000000,76615.01000000,76533.74000000,76592.54000000,43.7489
1777604400000000,76592.54000000,76700.84000000,76555.06000000,76698.98000000,40.527
1777605300000000,76698.97000000,77453.74000000,76698.97000000,77198.27000000,735.922
1777606200000000,77198.27000000,77285.79000000,77082.32000000,77158.40000000,222.159
1777607100000000,77158.40000000,77208.00000000,77072.09000000,77131.08000000,57.5908
1777608000000000,77131.08000000,77176.00000000,77068.18000000,77116.28000000,84.2827
1777608900000000,77116.28000000,77206.38000000,76653.60000000,77012.35000000,743.477
1777609800000000,77012.35000000,77083.98000000,76997.11000000,77081.86000000,60.0459
1777610700000000,77081.86000000,77104.22000000,77018.64000000,77042.44000000,107.953
1777611600000000,77042.44000000,77184.96000000,77033.91000000,77140.27000000,76.6564
1777612500000000,77140.27000000,77141.26000000,77054.65000000,77079.96000000,40.2471
1777613400000000,77079.97000000,77137.60000000,77058.41000000,77125.00000000,119.183
1777614300000000,77125.00000000,77176.67000000,77115.85000000,77165.98000000,47.6645
1777615200000000,77165.99000000,77176.67000000,77087.57000000,77145.49000000,43.4661
1777616100000000,77145.49000000,77179.53000000,77112.06000000,77150.04000000,44.0871
1777617000000000,77150.04000000,77170.00000000,76956.20000000,77066.00000000,208.372
1777617900000000,77066.00000000,77112.54000000,76882.00000000,76993.48000000,143.227
1777618800000000,76993.49000000,77094.00000000,76970.23000000,77038.90000000,56.4081
1777619700000000,77038.90000000,77106.50000000,76994.11000000,77004.14000000,201.899
1777620600000000,77004.13000000,77049.82000000,76957.04000000,76996.88000000,209.153
1777621500000000,76996.87000000,77140.36000000,76996.74000000,77130.54000000,166.272
1777622400000000,77130.54000000,77250.00000000,77048.00000000,77250.00000000,208.09
1777623300000000,77249.99000000,77500.00000000,77227.75000000,77440.73000000,361.796
1777624200000000,77440.74000000,77457.99000000,77361.82000000,77370.66000000,82.6063
1777625100000000,77370.67000000,77382.46000000,77358.15000000,77377.47000000,45.2434
1777626000000000,77377.48000000,77391.99000000,77289.18000000,77338.73000000,95.8722
1777626900000000,77338.74000000,77377.91000000,77299.34000000,77346.80000000,92.6073
1777627800000000,77346.81000000,77346.81000000,77275.23000000,77279.94000000,92.5051
1777628700000000,77279.94000000,77279.94000000,77200.15000000,77268.55000000,74.1809
1777629600000000,77268.56000000,77268.56000000,77146.48000000,77159.42000000,62.2302
1777630500000000,77159.41000000,77433.72000000,77159.41000000,77349.10000000,148.51
1777631400000000,77349.11000000,77361.77000000,77251.00000000,77251.01000000,45.6744
1777632300000000,77251.00000000,77305.39000000,77251.00000000,77304.34000000,74.5774
1777633200000000,77303.80000000,77331.00000000,77263.66000000,77324.48000000,161.084
1777634100000000,77324.48000000,77600.00000000,77307.50000000,77382.63000000,244.961
1777635000000000,77382.64000000,77429.80000000,77344.78000000,77412.88000000,99.9406
1777635900000000,77412.88000000,77474.01000000,77344.78000000,77463.98000000,78.3941
1777636800000000,77463.98000000,77677.77000000,77408.73000000,77553.65000000,178.535
1777637700000000,77553.64000000,77799.48000000,77550.72000000,77763.04000000,247.318
1777638600000000,77763.04000000,78170.20000000,77760.53000000,77959.08000000,733.689
1777639500000000,77959.08000000,78042.37000000,77896.00000000,77896.01000000,233.436
1777640400000000,77896.01000000,78430.20000000,77896.00000000,78344.38000000,471.783
1777641300000000,78344.37000000,78399.72000000,78260.35000000,78279.65000000,269.387
1777642200000000,78279.65000000,78539.25000000,78137.36000000,78259.08000000,736.868
1777643100000000,78259.07000000,78914.12000000,78190.00000000,78737.25000000,876.303
1777644000000000,78737.26000000,78871.80000000,78599.00000000,78681.20000000,818.099
1777644900000000,78681.20000000,78718.00000000,78145.82000000,78275.86000000,467.935
1777645800000000,78275.87000000,78295.02000000,78051.86000000,78196.74000000,435.513
1777646700000000,78196.74000000,78449.96000000,78146.32000000,78358.75000000,249.155
1777647600000000,78358.74000000,78474.22000000,78176.06000000,78460.94000000,216.146
1777648500000000,78460.95000000,78600.00000000,78422.55000000,78536.02000000,269.385
1777649400000000,78536.01000000,78735.92000000,78528.05000000,78663.98000000,187.924
1777650300000000,78663.97000000,78683.67000000,78177.10000000,78445.89000000,339.723
1777651200000000,78445.88000000,78683.23000000,78390.33000000,78390.33000000,196.58
1777652100000000,78390.33000000,78474.48000000,78173.15000000,78328.00000000,199.305
1777653000000000,78328.01000000,78390.00000000,78173.15000000,78278.22000000,134.636
1777653900000000,78278.21000000,78351.82000000,78167.53000000,78214.36000000,174.166
1777654800000000,78214.36000000,78330.00000000,78131.02000000,78330.00000000,142.151
1777655700000000,78330.00000000,78350.00000000,78185.82000000,78250.82000000,150.898
1777656600000000,78250.83000000,78552.47000000,78183.72000000,78438.28000000,138.347
1777657500000000,78438.28000000,78584.61000000,78420.66000000,78552.94000000,57.9239
1777658400000000,78552.93000000,78609.11000000,78466.40000000,78527.36000000,92.0933
1777659300000000,78527.36000000,78623.37000000,78480.00000000,78586.48000000,94.5804
1777660200000000,78586.49000000,78586.49000000,78413.23000000,78428.53000000,230.265
1777661100000000,78428.54000000,78507.97000000,78375.53000000,78423.90000000,70.8261
1777662000000000,78423.91000000,78540.00000000,78416.96000000,78489.06000000,83.2678
1777662900000000,78489.07000000,78494.07000000,78350.00000000,78415.73000000,87.5711
1777663800000000,78415.14000000,78417.43000000,78313.16000000,78341.41000000,107.564
1777664700000000,78341.42000000,78466.59000000,78336.00000000,78360.00000000,234.252
1777665600000000,78360.01000000,78422.81000000,78291.33000000,78291.33000000,112.677
1777666500000000,78291.33000000,78300.09000000,78100.07000000,78153.28000000,147.495
1777667400000000,78153.27000000,78180.48000000,77945.28000000,77985.19000000,351.354
1777668300000000,77985.20000000,78031.07000000,77752.00000000,77880.18000000,216.002
1777669200000000,77880.18000000,77979.99000000,77857.97000000,77955.16000000,82.5326
1777670100000000,77955.16000000,78064.85000000,77932.75000000,78021.45000000,113.517
1777671000000000,78021.46000000,78185.70000000,78021.45000000,78117.06000000,191.275
1777671900000000,78117.06000000,78200.00000000,78117.06000000,78199.99000000,98.4027
1777672800000000,78200.00000000,78314.00000000,78200.00000000,78282.61000000,100.308
1777673700000000,78282.60000000,78411.13000000,78280.54000000,78353.41000000,130.94
1777674600000000,78353.41000000,78369.59000000,78228.00000000,78263.61000000,60.9433
1777675500000000,78263.60000000,78263.60000000,78144.70000000,78153.38000000,39.7862
1777676400000000,78153.37000000,78183.15000000,78100.00000000,78124.00000000,28.8815
1777677300000000,78124.01000000,78139.22000000,78043.28000000,78044.17000000,52.4015
1777678200000000,78044.16000000,78144.35000000,78044.16000000,78112.21000000,38.6113
1777679100000000,78112.20000000,78249.60000000,78112.20000000,78231.13000000,53.6603
1777680000000000,78231.13000000,78299.04000000,78200.09000000,78200.10000000,69.4586
1777680900000000,78200.09000000,78360.77000000,78166.48000000,78280.85000000,44.2983
1777681800000000,78280.86000000,78339.99000000,78250.89000000,78323.86000000,32.6311
1777682700000000,78323.86000000,78393.39000000,78290.00000000,78341.75000000,64.9057
1777683600000000,78341.75000000,78392.34000000,78294.19000000,78380.14000000,74.5463
1777684500000000,78380.14000000,78380.14000000,78304.00000000,78345.36000000,39.7228
1777685400000000,78345.36000000,78441.31000000,78322.18000000,78372.51000000,90.535
1777686300000000,78372.51000000,78372.51000000,78300.00000000,78355.00000000,196.184
1777687200000000,78355.00000000,78355.00000000,78281.43000000,78293.36000000,76.0316
1777688100000000,78293.37000000,78340.00000000,78260.95000000,78270.20000000,27.9578
1777689000000000,78270.20000000,78395.00000000,78266.50000000,78359.95000000,56.9377
1777689900000000,78359.95000000,78513.70000000,78353.92000000,78353.93000000,122.763
1777690800000000,78353.93000000,78384.21000000,78250.00000000,78277.31000000,38.8582
1777691700000000,78277.31000000,78411.31000000,78237.25000000,78382.22000000,54.7495
1777692600000000,78382.22000000,78514.82000000,78368.00000000,78399.16000000,53.126
1777693500000000,78399.16000000,78471.04000000,78368.00000000,78400.00000000,153.43
1777694400000000,78399.99000000,78448.99000000,78262.39000000,78292.12000000,131.819
1777695300000000,78292.12000000,78304.39000000,78260.76000000,78278.59000000,155.208
1777696200000000,78278.60000000,78287.10000000,78175.37000000,78223.12000000,54.5757
1777697100000000,78223.12000000,78233.30000000,78123.53000000,78175.50000000,70.2479
1777698000000000,78175.50000000,78186.00000000,78061.54000000,78089.34000000,265.997
1777698900000000,78089.34000000,78126.77000000,78040.00000000,78110.64000000,94.3823
1777699800000000,78110.65000000,78218.03000000,78110.64000000,78198.47000000,76.4707
1777700700000000,78198.47000000,78235.25000000,78173.99000000,78174.00000000,89.7528
1777701600000000,78174.00000000,78288.00000000,78169.99000000,78170.00000000,225.431
1777702500000000,78170.00000000,78220.39000000,78148.24000000,78150.00000000,32.527
1777703400000000,78150.00000000,78229.82000000,78150.00000000,78229.81000000,39.1581
1777704300000000,78229.81000000,78363.21000000,78229.81000000,78327.80000000,69.4481
1777705200000000,78327.80000000,78342.18000000,78303.11000000,78320.08000000,34.6154
1777706100000000,78320.08000000,78339.60000000,78308.24000000,78320.83000000,54.9779
1777707000000000,78320.84000000,78324.70000000,78218.04000000,78227.11000000,26.8327
1777707900000000,78227.11000000,78247.52000000,78207.20000000,78220.00000000,53.5947
1777708800000000,78220.00000000,78266.01000000,78165.30000000,78262.66000000,39.6536
1777709700000000,78262.66000000,78294.86000000,78237.76000000,78283.40000000,16.7349
1777710600000000,78283.40000000,78350.00000000,78283.40000000,78329.30000000,103.729
1777711500000000,78329.30000000,78356.51000000,78290.02000000,78315.37000000,44.713
1777712400000000,78315.36000000,78328.14000000,78294.16000000,78305.70000000,36.8269
1777713300000000,78305.69000000,78341.78000000,78305.69000000,78308.63000000,33.3029
1777714200000000,78308.64000000,78394.00000000,78220.00000000,78311.57000000,133.462
1777715100000000,78311.58000000,78316.02000000,78285.79000000,78293.57000000,54.0488
1777716000000000,78293.57000000,78311.97000000,78280.31000000,78288.56000000,39.2924
1777716900000000,78288.55000000,78297.00000000,78228.37000000,78251.51000000,32.7517
1777717800000000,78251.52000000,78267.07000000,78225.22000000,78249.59000000,32.2447
1777718700000000,78249.60000000,78262.60000000,78231.31000000,78249.30000000,32.1294
1777719600000000,78249.31000000,78249.31000000,78169.00000000,78170.58000000,65.2322
1777720500000000,78170.58000000,78227.86000000,78170.57000000,78210.98000000,33.9337
1777721400000000,78210.99000000,78210.99000000,78129.40000000,78169.00000000,95.952
1777722300000000,78169.01000000,78169.01000000,78094.43000000,78143.08000000,74.1251
1777723200000000,78143.09000000,78161.72000000,78108.41000000,78144.43000000,57.0304
1777724100000000,78144.43000000,78262.37000000,78144.42000000,78242.85000000,60.4743
1777725000000000,78242.86000000,78261.56000000,78191.08000000,78227.71000000,32.5262
1777725900000000,78227.71000000,78227.71000000,78184.98000000,78211.24000000,32.7459
1777726800000000,78211.24000000,78423.85000000,78211.24000000,78392.44000000,148.799
1777727700000000,78392.43000000,78392.44000000,78306.79000000,78306.79000000,25.7623
1777728600000000,78306.80000000,78361.34000000,78304.92000000,78361.34000000,20.5113
1777729500000000,78361.33000000,78391.42000000,78322.33000000,78367.06000000,31.9324
1777730400000000,78367.06000000,78397.11000000,78309.84000000,78309.84000000,24.0596
1777731300000000,78309.84000000,78484.42000000,78309.84000000,78420.43000000,103.228
1777732200000000,78420.43000000,78461.55000000,78385.00000000,78398.57000000,24.5446
1777733100000000,78398.58000000,78480.00000000,78398.57000000,78423.98000000,38.3266
1777734000000000,78423.98000000,78480.00000000,78423.98000000,78435.26000000,28.0564
1777734900000000,78435.26000000,78435.26000000,78365.96000000,78374.95000000,38.4879
1777735800000000,78374.95000000,78444.00000000,78374.94000000,78443.41000000,27.4539
1777736700000000,78443.41000000,78487.68000000,78417.47000000,78487.67000000,32.1424
1777737600000000,78487.67000000,78557.62000000,78462.10000000,78545.99000000,51.2054
1777738500000000,78546.00000000,78596.61000000,78505.62000000,78510.63000000,78.2644
1777739400000000,78510.62000000,78510.62000000,78430.07000000,78430.08000000,42.7005
1777740300000000,78430.07000000,78500.00000000,78430.07000000,78455.02000000,22.2548
1777741200000000,78455.02000000,78459.50000000,78418.91000000,78435.01000000,88.6594
1777742100000000,78435.01000000,78450.00000000,78415.47000000,78415.70000000,78.0635
1777743000000000,78415.70000000,78485.53000000,78415.70000000,78426.85000000,24.7126
1777743900000000,78426.85000000,78430.94000000,78368.24000000,78398.02000000,21.9628
1777744800000000,78398.03000000,78398.03000000,78310.54000000,78324.71000000,37.9475
1777745700000000,78324.71000000,78394.04000000,78310.84000000,78391.92000000,33.4159
1777746600000000,78391.92000000,78454.64000000,78391.91000000,78411.50000000,22.4386
1777747500000000,78411.50000000,78493.31000000,78411.49000000,78466.62000000,24.3577
1777748400000000,78466.63000000,78510.00000000,78447.97000000,78470.19000000,62.185
1777749300000000,78470.19000000,78475.53000000,78440.11000000,78457.00000000,66.7608
1777750200000000,78457.00000000,78521.68000000,78450.55000000,78497.46000000,30.1425
1777751100000000,78497.46000000,78497.47000000,78457.00000000,78486.00000000,22.9664
1777752000000000,78486.23000000,78491.26000000,78434.14000000,78434.14000000,12.8189
1777752900000000,78434.14000000,78434.15000000,78421.41000000,78426.31000000,10.5379
1777753800000000,78426.31000000,78479.50000000,78426.31000000,78433.16000000,18.2183
1777754700000000,78433.15000000,78452.19000000,78418.32000000,78451.38000000,20.3537
1777755600000000,78451.37000000,78513.80000000,78450.55000000,78450.55000000,28.0722
1777756500000000,78450.56000000,78493.98000000,78439.51000000,78493.97000000,22.2105
1777757400000000,78493.97000000,79199.48000000,78493.97000000,78806.68000000,589.258
1777758300000000,78806.67000000,78911.82000000,78719.77000000,78719.78000000,94.9975
1777759200000000,78719.78000000,78799.48000000,78664.66000000,78771.13000000,79.5695
1777760100000000,78771.13000000,78776.37000000,78610.46000000,78620.00000000,71.923
1777761000000000,78619.99000000,78750.00000000,78619.99000000,78660.16000000,49.8077
1777761900000000,78660.16000000,78872.39000000,78660.15000000,78832.98000000,65.1898
1777762800000000,78832.98000000,78832.98000000,78689.20000000,78740.13000000,28.0586
1777763700000000,78740.14000000,78802.63000000,78722.06000000,78802.28000000,27.9878
1777764600000000,78802.29000000,78819.99000000,78689.20000000,78689.21000000,26.3663
1777765500000000,78689.20000000,78706.84000000,78631.90000000,78686.85000000,32.0795
1777766400000000,78686.84000000,78754.55000000,78557.61000000,78573.12000000,74.5842
1777767300000000,78573.11000000,78635.58000000,78501.00000000,78629.50000000,67.3035
1777768200000000,78629.50000000,78677.00000000,78620.63000000,78633.17000000,23.1773
1777769100000000,78633.17000000,78647.44000000,78490.61000000,78542.32000000,68.8991
1777770000000000,78542.33000000,78542.33000000,78257.61000000,78361.03000000,161.339
1777770900000000,78361.03000000,78394.10000000,78214.88000000,78280.68000000,104.64
1777771800000000,78280.68000000,78280.68000000,78152.25000000,78236.45000000,93.2533
1777772700000000,78236.45000000,78285.00000000,78227.20000000,78240.83000000,31.7826
1777773600000000,78240.84000000,78309.09000000,78120.00000000,78193.43000000,101.694
1777774500000000,78193.44000000,78199.85000000,78108.75000000,78113.07000000,57.1721
1777775400000000,78113.06000000,78170.00000000,78113.06000000,78122.61000000,26.484
1777776300000000,78122.61000000,78199.06000000,78121.77000000,78171.85000000,37.0786
1777777200000000,78171.86000000,78189.35000000,78121.95000000,78134.70000000,85.8105
1777778100000000,78134.70000000,78149.08000000,78109.94000000,78109.94000000,43.6403
1777779000000000,78109.95000000,78208.00000000,78109.94000000,78132.52000000,39.8274
1777779900000000,78132.52000000,78217.59000000,78132.51000000,78203.08000000,31.0777
1777780800000000,78203.07000000,78206.84000000,78120.00000000,78147.03000000,17.9043
1777781700000000,78147.02000000,78236.45000000,78147.02000000,78222.95000000,25.6009
1777782600000000,78222.95000000,78236.45000000,78186.53000000,78186.53000000,16.2962
1777783500000000,78186.54000000,78194.00000000,78144.68000000,78163.19000000,29.9122
1777784400000000,78163.19000000,78260.15000000,78163.17000000,78239.87000000,38.6562
1777785300000000,78239.86000000,78260.75000000,78223.22000000,78226.16000000,13.4958
1777786200000000,78226.17000000,78230.00000000,78206.26000000,78206.26000000,34.6288
1777787100000000,78206.26000000,78254.82000000,78206.26000000,78249.42000000,11.312
1777788000000000,78249.41000000,78249.42000000,78144.90000000,78151.37000000,147.296
1777788900000000,78150.85000000,78150.86000000,78084.08000000,78115.33000000,84.7517
1777789800000000,78115.33000000,78166.76000000,78115.33000000,78140.00000000,20.0095
1777790700000000,78139.99000000,78337.26000000,78139.99000000,78288.30000000,54.8855
1777791600000000,78288.30000000,78444.18000000,78288.29000000,78346.65000000,59.6898
1777792500000000,78346.65000000,78483.67000000,78343.51000000,78412.76000000,117.383
1777793400000000,78412.76000000,78448.40000000,78378.86000000,78378.86000000,87.1915
1777794300000000,78378.87000000,78400.58000000,78361.33000000,78363.25000000,35.1566
1777795200000000,78363.24000000,78505.92000000,78363.24000000,78450.55000000,40.1007
1777796100000000,78450.56000000,78481.76000000,78411.15000000,78417.59000000,33.569
1777797000000000,78417.58000000,78441.78000000,78388.30000000,78439.45000000,14.6616
1777797900000000,78439.45000000,78455.00000000,78387.86000000,78387.86000000,13.6857
1777798800000000,78387.87000000,78440.49000000,78354.53000000,78402.79000000,54.4603
1777799700000000,78402.79000000,78526.14000000,78402.78000000,78500.01000000,77.3181
1777800600000000,78500.00000000,78604.67000000,78454.00000000,78514.83000000,111.124
1777801500000000,78514.83000000,78550.00000000,78486.73000000,78529.57000000,50.2294
1777802400000000,78529.57000000,78534.40000000,78428.81000000,78491.26000000,44.0044
1777803300000000,78491.26000000,78491.27000000,78430.59000000,78430.59000000,21.9706
1777804200000000,78430.60000000,78465.05000000,78430.59000000,78450.55000000,42.4966
1777805100000000,78450.55000000,78450.55000000,78406.97000000,78408.01000000,32.3231
1777806000000000,78408.01000000,78554.67000000,78380.00000000,78526.20000000,79.3622
1777806900000000,78526.21000000,78530.41000000,78501.20000000,78508.70000000,29.0539
1777807800000000,78508.71000000,78747.43000000,78508.70000000,78717.09000000,137.919
1777808700000000,78717.10000000,78849.22000000,78656.00000000,78656.01000000,166.496
1777809600000000,78656.01000000,78878.77000000,78656.00000000,78856.80000000,118.507
1777810500000000,78856.79000000,78856.80000000,78747.76000000,78773.22000000,47.1305
1777811400000000,78773.22000000,78792.54000000,78687.50000000,78792.53000000,68.2201
1777812300000000,78792.53000000,78830.60000000,78721.16000000,78747.09000000,60.4246
1777813200000000,78747.09000000,78769.63000000,78715.43000000,78750.70000000,51.1198
1777814100000000,78750.70000000,78750.70000000,78592.13000000,78643.99000000,62.9369
1777815000000000,78644.00000000,78703.74000000,78586.99000000,78620.00000000,43.454
1777815900000000,78619.99000000,78699.52000000,78614.28000000,78670.01000000,38.8926
1777816800000000,78670.01000000,78785.95000000,78664.29000000,78730.00000000,83.9129
1777817700000000,78729.99000000,78759.98000000,78608.70000000,78693.38000000,141.957
1777818600000000,78693.38000000,78713.28000000,78671.04000000,78708.85000000,122.435
1777819500000000,78708.85000000,78786.57000000,78660.00000000,78741.00000000,61.6611
1777820400000000,78741.00000000,78815.19000000,78716.80000000,78745.01000000,83.5661
1777821300000000,78745.01000000,78772.22000000,78720.06000000,78769.00000000,45.6929
1777822200000000,78768.99000000,78798.03000000,78672.49000000,78701.77000000,44.7973
1777823100000000,78701.77000000,78701.78000000,78633.40000000,78668.36000000,63.1485
1777824000000000,78668.36000000,78700.00000000,78619.09000000,78623.90000000,36.8832
1777824900000000,78623.90000000,78666.00000000,78600.00000000,78662.04000000,22.6715
1777825800000000,78662.03000000,78784.56000000,78662.03000000,78720.89000000,35.126
1777826700000000,78720.90000000,78733.21000000,78645.49000000,78654.00000000,72.8583
1777827600000000,78654.01000000,78718.55000000,78558.65000000,78689.60000000,231.265
1777828500000000,78689.61000000,78795.05000000,78689.60000000,78734.07000000,51.4043
1777829400000000,78734.06000000,78822.83000000,78730.63000000,78804.99000000,33.1715
1777830300000000,78804.99000000,78805.00000000,78722.28000000,78725.76000000,42.0845
1777831200000000,78725.76000000,78744.84000000,78672.47000000,78672.47000000,34.4994
1777832100000000,78672.47000000,78755.22000000,78631.61000000,78736.97000000,48.503
1777833000000000,78736.98000000,78736.98000000,78680.39000000,78686.98000000,39.2981
1777833900000000,78686.98000000,78763.57000000,78686.60000000,78739.67000000,15.8893
1777834800000000,78739.68000000,78764.86000000,78694.00000000,78708.26000000,21.4751
1777835700000000,78708.25000000,78719.27000000,78676.67000000,78681.70000000,116.232
1777836600000000,78681.71000000,78853.32000000,78679.90000000,78801.22000000,74.2273
1777837500000000,78801.22000000,78815.00000000,78760.31000000,78760.32000000,40.6754
1777838400000000,78760.32000000,78795.56000000,78732.04000000,78732.57000000,31.1654
1777839300000000,78732.57000000,78999.00000000,78732.56000000,78921.69000000,120.155
1777840200000000,78921.68000000,79268.00000000,78902.24000000,79007.79000000,406.796
1777841100000000,79007.79000000,79019.76000000,78836.71000000,78915.99000000,87.6815
1777842000000000,78915.99000000,79056.59000000,78855.00000000,79010.55000000,118.739
1777842900000000,79010.55000000,79010.56000000,78917.42000000,78917.42000000,40.9898
1777843800000000,78917.42000000,78922.00000000,78661.75000000,78700.00000000,112.884
1777844700000000,78700.00000000,78845.33000000,78650.00000000,78831.59000000,84.8729
1777845600000000,78831.60000000,79365.14000000,78831.60000000,79259.35000000,402.097
1777846500000000,79259.35000000,79447.00000000,78965.16000000,79085.31000000,295.115
1777847400000000,79085.31000000,79315.51000000,78991.63000000,79268.00000000,92.968
1777848300000000,79268.00000000,79383.78000000,79157.37000000,79177.29000000,144.778
1777849200000000,79177.29000000,79287.82000000,79047.89000000,79075.00000000,125.301
1777850100000000,79075.00000000,79080.67000000,78623.00000000,78657.46000000,260.277
1777851000000000,78657.46000000,78736.65000000,78593.81000000,78593.81000000,144.212
1777851900000000,78593.81000000,78597.62000000,78484.42000000,78568.57000000,112.932
1777852800000000,78568.58000000,78572.57000000,78423.43000000,78511.67000000,139.205
1777853700000000,78511.67000000,78527.08000000,78288.88000000,78367.27000000,112.769
1777854600000000,78367.27000000,78446.78000000,78332.42000000,78397.89000000,94.6722
1777855500000000,78397.89000000,78572.19000000,78397.89000000,78547.14000000,88.214
1777856400000000,78547.15000000,78585.86000000,78412.49000000,78456.26000000,47.8882
1777857300000000,78456.26000000,78606.62000000,78419.17000000,78605.69000000,98.0253
1777858200000000,78605.69000000,79145.20000000,78597.83000000,78800.00000000,194.078
1777859100000000,78800.00000000,79848.84000000,78799.27000000,79769.43000000,1026.43
1777860000000000,79769.43000000,80100.00000000,79540.05000000,79932.69000000,1074.17
1777860900000000,79932.69000000,79945.88000000,79618.00000000,79705.20000000,267.033
1777861800000000,79705.20000000,80328.05000000,79705.19000000,80163.87000000,568.852
1777862700000000,80163.87000000,80420.90000000,80023.49000000,80173.30000000,368.092
1777863600000000,80173.30000000,80458.00000000,79972.00000000,80380.07000000,402.474
1777864500000000,80380.07000000,80380.07000000,80054.14000000,80118.60000000,250.882
1777865400000000,80118.61000000,80137.78000000,79926.90000000,79997.01000000,173.74
1777866300000000,79997.02000000,80323.58000000,79969.58000000,80316.31000000,185.087
1777867200000000,80316.30000000,80484.07000000,80316.30000000,80450.00000000,492.401
1777868100000000,80450.00000000,80635.51000000,80246.39000000,80351.87000000,441.434
1777869000000000,80351.87000000,80440.31000000,80302.83000000,80350.88000000,110.956
1777869900000000,80350.88000000,80393.80000000,80233.04000000,80332.06000000,317.237
1777870800000000,80332.06000000,80395.96000000,80117.84000000,80145.09000000,395.754
1777871700000000,80145.09000000,80152.36000000,79956.25000000,80004.17000000,196.665
1777872600000000,80004.18000000,80110.04000000,79960.69000000,80079.99000000,98.4835
1777873500000000,80079.99000000,80080.00000000,80000.00000000,80027.26000000,55.9115
1777874400000000,80027.26000000,80048.64000000,79917.61000000,79918.00000000,147.411
1777875300000000,79918.01000000,79918.01000000,79500.00000000,79704.25000000,366.951
1777876200000000,79704.25000000,79771.64000000,79641.34000000,79758.37000000,126.995
1777877100000000,79758.37000000,79981.69000000,79758.36000000,79877.90000000,462.382
1777878000000000,79877.91000000,79946.33000000,79818.13000000,79897.06000000,107.096
1777878900000000,79897.06000000,79923.00000000,79819.34000000,79855.44000000,68.8687
1777879800000000,79855.43000000,79873.85000000,79684.31000000,79856.96000000,134.878
1777880700000000,79856.95000000,79907.58000000,79672.00000000,79696.75000000,108.989
1777881600000000,79696.75000000,79796.37000000,79602.32000000,79796.36000000,114.211
1777882500000000,79796.37000000,79800.00000000,79632.80000000,79740.01000000,116.64
1777883400000000,79740.00000000,79787.47000000,79700.67000000,79716.88000000,135.52
1777884300000000,79716.88000000,79767.60000000,79621.17000000,79708.30000000,68.9949
1777885200000000,79708.30000000,79797.08000000,79647.87000000,79733.25000000,78.0573
1777886100000000,79733.25000000,79823.25000000,79717.00000000,79725.42000000,144.615
1777887000000000,79725.43000000,79887.83000000,79692.89000000,79857.55000000,156.625
1777887900000000,79857.56000000,79930.00000000,79792.14000000,79838.48000000,94.1062
1777888800000000,79838.49000000,79880.00000000,78600.42000000,78754.85000000,1111.04
1777889700000000,78754.85000000,78773.43000000,78202.00000000,78508.32000000,1917.03
1777890600000000,78508.32000000,79033.09000000,78452.45000000,78916.91000000,1035.74
1777891500000000,78916.91000000,79099.98000000,78841.73000000,78940.26000000,316.917
1777892400000000,78940.27000000,79084.93000000,78897.92000000,79048.00000000,303.128
1777893300000000,79048.00000000,79124.83000000,78921.45000000,78949.99000000,142.407
1777894200000000,78949.99000000,78950.00000000,78708.87000000,78735.04000000,170.703
1777895100000000,78735.04000000,78862.15000000,78735.03000000,78793.67000000,83.3074
1777896000000000,78793.67000000,78848.93000000,78718.55000000,78805.68000000,91.7132
1777896900000000,78805.68000000,79020.00000000,78750.68000000,78960.00000000,158.185
1777897800000000,78960.00000000,79000.01000000,78851.14000000,78990.97000000,106.224
1777898700000000,78990.98000000,79011.55000000,78850.63000000,78857.18000000,69.894
1777899600000000,78857.18000000,78984.75000000,78581.74000000,78923.20000000,237.503
1777900500000000,78923.21000000,79059.04000000,78901.00000000,78965.91000000,142.821
1777901400000000,78965.91000000,79124.83000000,78850.00000000,78869.83000000,223.865
1777902300000000,78869.82000000,78948.32000000,78734.68000000,78790.00000000,120.881
1777903200000000,78790.01000000,78982.02000000,78500.00000000,78957.72000000,285.686
1777904100000000,78957.72000000,79397.34000000,78947.01000000,79246.84000000,441.599
1777905000000000,79246.84000000,79588.73000000,79232.28000000,79533.51000000,376.181
1777905900000000,79533.51000000,80545.17000000,79533.50000000,80216.16000000,1204.95
1777906800000000,80216.15000000,80367.93000000,79934.00000000,80102.62000000,694.606
1777907700000000,80102.61000000,80216.94000000,79320.28000000,79700.37000000,945.031
1777908600000000,79700.37000000,79926.71000000,79475.35000000,79909.99000000,369.658
1777909500000000,79909.99000000,80131.59000000,79567.49000000,80028.85000000,449.339
1777910400000000,80028.85000000,80076.28000000,79660.16000000,79724.79000000,397.333
1777911300000000,79724.79000000,80395.68000000,79619.33000000,80243.97000000,529.534
1777912200000000,80243.96000000,80365.81000000,80151.30000000,80275.66000000,248.307
1777913100000000,80275.66000000,80329.64000000,79959.58000000,80025.03000000,317.61
1777914000000000,80025.03000000,80463.65000000,80021.50000000,80384.58000000,304.844
1777914900000000,80384.57000000,80505.06000000,80367.99000000,80448.16000000,220.7
1777915800000000,80448.17000000,80452.15000000,80261.94000000,80275.32000000,139.44
1777916700000000,80275.32000000,80776.99000000,80265.84000000,80390.81000000,415.129
1777917600000000,80390.80000000,80439.18000000,80263.60000000,80388.47000000,157.91
1777918500000000,80388.46000000,80388.47000000,80154.00000000,80271.14000000,284.859
1777919400000000,80271.15000000,80311.72000000,80159.09000000,80179.00000000,111.488
1777920300000000,80178.99000000,80178.99000000,80035.32000000,80114.91000000,109.742
1777921200000000,80114.91000000,80138.00000000,79950.00000000,80085.18000000,154.184
1777922100000000,80085.19000000,80092.00000000,79900.00000000,79930.00000000,142.058
1777923000000000,79930.00000000,80006.46000000,79900.00000000,79998.06000000,66.7171
1777923900000000,79998.05000000,80094.13000000,79970.00000000,80053.31000000,142.64
1777924800000000,80053.31000000,80123.18000000,79960.68000000,80123.17000000,91.8951
1777925700000000,80123.17000000,80154.12000000,79920.01000000,80027.23000000,134.909
1777926600000000,80027.23000000,80039.31000000,79901.00000000,79917.14000000,108.779
1777927500000000,79917.14000000,80010.00000000,79913.97000000,79936.70000000,123.935
1777928400000000,79936.70000000,80150.76000000,79936.70000000,80115.99000000,92.3342
1777929300000000,80115.99000000,80287.90000000,80073.70000000,80201.24000000,80.7018
1777930200000000,80201.24000000,80290.00000000,80201.23000000,80244.06000000,82.0062
1777931100000000,80244.06000000,80383.15000000,80243.89000000,80259.17000000,88.2643
1777932000000000,80259.18000000,80388.74000000,80235.18000000,80359.64000000,76.9814
1777932900000000,80359.64000000,80397.19000000,80268.73000000,80268.73000000,78.3182
1777933800000000,80268.74000000,80268.74000000,80116.88000000,80116.88000000,62.8079
1777934700000000,80116.89000000,80200.00000000,80042.84000000,80067.23000000,54.2463
1777935600000000,80067.22000000,80067.22000000,79905.00000000,79930.08000000,89.0411
1777936500000000,79930.09000000,79975.83000000,79882.35000000,79975.83000000,146.687
1777937400000000,79975.83000000,79975.83000000,79744.91000000,79772.80000000,208.804
1777938300000000,79772.80000000,79872.00000000,79760.76000000,79861.01000000,149.551
1777939200000000,79861.01000000,80010.00000000,79808.72000000,79953.36000000,254.348
1777940100000000,79953.36000000,79963.13000000,79861.00000000,79861.01000000,37.1729
1777941000000000,79861.01000000,80142.22000000,79861.00000000,80076.28000000,62.9076
1777941900000000,80076.28000000,80183.33000000,80040.00000000,80170.66000000,71.3043
1777942800000000,80170.66000000,80259.75000000,80080.76000000,80199.62000000,128.398
1777943700000000,80199.61000000,80286.08000000,80189.46000000,80273.00000000,161.834
1777944600000000,80273.00000000,80335.68000000,80166.88000000,80246.01000000,185.836
1777945500000000,80246.00000000,80385.06000000,80246.00000000,80352.00000000,53.9618
1777946400000000,80351.99000000,80517.21000000,80300.00000000,80456.36000000,149.579
1777947300000000,80456.36000000,80530.71000000,80375.20000000,80458.55000000,89.8982
1777948200000000,80458.56000000,80812.06000000,80448.21000000,80809.05000000,263.935
1777949100000000,80809.04000000,80900.00000000,80500.89000000,80554.68000000,265.033
1777950000000000,80554.69000000,80720.35000000,80457.93000000,80678.15000000,95.6981
1777950900000000,80678.14000000,80858.68000000,80636.92000000,80796.22000000,97.1179
1777951800000000,80796.22000000,81083.98000000,80752.91000000,80910.54000000,385.246
1777952700000000,80910.54000000,80950.00000000,80822.56000000,80893.08000000,99.8713
1777953600000000,80893.08000000,80982.59000000,80781.42000000,80808.24000000,194.12
1777954500000000,80808.24000000,80919.72000000,80793.68000000,80793.69000000,87.1853
1777955400000000,80793.69000000,80846.22000000,80725.00000000,80769.30000000,117.83
1777956300000000,80769.31000000,80951.48000000,80732.28000000,80902.44000000,129.805
1777957200000000,80902.44000000,80984.38000000,80830.06000000,80868.69000000,216.235
1777958100000000,80868.69000000,81188.00000000,80868.69000000,81061.53000000,290.503
1777959000000000,81061.53000000,81323.52000000,81020.01000000,81040.42000000,322.256
1777959900000000,81040.42000000,81065.62000000,80912.51000000,80970.00000000,182.393
1777960800000000,80969.99000000,81016.42000000,80900.00000000,80958.93000000,120.419
1777961700000000,80958.94000000,80972.06000000,80810.00000000,80824.93000000,110.26
1777962600000000,80824.94000000,80889.41000000,80800.00000000,80811.51000000,86.3318
1777963500000000,80811.51000000,80976.00000000,80811.51000000,80976.00000000,72.8232
1777964400000000,80976.00000000,81026.70000000,80900.34000000,80995.36000000,94.1624
1777965300000000,80995.35000000,81095.00000000,80973.50000000,81050.01000000,99.0231
1777966200000000,81050.00000000,81136.59000000,80994.83000000,81011.05000000,477.77
1777967100000000,81011.05000000,81029.57000000,80826.00000000,80855.59000000,373.477
1777968000000000,80855.59000000,80895.50000000,80839.71000000,80859.32000000,137.152
1777968900000000,80859.32000000,80879.24000000,80812.83000000,80842.63000000,68.5906
1777969800000000,80842.64000000,80869.25000000,80723.20000000,80741.27000000,162.562
1777970700000000,80741.28000000,80833.99000000,80741.27000000,80815.24000000,106.153
1777971600000000,80815.24000000,80815.24000000,80667.77000000,80667.77000000,180.11
1777972500000000,80667.78000000,80688.61000000,80597.99000000,80657.73000000,348.516
1777973400000000,80657.73000000,80701.48000000,80564.13000000,80589.59000000,210.31
1777974300000000,80589.59000000,80610.00000000,80527.76000000,80586.02000000,126.412
1777975200000000,80586.02000000,80707.98000000,80530.82000000,80677.56000000,136.53
1777976100000000,80677.56000000,80749.05000000,80677.55000000,80732.38000000,128.196
1777977000000000,80732.39000000,80831.87000000,80732.38000000,80822.42000000,127.893
1777977900000000,80822.42000000,80829.24000000,80708.82000000,80823.61000000,128.485
1777978800000000,80823.61000000,80978.99000000,80780.00000000,80942.73000000,162.867
1777979700000000,80942.73000000,80967.52000000,80818.72000000,80949.23000000,166.463
1777980600000000,80949.23000000,81095.48000000,80936.38000000,81039.01000000,146.921
1777981500000000,81039.00000000,81055.79000000,80874.00000000,81014.05000000,147.412
1777982400000000,81014.05000000,81134.06000000,80932.54000000,81105.01000000,114.999
1777983300000000,81105.02000000,81245.73000000,81063.60000000,81222.90000000,139.393
1777984200000000,81222.91000000,81307.68000000,81173.20000000,81307.68000000,166.297
1777985100000000,81307.68000000,81329.61000000,81192.29000000,81279.41000000,187.131
1777986000000000,81279.40000000,81666.00000000,81270.00000000,81622.00000000,586.234
1777986900000000,81621.99000000,81712.32000000,81418.81000000,81460.27000000,353.78
1777987800000000,81460.28000000,81538.44000000,81215.25000000,81414.10000000,412.665
1777988700000000,81414.11000000,81671.50000000,81196.00000000,81330.00000000,418.738
1777989600000000,81330.00000000,81434.46000000,81090.00000000,81104.08000000,307.176
1777990500000000,81104.08000000,81456.00000000,80939.87000000,81409.03000000,507.203
1777991400000000,81409.03000000,81500.00000000,81127.80000000,81244.87000000,255.766
1777992300000000,81244.88000000,81392.00000000,81128.00000000,81336.59000000,212.769
1777993200000000,81336.59000000,81664.97000000,81235.00000000,81564.86000000,270.906
1777994100000000,81564.85000000,81670.00000000,81518.86000000,81609.99000000,256.305
1777995000000000,81610.00000000,81670.00000000,81547.88000000,81625.00000000,150.17
1777995900000000,81625.00000000,81689.20000000,81519.99000000,81525.19000000,221.66
1777996800000000,81525.19000000,81615.33000000,81429.85000000,81449.23000000,135.443
1777997700000000,81449.24000000,81552.31000000,81334.98000000,81419.99000000,78.4748
1777998600000000,81420.00000000,81420.00000000,81052.50000000,81075.79000000,350.003
1777999500000000,81075.80000000,81293.77000000,81050.04000000,81285.75000000,143.531
1778000400000000,81285.75000000,81372.01000000,81185.02000000,81331.99000000,80.5468
1778001300000000,81331.99000000,81458.26000000,81310.82000000,81418.14000000,84.5684
1778002200000000,81418.14000000,81418.14000000,81248.04000000,81304.22000000,60.9494
1778003100000000,81304.22000000,81356.67000000,81259.35000000,81270.60000000,54.742
1778004000000000,81270.61000000,81599.00000000,81270.61000000,81562.07000000,168.289
1778004900000000,81562.07000000,81575.26000000,81422.03000000,81459.38000000,98.1541
1778005800000000,81459.38000000,81537.44000000,81426.08000000,81517.24000000,73.0845
1778006700000000,81517.24000000,81560.00000000,81414.69000000,81515.00000000,88.0344
1778007600000000,81515.00000000,81515.00000000,81407.58000000,81467.29000000,43.8144
1778008500000000,81467.29000000,81580.00000000,81432.04000000,81538.09000000,67.2196
1778009400000000,81538.09000000,81666.66000000,81517.85000000,81654.17000000,146.695
1778010300000000,81654.16000000,81680.00000000,81526.00000000,81606.35000000,106.909
1778011200000000,81606.35000000,81770.00000000,81510.13000000,81700.01000000,332.812
1778012100000000,81700.00000000,81700.00000000,81545.01000000,81554.07000000,113.817
1778013000000000,81554.07000000,81738.22000000,81545.01000000,81658.01000000,167.138
1778013900000000,81658.01000000,81668.00000000,81569.51000000,81646.38000000,110.906
1778014800000000,81646.39000000,81791.48000000,81591.69000000,81591.70000000,282.106
1778015700000000,81591.69000000,81651.64000000,81448.51000000,81474.85000000,152.305
1778016600000000,81474.85000000,81474.85000000,81305.27000000,81362.45000000,117.269
1778017500000000,81362.45000000,81511.33000000,81345.01000000,81407.11000000,66.9088
1778018400000000,81407.11000000,81600.00000000,81356.86000000,81382.14000000,76.9488
1778019300000000,81382.14000000,81520.00000000,81324.05000000,81438.84000000,71.2756
1778020200000000,81438.84000000,81438.84000000,80817.72000000,81021.72000000,491.458
1778021100000000,81021.72000000,81357.28000000,80986.55000000,81111.27000000,282.204
1778022000000000,81111.27000000,81222.03000000,81028.63000000,81213.22000000,120.691
1778022900000000,81213.23000000,81213.23000000,80878.72000000,80883.57000000,130.264
1778023800000000,80883.57000000,80968.32000000,80790.00000000,80926.79000000,142.645
1778024700000000,80926.79000000,80978.86000000,80882.02000000,80905.52000000,85.4759
1778025600000000,80905.53000000,81251.84000000,80880.00000000,81156.91000000,325.692
1778026500000000,81156.91000000,81262.28000000,80922.15000000,80922.16000000,201.797
1778027400000000,80922.16000000,81045.99000000,80906.30000000,80906.31000000,75.3395
1778028300000000,80906.31000000,81070.00000000,80731.14000000,81030.01000000,273.371
1778029200000000,81030.00000000,81169.21000000,80996.00000000,81161.58000000,94.4224
1778030100000000,81161.58000000,81346.78000000,81161.57000000,81250.00000000,230.554
1778031000000000,81250.01000000,81360.15000000,81240.00000000,81318.30000000,235.546
1778031900000000,81318.29000000,81534.23000000,81316.66000000,81439.34000000,243.304
1778032800000000,81439.34000000,81449.04000000,81252.71000000,81330.00000000,205.103
1778033700000000,81330.00000000,81330.00000000,81138.00000000,81144.57000000,102.034
1778034600000000,81144.58000000,81262.99000000,81047.01000000,81213.06000000,225.672
1778035500000000,81213.06000000,81395.87000000,81205.61000000,81363.54000000,88.3864
1778036400000000,81363.54000000,81466.64000000,81358.17000000,81410.01000000,126.59
1778037300000000,81410.00000000,81760.84000000,81367.71000000,81616.29000000,400.278
1778038200000000,81616.28000000,81699.99000000,81526.67000000,81543.58000000,105.006
1778039100000000,81543.58000000,81641.71000000,81494.63000000,81581.69000000,78.6502
1778040000000000,81581.70000000,81649.99000000,81530.98000000,81602.25000000,190.046
1778040900000000,81602.25000000,81606.45000000,81428.57000000,81431.84000000,102.167
1778041800000000,81431.84000000,81440.00000000,81343.45000000,81398.28000000,138.584
1778042700000000,81398.29000000,81495.95000000,81270.00000000,81331.10000000,144.843
1778043600000000,81331.10000000,81360.30000000,81247.47000000,81278.80000000,152.469
1778044500000000,81278.80000000,81320.39000000,81230.01000000,81259.77000000,75.761
1778045400000000,81259.77000000,81259.77000000,81060.00000000,81166.04000000,234.222
1778046300000000,81166.04000000,81333.15000000,81166.03000000,81333.00000000,129.734
1778047200000000,81333.00000000,81396.97000000,81222.60000000,81263.04000000,166.942
1778048100000000,81263.04000000,81393.23000000,81211.34000000,81372.27000000,86.9204
1778049000000000,81372.27000000,81472.74000000,81342.26000000,81472.73000000,127.557
1778049900000000,81472.74000000,81516.90000000,81454.01000000,81476.71000000,142.715
1778050800000000,81476.71000000,81611.00000000,81458.34000000,81458.34000000,195.003
1778051700000000,81458.35000000,81596.15000000,81453.45000000,81553.78000000,82.103
1778052600000000,81553.78000000,81553.78000000,81400.00000000,81412.50000000,127.499
1778053500000000,81412.50000000,81461.26000000,81307.81000000,81359.82000000,204.138
1778054400000000,81359.82000000,81620.92000000,81328.68000000,81547.50000000,245.045
1778055300000000,81547.51000000,81579.95000000,81500.00000000,81570.00000000,43.3207
1778056200000000,81570.00000000,81884.42000000,81569.00000000,81700.01000000,500.353
1778057100000000,81700.01000000,81986.00000000,81621.49000000,81945.66000000,564.695
1778058000000000,81945.66000000,81966.00000000,81761.84000000,81815.20000000,243.856
1778058900000000,81815.21000000,81865.60000000,81682.70000000,81765.80000000,117.223
1778059800000000,81765.80000000,82060.00000000,81760.00000000,82014.77000000,474.629
1778060700000000,82014.78000000,82014.78000000,81767.72000000,81997.00000000,261.026
1778061600000000,81997.00000000,82131.00000000,81953.25000000,82042.78000000,254.236
1778062500000000,82042.79000000,82243.20000000,82004.95000000,82191.51000000,427.592
1778063400000000,82191.51000000,82298.20000000,82162.51000000,82250.01000000,341.824
1778064300000000,82250.00000000,82390.00000000,82137.77000000,82290.04000000,279.198
1778065200000000,82290.03000000,82484.21000000,82261.60000000,82417.55000000,223.895
1778066100000000,82417.55000000,82850.00000000,82412.15000000,82684.01000000,705.256
1778067000000000,82684.00000000,82770.40000000,82500.00000000,82501.85000000,286.933
1778067900000000,82501.85000000,82587.26000000,82482.72000000,82522.89000000,219.849
1778068800000000,82522.88000000,82539.33000000,82200.00000000,82200.47000000,248.728
1778069700000000,82200.47000000,82487.70000000,82184.21000000,82388.49000000,224.696
1778070600000000,82388.48000000,82430.80000000,82296.58000000,82347.70000000,131.311
1778071500000000,82347.71000000,82424.72000000,82164.61000000,82220.47000000,216.193
1778072400000000,82220.47000000,82220.47000000,81840.00000000,82109.73000000,417.548
1778073300000000,82109.72000000,82164.05000000,81880.00000000,81952.97000000,202.926
1778074200000000,81952.98000000,82059.89000000,81762.78000000,81912.30000000,231.851
1778075100000000,81912.29000000,81921.26000000,81600.00000000,81670.89000000,395.576
1778076000000000,81670.90000000,81695.25000000,81136.00000000,81451.76000000,713.559
1778076900000000,81451.77000000,81760.92000000,81313.71000000,81618.81000000,391.299
1778077800000000,81618.81000000,81879.97000000,81606.14000000,81879.96000000,241.278
1778078700000000,81879.96000000,81980.72000000,81493.60000000,81526.73000000,268.941
1778079600000000,81526.74000000,81615.41000000,81316.28000000,81410.00000000,305.335
1778080500000000,81409.99000000,81823.00000000,81409.99000000,81659.76000000,170.139
1778081400000000,81659.75000000,81745.59000000,81480.04000000,81626.17000000,177.571
1778082300000000,81626.17000000,81773.93000000,81626.17000000,81704.25000000,171.708
1778083200000000,81704.25000000,81897.06000000,81585.23000000,81760.27000000,164.379
1778084100000000,81760.26000000,81835.89000000,81510.79000000,81510.79000000,196.731
1778085000000000,81510.79000000,81699.50000000,81431.16000000,81685.52000000,118.066
1778085900000000,81685.52000000,81907.51000000,81577.89000000,81630.94000000,504.38
1778086800000000,81630.94000000,81709.32000000,81539.37000000,81675.86000000,104.965
1778087700000000,81675.86000000,81675.86000000,81405.00000000,81474.40000000,151.492
1778088600000000,81474.40000000,81550.00000000,81461.18000000,81544.02000000,71.266
1778089500000000,81544.01000000,81550.00000000,81394.00000000,81452.63000000,89.6694
1778090400000000,81452.63000000,81498.75000000,81271.06000000,81480.01000000,157.378
1778091300000000,81480.01000000,81559.17000000,81459.85000000,81469.33000000,107.548
1778092200000000,81469.33000000,81515.99000000,81296.00000000,81382.44000000,122.331
1778093100000000,81382.45000000,81431.15000000,81293.69000000,81353.14000000,64.5886
1778094000000000,81353.15000000,81428.00000000,81214.88000000,81249.30000000,126.963
1778094900000000,81249.30000000,81396.68000000,81200.00000000,81335.85000000,173.837
1778095800000000,81335.85000000,81480.01000000,81263.66000000,81437.49000000,106.664
1778096700000000,81437.50000000,81522.41000000,81410.78000000,81464.87000000,109.661
1778097600000000,81464.86000000,81650.01000000,81464.86000000,81638.17000000,156.479
1778098500000000,81638.18000000,81700.00000000,81560.00000000,81560.01000000,81.5759
1778099400000000,81560.00000000,81565.00000000,81302.35000000,81367.67000000,119.327
1778100300000000,81367.67000000,81430.34000000,81314.00000000,81427.52000000,79.0866
1778101200000000,81427.52000000,81500.00000000,81294.64000000,81373.58000000,96.4053
1778102100000000,81373.58000000,81449.68000000,81373.57000000,81442.11000000,46.3557
1778103000000000,81442.12000000,81618.77000000,81433.63000000,81572.16000000,95.5944
1778103900000000,81572.17000000,81616.00000000,81522.10000000,81539.16000000,72.0291
1778104800000000,81539.16000000,81540.91000000,81354.03000000,81381.72000000,70.2286
1778105700000000,81381.72000000,81387.14000000,81240.00000000,81249.99000000,77.1279
1778106600000000,81250.00000000,81333.47000000,81249.99000000,81318.92000000,33.5169
1778107500000000,81318.92000000,81398.59000000,81263.66000000,81342.39000000,48.7155
1778108400000000,81342.39000000,81342.39000000,81000.00000000,81230.01000000,305.441
1778109300000000,81230.00000000,81395.06000000,81225.00000000,81386.21000000,51.5459
1778110200000000,81386.21000000,81415.00000000,81322.53000000,81357.88000000,40.0558
1778111100000000,81357.88000000,81447.30000000,81333.48000000,81447.01000000,45.3295
1778112000000000,81447.01000000,81490.03000000,81366.49000000,81426.58000000,98.7298
1778112900000000,81426.58000000,81438.84000000,81227.27000000,81227.27000000,66.3242
1778113800000000,81227.28000000,81239.74000000,80987.00000000,81027.98000000,137.704
1778114700000000,81027.98000000,81138.47000000,80980.00000000,81016.96000000,104.771
1778115600000000,81016.96000000,81155.36000000,80830.23000000,81151.53000000,229.221
1778116500000000,81151.53000000,81222.76000000,80976.00000000,81210.01000000,141.421
1778117400000000,81210.00000000,81284.67000000,81130.69000000,81278.60000000,118.313
1778118300000000,81278.60000000,81278.60000000,81130.92000000,81167.80000000,76.4407
1778119200000000,81167.79000000,81180.74000000,80915.71000000,80933.63000000,132.92
1778120100000000,80933.64000000,80999.03000000,80883.54000000,80898.00000000,263.586
1778121000000000,80898.00000000,81045.88000000,80892.04000000,80967.90000000,255.99
1778121900000000,80967.90000000,81153.90000000,80964.55000000,81113.34000000,97.456
1778122800000000,81113.35000000,81113.35000000,81020.07000000,81020.17000000,88.1676
1778123700000000,81020.18000000,81072.03000000,80866.13000000,80971.54000000,76.8411
1778124600000000,80971.55000000,81006.00000000,80910.00000000,80980.01000000,48.6715
1778125500000000,80980.01000000,81013.43000000,80834.61000000,80834.91000000,131.615
1778126400000000,80834.92000000,80907.43000000,80725.09000000,80869.87000000,149.761
1778127300000000,80869.87000000,80978.00000000,80852.33000000,80933.34000000,99.1205
1778128200000000,80933.34000000,80978.00000000,80860.47000000,80887.12000000,71.9019
1778129100000000,80887.12000000,80989.59000000,80887.11000000,80979.19000000,67.0437
1778130000000000,80979.19000000,81172.27000000,80974.06000000,81116.85000000,151.654
1778130900000000,81116.85000000,81155.72000000,81057.99000000,81102.02000000,61.5176
1778131800000000,81102.03000000,81149.95000000,81037.61000000,81080.11000000,95.7368
1778132700000000,81080.10000000,81088.00000000,81003.42000000,81088.00000000,46.4384
1778133600000000,81088.00000000,81088.00000000,80874.41000000,80899.21000000,145.011
1778134500000000,80899.21000000,81030.13000000,80899.20000000,81030.12000000,94.7571
1778135400000000,81030.12000000,81382.28000000,81030.12000000,81369.70000000,266.978
1778136300000000,81369.70000000,81443.21000000,81298.49000000,81438.61000000,106.939
1778137200000000,81438.62000000,81665.84000000,81390.30000000,81656.75000000,194.325
1778138100000000,81656.75000000,81706.86000000,81558.00000000,81561.36000000,142.416
1778139000000000,81561.36000000,81708.32000000,81545.54000000,81588.06000000,157.05
1778139900000000,81588.05000000,81600.00000000,81469.33000000,81518.58000000,188.189
1778140800000000,81518.57000000,81590.00000000,81448.17000000,81508.85000000,172.059
1778141700000000,81508.85000000,81508.85000000,81314.37000000,81419.05000000,202.467
1778142600000000,81419.04000000,81483.36000000,81243.33000000,81256.53000000,165.627
1778143500000000,81256.53000000,81313.23000000,81194.74000000,81231.24000000,107.229
1778144400000000,81231.25000000,81231.25000000,81117.48000000,81179.07000000,81.3032
1778145300000000,81179.07000000,81213.03000000,80993.37000000,81037.93000000,167.955
1778146200000000,81037.93000000,81100.00000000,80852.33000000,80894.62000000,283.026
1778147100000000,80894.63000000,80966.54000000,80882.33000000,80929.00000000,126.758
1778148000000000,80929.00000000,80997.00000000,80815.26000000,80882.85000000,158.403
1778148900000000,80882.85000000,80939.40000000,80572.40000000,80614.46000000,273.164
1778149800000000,80614.46000000,80881.09000000,80614.45000000,80881.09000000,171.62
1778150700000000,80881.09000000,80911.19000000,80820.44000000,80850.75000000,87.3765
1778151600000000,80850.76000000,81041.15000000,80837.48000000,80948.96000000,143.915
1778152500000000,80948.96000000,80991.97000000,80866.79000000,80896.87000000,76.8484
1778153400000000,80896.88000000,81000.98000000,80896.87000000,80984.00000000,56.6658
1778154300000000,80984.00000000,80984.01000000,80786.50000000,80866.65000000,89.6797
1778155200000000,80866.65000000,81095.48000000,80846.87000000,81079.99000000,120.725
1778156100000000,81080.00000000,81104.45000000,80973.49000000,81062.00000000,112.308
1778157000000000,81061.99000000,81084.56000000,81004.46000000,81065.46000000,81.2812
1778157900000000,81065.46000000,81180.00000000,81016.85000000,81162.01000000,114.878
1778158800000000,81162.00000000,81162.01000000,80901.00000000,80931.72000000,110.382
1778159700000000,80931.73000000,81138.48000000,80867.08000000,80964.25000000,145.961
1778160600000000,80964.26000000,80965.87000000,80572.40000000,80572.40000000,282.719
1778161500000000,80572.40000000,80642.26000000,80260.98000000,80503.68000000,672.503
1778162400000000,80503.69000000,80685.70000000,80366.80000000,80666.64000000,237.925
1778163300000000,80666.63000000,80682.29000000,80398.27000000,80400.50000000,584.604
1778164200000000,80400.50000000,80433.13000000,80046.00000000,80142.01000000,467.834
1778165100000000,80142.01000000,80304.96000000,80124.64000000,80171.38000000,247.732
1778166000000000,80171.37000000,80271.42000000,80060.90000000,80158.36000000,229.521
1778166900000000,80158.35000000,80210.00000000,79699.52000000,79850.00000000,836.178
1778167800000000,79849.99000000,80054.18000000,79794.50000000,79972.02000000,320.519
1778168700000000,79972.02000000,80069.01000000,79849.87000000,79890.63000000,261.592
1778169600000000,79890.00000000,79979.33000000,79646.79000000,79837.61000000,851.874
1778170500000000,79837.61000000,80010.10000000,79710.40000000,79987.42000000,282.157
1778171400000000,79987.41000000,80020.00000000,79766.92000000,79891.01000000,179.526
1778172300000000,79891.01000000,79943.99000000,79753.25000000,79801.08000000,111.367
1778173200000000,79801.08000000,79932.00000000,79773.47000000,79891.87000000,116.618
1778174100000000,79891.87000000,79934.29000000,79500.00000000,79690.83000000,426.315
1778175000000000,79690.83000000,79915.00000000,79660.00000000,79880.01000000,188.635
1778175900000000,79880.00000000,80135.17000000,79828.27000000,80094.52000000,188.172
1778176800000000,80094.52000000,80215.23000000,80080.64000000,80159.72000000,155.662
1778177700000000,80159.72000000,80204.63000000,80126.04000000,80126.04000000,82.3756
1778178600000000,80126.05000000,80249.06000000,80078.23000000,80125.99000000,154.493
1778179500000000,80126.00000000,80269.06000000,80004.40000000,80200.59000000,134.747
1778180400000000,80200.60000000,80200.60000000,80067.09000000,80172.40000000,102.76
1778181300000000,80172.40000000,80195.90000000,79934.30000000,79972.66000000,105.464
1778182200000000,79972.67000000,80181.79000000,79972.67000000,80129.11000000,91.0723
1778183100000000,80129.12000000,80224.00000000,80006.29000000,80146.11000000,143.906
1778184000000000,80146.77000000,80371.23000000,80144.87000000,80144.88000000,166.823
1778184900000000,80144.88000000,80187.48000000,80096.58000000,80178.25000000,51.5482
1778185800000000,80178.25000000,80178.26000000,79907.01000000,79970.00000000,124.458
1778186700000000,79970.00000000,80017.87000000,79859.51000000,79879.99000000,57.685
1778187600000000,79880.00000000,79899.99000000,79660.00000000,79792.71000000,160.408
1778188500000000,79792.71000000,79919.70000000,79724.80000000,79919.70000000,67.6383
1778189400000000,79919.70000000,79934.92000000,79776.69000000,79776.69000000,99.6925
1778190300000000,79776.70000000,79855.19000000,79735.00000000,79735.01000000,74.0155
1778191200000000,79735.00000000,79849.28000000,79582.95000000,79816.93000000,193.445
1778192100000000,79816.93000000,79990.00000000,79816.93000000,79903.32000000,105.741
1778193000000000,79903.32000000,79949.38000000,79750.00000000,79839.14000000,142.408
1778193900000000,79839.15000000,79950.00000000,79832.34000000,79919.01000000,53.5524
1778194800000000,79919.00000000,80006.27000000,79890.00000000,79958.30000000,75.8825
1778195700000000,79958.29000000,79995.45000000,79871.98000000,79958.30000000,54.7707
1778196600000000,79958.30000000,80017.71000000,79919.30000000,80011.99000000,42.0881
1778197500000000,80012.00000000,80068.03000000,80005.99000000,80006.00000000,71.7304
1778198400000000,80006.00000000,80115.10000000,80006.00000000,80086.43000000,336.553
1778199300000000,80086.42000000,80142.84000000,79990.28000000,80020.63000000,263.78
1778200200000000,80020.62000000,80042.62000000,79910.60000000,79935.00000000,139.678
1778201100000000,79935.00000000,79935.00000000,79729.72000000,79831.99000000,218.048
1778202000000000,79831.98000000,79900.11000000,79702.51000000,79702.51000000,103.281
1778202900000000,79702.51000000,79784.92000000,79612.63000000,79748.87000000,129.042
1778203800000000,79748.88000000,79824.83000000,79698.37000000,79779.89000000,229.7
1778204700000000,79779.90000000,79842.38000000,79730.22000000,79740.01000000,77.3149
1778205600000000,79740.01000000,79761.61000000,79523.55000000,79620.36000000,180.058
1778206500000000,79620.36000000,79628.71000000,79316.99000000,79485.62000000,565.163
1778207400000000,79485.63000000,79669.09000000,79447.14000000,79520.00000000,186.193
1778208300000000,79520.00000000,79620.90000000,79441.45000000,79488.46000000,135.132
1778209200000000,79488.47000000,79495.59000000,79181.48000000,79469.99000000,291.221
1778210100000000,79469.99000000,79622.11000000,79469.99000000,79579.47000000,115.789
1778211000000000,79579.47000000,79646.14000000,79579.47000000,79646.13000000,60.7444
1778211900000000,79646.13000000,79666.66000000,79563.34000000,79578.85000000,62.0377
1778212800000000,79578.84000000,79727.27000000,79575.35000000,79723.66000000,81.2349
1778213700000000,79723.67000000,79748.00000000,79671.37000000,79729.75000000,91.9747
1778214600000000,79729.76000000,79736.00000000,79551.26000000,79567.34000000,89.7464
1778215500000000,79567.34000000,79674.89000000,79567.33000000,79655.23000000,54.781
1778216400000000,79655.22000000,79670.93000000,79600.00000000,79639.69000000,81.3833
1778217300000000,79639.68000000,79666.00000000,79600.00000000,79627.64000000,55.1453
1778218200000000,79627.64000000,79753.25000000,79627.64000000,79751.94000000,63.6384
1778219100000000,79751.95000000,79778.95000000,79600.00000000,79600.01000000,107.627
1778220000000000,79600.01000000,79622.87000000,79450.13000000,79603.77000000,140.6
1778220900000000,79603.78000000,79654.00000000,79542.37000000,79546.80000000,157.804
1778221800000000,79546.79000000,79591.92000000,79411.00000000,79535.00000000,212.985
1778222700000000,79535.00000000,79561.21000000,79483.05000000,79525.76000000,280.708
1778223600000000,79525.77000000,79525.77000000,79300.00000000,79318.26000000,185.321
1778224500000000,79318.27000000,79389.50000000,79248.58000000,79350.32000000,320.661
1778225400000000,79350.33000000,79599.00000000,79350.33000000,79580.84000000,263.434
1778226300000000,79580.83000000,79727.00000000,79562.79000000,79682.40000000,223.521
1778227200000000,79682.40000000,79748.58000000,79666.05000000,79724.63000000,147.284
1778228100000000,79724.63000000,79805.16000000,79702.75000000,79756.74000000,185.666
1778229000000000,79756.73000000,79899.39000000,79750.06000000,79893.69000000,177.925
1778229900000000,79893.69000000,79987.27000000,79880.99000000,79886.01000000,117.722
1778230800000000,79886.00000000,80000.00000000,79831.21000000,79980.31000000,101.713
1778231700000000,79980.31000000,80061.17000000,79900.03000000,79908.10000000,203.502
1778232600000000,79908.10000000,79934.19000000,79847.81000000,79863.71000000,88.2014
1778233500000000,79863.72000000,79894.00000000,79794.88000000,79872.72000000,88.3943
1778234400000000,79872.72000000,80020.00000000,79788.01000000,79818.83000000,118.005
1778235300000000,79818.83000000,79928.00000000,79818.83000000,79899.40000000,69.4071
1778236200000000,79899.40000000,80169.70000000,79899.40000000,80158.88000000,158.097
1778237100000000,80158.89000000,80278.92000000,80130.67000000,80212.56000000,305.299
1778238000000000,80212.55000000,80340.94000000,80182.71000000,80227.97000000,253.86
1778238900000000,80227.98000000,80319.98000000,80183.94000000,80300.00000000,95.1033
1778239800000000,80300.00000000,80327.87000000,80127.54000000,80141.08000000,83.7179
1778240700000000,80141.09000000,80280.15000000,80141.09000000,80231.22000000,154.301
1778241600000000,80231.22000000,80309.50000000,80140.98000000,80267.99000000,78.9813
1778242500000000,80268.00000000,80327.50000000,80248.95000000,80318.38000000,133.183
1778243400000000,80318.38000000,80500.00000000,80185.15000000,80225.30000000,340.813
1778244300000000,80225.30000000,80225.30000000,79966.14000000,80025.82000000,278.566
1778245200000000,80025.81000000,80095.99000000,79654.84000000,79692.86000000,303.605
1778246100000000,79692.87000000,79815.94000000,79607.93000000,79612.52000000,178.534
1778247000000000,79612.52000000,79826.88000000,79573.45000000,79595.75000000,359.526
1778247900000000,79595.76000000,79676.00000000,79549.54000000,79647.80000000,249.919
1778248800000000,79647.81000000,79990.00000000,79647.80000000,79927.33000000,209.281
1778249700000000,79927.33000000,80441.79000000,79897.40000000,80072.76000000,396.08
1778250600000000,80072.75000000,80275.84000000,79798.37000000,80222.49000000,265.679
1778251500000000,80222.50000000,80300.00000000,80084.91000000,80150.97000000,134.335
1778252400000000,80150.97000000,80200.00000000,79870.23000000,79897.49000000,163.863
1778253300000000,79897.49000000,79918.15000000,79627.26000000,79713.36000000,182.08
1778254200000000,79713.72000000,80040.78000000,79625.00000000,79966.14000000,182.431
1778255100000000,79966.15000000,80197.65000000,79958.41000000,80142.14000000,284.527
1778256000000000,80142.13000000,80182.18000000,79965.75000000,79965.76000000,232.384
1778256900000000,79965.75000000,80047.00000000,79919.05000000,79950.00000000,124.038
1778257800000000,79950.00000000,79950.01000000,79741.30000000,79790.00000000,189.378
1778258700000000,79790.01000000,79875.94000000,79766.58000000,79802.34000000,119.963
1778259600000000,79802.35000000,79955.79000000,79738.75000000,79862.00000000,117.013
1778260500000000,79861.99000000,80045.23000000,79846.77000000,80001.23000000,215.951
1778261400000000,80001.24000000,80261.87000000,80001.24000000,80125.63000000,746.488
1778262300000000,80125.62000000,80256.28000000,79971.87000000,80060.00000000,423.533
1778263200000000,80060.00000000,80253.01000000,80059.99000000,80202.42000000,134.969
1778264100000000,80202.41000000,80299.99000000,80160.80000000,80239.43000000,143.758
1778265000000000,80239.42000000,80289.21000000,80110.25000000,80157.33000000,110.123
1778265900000000,80157.33000000,80252.02000000,80070.09000000,80078.40000000,81.5231
1778266800000000,80078.39000000,80086.18000000,79954.54000000,80055.35000000,153.776
1778267700000000,80055.34000000,80137.73000000,80000.02000000,80029.93000000,78.1041
1778268600000000,80029.94000000,80128.00000000,80022.29000000,80108.00000000,56.7805
1778269500000000,80108.01000000,80181.66000000,80067.44000000,80179.94000000,120.119
1778270400000000,80180.00000000,80230.00000000,80142.00000000,80229.99000000,95.5001
1778271300000000,80230.00000000,80299.93000000,80182.39000000,80259.42000000,97.2395
1778272200000000,80259.42000000,80265.12000000,80155.70000000,80249.68000000,84.2701
1778273100000000,80249.69000000,80276.87000000,80089.76000000,80133.09000000,53.627
1778274000000000,80133.08000000,80192.47000000,80116.32000000,80148.38000000,39.7545
1778274900000000,80148.38000000,80254.78000000,80148.38000000,80200.17000000,81.368
1778275800000000,80200.18000000,80258.99000000,80170.45000000,80242.01000000,73.2346
1778276700000000,80242.00000000,80264.00000000,80174.06000000,80263.99000000,75.2649
1778277600000000,80264.00000000,80399.98000000,80238.42000000,80390.74000000,118.195
1778278500000000,80390.74000000,80409.09000000,80295.44000000,80348.96000000,91.2031
1778279400000000,80348.96000000,80369.03000000,80295.08000000,80311.98000000,39.8813
1778280300000000,80311.97000000,80342.86000000,80262.00000000,80262.00000000,68.8761
1778281200000000,80262.00000000,80299.27000000,80213.52000000,80213.52000000,108.998
1778282100000000,80213.53000000,80245.43000000,80158.32000000,80198.01000000,46.5286
1778283000000000,80198.01000000,80198.01000000,80111.02000000,80139.01000000,183.84
1778283900000000,80139.01000000,80198.00000000,80139.00000000,80193.17000000,101.729
1778284800000000,80193.18000000,80205.74000000,80133.08000000,80161.45000000,54.8832
1778285700000000,80161.44000000,80208.66000000,80129.85000000,80155.70000000,40.2937
1778286600000000,80155.71000000,80218.00000000,80155.71000000,80195.09000000,53.4241
1778287500000000,80195.10000000,80240.87000000,80191.02000000,80238.76000000,57.9354
1778288400000000,80238.75000000,80320.56000000,80217.46000000,80320.56000000,66.2596
1778289300000000,80320.56000000,80349.99000000,80252.42000000,80274.87000000,38.3524
1778290200000000,80274.87000000,80399.93000000,80274.86000000,80381.15000000,84.1365
1778291100000000,80381.15000000,80446.58000000,80327.75000000,80327.75000000,78.0649
1778292000000000,80327.75000000,80465.93000000,80327.75000000,80436.01000000,76.34
1778292900000000,80436.00000000,80458.78000000,80390.00000000,80428.65000000,41.8055
1778293800000000,80428.66000000,80477.47000000,80385.00000000,80394.57000000,59.6916
1778294700000000,80394.58000000,80437.96000000,80372.30000000,80417.87000000,53.7956
1778295600000000,80417.88000000,80477.47000000,80372.30000000,80427.99000000,178.179
1778296500000000,80428.00000000,80550.67000000,80400.27000000,80433.40000000,112.668
1778297400000000,80433.39000000,80433.40000000,80307.76000000,80347.61000000,66.3965
1778298300000000,80347.61000000,80395.85000000,80332.02000000,80383.95000000,30.8835
1778299200000000,80383.96000000,80666.66000000,80383.95000000,80572.94000000,151.514
1778300100000000,80572.93000000,80572.94000000,80442.00000000,80476.66000000,92.8669
1778301000000000,80476.66000000,80476.67000000,80400.00000000,80409.99000000,73.0104
1778301900000000,80409.99000000,80471.17000000,80373.55000000,80379.90000000,87.0454
1778302800000000,80379.90000000,80408.23000000,80343.00000000,80371.87000000,208.801
1778303700000000,80371.88000000,80466.74000000,80364.29000000,80450.06000000,84.7182
1778304600000000,80450.06000000,80480.49000000,80423.52000000,80478.67000000,36.3077
1778305500000000,80478.67000000,80478.68000000,80378.04000000,80379.49000000,30.9079
1778306400000000,80379.50000000,80428.01000000,80378.11000000,80411.73000000,52.6066
1778307300000000,80411.73000000,80411.73000000,80304.85000000,80308.30000000,56.6996
1778308200000000,80308.30000000,80365.03000000,80208.33000000,80222.14000000,84.8499
1778309100000000,80222.14000000,80281.13000000,80201.60000000,80263.92000000,76.2186
1778310000000000,80263.93000000,80263.93000000,80135.00000000,80189.99000000,89.798
1778310900000000,80190.00000000,80309.05000000,80189.99000000,80248.69000000,45.1104
1778311800000000,80248.68000000,80272.01000000,80200.00000000,80241.26000000,204.784
1778312700000000,80241.26000000,80241.26000000,80175.93000000,80228.89000000,106.25
1778313600000000,80228.88000000,80400.00000000,80220.00000000,80399.99000000,93.3242
1778314500000000,80400.00000000,80416.66000000,80378.00000000,80404.89000000,34.3364
1778315400000000,80404.88000000,80452.44000000,80393.54000000,80432.06000000,127.295
1778316300000000,80432.06000000,80432.07000000,80407.11000000,80407.12000000,42.1122
1778317200000000,80407.12000000,80415.83000000,80334.55000000,80342.35000000,44.3773
1778318100000000,80342.36000000,80342.36000000,80230.55000000,80255.29000000,57.6637
1778319000000000,80255.28000000,80278.67000000,80232.05000000,80243.28000000,64.4748
1778319900000000,80243.28000000,80248.58000000,80214.00000000,80242.53000000,44.8951
1778320800000000,80242.54000000,80254.43000000,80166.26000000,80217.68000000,69.0203
1778321700000000,80217.69000000,80250.00000000,80194.22000000,80205.70000000,96.8835
1778322600000000,80205.03000000,80346.94000000,80205.03000000,80329.99000000,46.5088
1778323500000000,80329.99000000,80330.00000000,80264.01000000,80264.02000000,22.1281
1778324400000000,80264.01000000,80332.74000000,80256.95000000,80319.87000000,110.669
1778325300000000,80319.88000000,80366.07000000,80319.87000000,80340.93000000,35.8937
1778326200000000,80340.92000000,80354.96000000,80339.18000000,80339.19000000,48.1204
1778327100000000,80339.19000000,80365.31000000,80332.00000000,80345.46000000,72.0349
1778328000000000,80345.47000000,80372.30000000,80304.06000000,80315.50000000,77.0493
1778328900000000,80315.50000000,80416.21000000,80274.03000000,80416.20000000,150.573
1778329800000000,80416.21000000,80416.21000000,80324.37000000,80350.95000000,73.7534
1778330700000000,80350.95000000,80408.00000000,80350.95000000,80397.97000000,56.0813
1778331600000000,80397.97000000,80422.00000000,80379.77000000,80421.99000000,79.4471
1778332500000000,80422.00000000,80422.00000000,80346.48000000,80346.48000000,83.1731
1778333400000000,80346.48000000,80390.00000000,80318.70000000,80341.68000000,132.935
1778334300000000,80341.69000000,80391.18000000,80340.19000000,80391.18000000,46.184
1778335200000000,80391.18000000,80426.90000000,80357.75000000,80387.76000000,49.8758
1778336100000000,80387.75000000,80390.50000000,80254.71000000,80324.11000000,129.096
1778337000000000,80324.10000000,80347.66000000,80254.86000000,80336.16000000,79.481
1778337900000000,80336.17000000,80372.30000000,80258.64000000,80332.22000000,63.793
1778338800000000,80332.23000000,80349.40000000,80234.00000000,80299.81000000,110.919
1778339700000000,80299.82000000,80411.77000000,80299.81000000,80410.99000000,56.0965
1778340600000000,80410.99000000,80600.00000000,80410.99000000,80476.82000000,184.971
1778341500000000,80476.82000000,80575.15000000,80476.82000000,80527.92000000,66.4928
1778342400000000,80527.92000000,80621.87000000,80487.40000000,80577.96000000,111.817
1778343300000000,80577.96000000,80777.00000000,80577.96000000,80655.86000000,198.947
1778344200000000,80655.85000000,80655.85000000,80593.56000000,80638.57000000,88.7852
1778345100000000,80638.57000000,80650.00000000,80596.12000000,80625.01000000,147.005
1778346000000000,80625.00000000,80817.99000000,80625.00000000,80741.34000000,135.608
1778346900000000,80741.33000000,80833.33000000,80689.43000000,80832.45000000,102.091
1778347800000000,80832.44000000,80928.56000000,80826.21000000,80826.22000000,126.159
1778348700000000,80826.22000000,80841.40000000,80735.44000000,80812.70000000,66.2807
1778349600000000,80812.69000000,80869.93000000,80787.39000000,80833.31000000,61.3901
1778350500000000,80833.31000000,81045.08000000,80812.59000000,81040.54000000,157.422
1778351400000000,81040.53000000,81080.00000000,80900.00000000,80902.01000000,85.157
1778352300000000,80902.02000000,80926.07000000,80865.75000000,80907.65000000,35.3848
1778353200000000,80907.66000000,80927.66000000,80865.75000000,80888.94000000,45.3063
1778354100000000,80888.94000000,80917.36000000,80776.99000000,80825.89000000,77.7062
1778355000000000,80825.90000000,80844.91000000,80795.60000000,80844.90000000,34.3925
1778355900000000,80844.90000000,80958.00000000,80820.00000000,80938.53000000,60.4036
1778356800000000,80938.53000000,80938.53000000,80831.50000000,80831.50000000,34.5971
1778357700000000,80831.51000000,80841.92000000,80773.48000000,80797.14000000,41.0243
1778358600000000,80797.15000000,80813.70000000,80744.98000000,80805.51000000,35.6931
1778359500000000,80805.51000000,80818.70000000,80783.45000000,80805.50000000,32.8254
1778360400000000,80805.51000000,80896.00000000,80805.51000000,80856.19000000,34.4386
1778361300000000,80856.20000000,80871.33000000,80780.00000000,80809.53000000,24.2326
1778362200000000,80809.54000000,80809.54000000,80749.81000000,80749.81000000,32.5574
1778363100000000,80749.81000000,80816.48000000,80744.98000000,80780.83000000,58.6256
1778364000000000,80780.83000000,80797.32000000,80727.72000000,80750.37000000,30.2962
1778364900000000,80750.37000000,80786.01000000,80750.36000000,80758.76000000,22.5315
1778365800000000,80758.76000000,80823.24000000,80670.01000000,80817.05000000,77.3023
1778366700000000,80817.06000000,80817.06000000,80750.66000000,80782.38000000,69.418
1778367600000000,80782.38000000,80850.00000000,80700.00000000,80732.50000000,318.917
1778368500000000,80732.50000000,80732.51000000,80660.42000000,80673.25000000,18.1702
1778369400000000,80673.26000000,80689.98000000,80621.88000000,80666.94000000,89.6726
1778370300000000,80666.94000000,80707.30000000,80662.58000000,80678.40000000,70.0073
1778371200000000,80678.41000000,80728.53000000,80610.64000000,80714.49000000,170.594
1778372100000000,80714.50000000,80770.51000000,80706.00000000,80714.00000000,54.0677
1778373000000000,80714.00000000,80770.32000000,80660.43000000,80738.12000000,68.6641
1778373900000000,80738.12000000,80741.77000000,80632.34000000,80680.04000000,52.9517
1778374800000000,80680.03000000,80680.04000000,80579.34000000,80625.03000000,136.794
1778375700000000,80625.03000000,80658.85000000,80572.77000000,80603.57000000,142.687
1778376600000000,80603.58000000,80646.13000000,80574.39000000,80630.40000000,55.7036
1778377500000000,80630.40000000,80690.73000000,80621.99000000,80685.56000000,75.4354
1778378400000000,80685.55000000,80685.56000000,80611.00000000,80628.94000000,81.1438
1778379300000000,80628.94000000,80757.52000000,80628.93000000,80740.71000000,59.4295
1778380200000000,80740.71000000,80779.79000000,80713.40000000,80758.12000000,68.9287
1778381100000000,80758.12000000,80790.00000000,80703.03000000,80777.42000000,81.0969
1778382000000000,80777.42000000,80832.72000000,80761.59000000,80784.80000000,85.1735
1778382900000000,80784.79000000,80784.80000000,80737.23000000,80744.02000000,28.0022
1778383800000000,80744.01000000,80887.15000000,80709.59000000,80805.51000000,90.7123
1778384700000000,80805.50000000,80832.32000000,80774.74000000,80775.00000000,80.8833
1778385600000000,80774.99000000,80796.71000000,80747.48000000,80782.15000000,128.392
1778386500000000,80782.16000000,80806.17000000,80755.19000000,80792.78000000,46.3214
1778387400000000,80792.78000000,80840.00000000,80769.97000000,80769.98000000,43.5076
1778388300000000,80769.98000000,80781.95000000,80722.78000000,80759.93000000,35.2305
1778389200000000,80759.93000000,80766.16000000,80724.29000000,80766.16000000,32.9486
1778390100000000,80766.15000000,80816.52000000,80749.99000000,80749.99000000,130.733
1778391000000000,80750.00000000,80810.71000000,80723.90000000,80730.00000000,116.004
1778391900000000,80729.99000000,80752.60000000,80682.00000000,80700.77000000,93.0532
1778392800000000,80700.76000000,80740.60000000,80687.89000000,80719.16000000,37.0424
1778393700000000,80719.16000000,80724.94000000,80658.97000000,80658.97000000,39.5034
1778394600000000,80658.98000000,80729.98000000,80658.97000000,80710.00000000,90.4751
1778395500000000,80710.00000000,80753.04000000,80709.99000000,80733.75000000,44.5293
1778396400000000,80733.75000000,80792.79000000,80727.18000000,80727.19000000,76.0182
1778397300000000,80727.19000000,80827.14000000,80720.10000000,80784.62000000,146.215
1778398200000000,80784.61000000,80795.01000000,80769.16000000,80795.00000000,72.5245
1778399100000000,80795.00000000,80795.00000000,80729.56000000,80736.03000000,105.917
1778400000000000,80736.03000000,80815.77000000,80715.33000000,80769.93000000,52.4717
1778400900000000,80769.92000000,80900.00000000,80750.32000000,80873.64000000,98.8424
1778401800000000,80873.63000000,80909.65000000,80805.50000000,80836.72000000,73.4992
1778402700000000,80836.72000000,80850.00000000,80820.80000000,80830.33000000,27.5548
1778403600000000,80830.34000000,80913.80000000,80830.34000000,80850.59000000,80.929
1778404500000000,80850.60000000,80864.25000000,80820.02000000,80820.02000000,50.0819
1778405400000000,80820.02000000,80831.33000000,80756.53000000,80762.35000000,43.5507
1778406300000000,80762.35000000,80807.96000000,80762.34000000,80807.96000000,62.7562
1778407200000000,80807.95000000,80843.67000000,80710.14000000,80729.50000000,91.3839
1778408100000000,80729.50000000,80813.58000000,80691.00000000,80813.57000000,79.7482
1778409000000000,80813.58000000,80833.04000000,80766.39000000,80802.15000000,58.402
1778409900000000,80802.15000000,80883.48000000,80795.78000000,80873.79000000,49.9562
1778410800000000,80873.80000000,80975.40000000,80872.87000000,80913.81000000,120.245
1778411700000000,80913.81000000,80934.00000000,80750.00000000,80792.94000000,101.614
1778412600000000,80792.93000000,80840.00000000,80792.93000000,80833.57000000,49.3893
1778413500000000,80833.58000000,80855.30000000,80808.09000000,80821.21000000,68.2844
1778414400000000,80821.21000000,80865.05000000,80784.20000000,80865.03000000,42.1625
1778415300000000,80865.04000000,80934.82000000,80852.91000000,80927.32000000,53.471
1778416200000000,80927.32000000,80933.62000000,80872.00000000,80922.42000000,78.3541
1778417100000000,80922.43000000,80950.00000000,80900.01000000,80927.72000000,61.6973
1778418000000000,80927.71000000,80945.79000000,80865.44000000,80925.30000000,57.9862
1778418900000000,80925.30000000,81000.01000000,80900.00000000,80974.30000000,74.3005
1778419800000000,80974.29000000,80995.64000000,80933.33000000,80984.70000000,77.3509
1778420700000000,80984.70000000,80984.70000000,80939.70000000,80971.67000000,44.6132
1778421600000000,80971.66000000,80992.55000000,80913.79000000,80945.00000000,139.262
1778422500000000,80945.00000000,80945.01000000,80890.76000000,80909.94000000,34.2635
1778423400000000,80909.94000000,80980.00000000,80876.01000000,80893.87000000,71.6899
1778424300000000,80893.86000000,80999.36000000,80816.22000000,80990.11000000,127.244
1778425200000000,80990.11000000,81110.00000000,80936.00000000,81044.73000000,203.193
1778426100000000,81044.73000000,81044.73000000,80954.78000000,80954.79000000,55.3391
1778427000000000,80954.78000000,81191.70000000,80952.29000000,81141.02000000,170.279
1778427900000000,81141.01000000,81442.81000000,81130.40000000,81418.01000000,351.474
1778428800000000,81418.01000000,81500.00000000,81361.43000000,81477.80000000,275.47
1778429700000000,81477.80000000,81483.36000000,81258.60000000,81260.09000000,163.132
1778430600000000,81260.10000000,81319.24000000,81200.00000000,81247.62000000,88.5933
1778431500000000,81247.62000000,81378.25000000,81222.38000000,81378.25000000,68.0316
1778432400000000,81378.25000000,81435.27000000,81220.00000000,81340.62000000,117.018
1778433300000000,81340.62000000,81438.46000000,81288.69000000,81390.40000000,161.552
1778434200000000,81390.40000000,81409.19000000,81291.00000000,81381.31000000,92.3974
1778435100000000,81381.30000000,81583.11000000,81348.00000000,81476.18000000,228.777
1778436000000000,81476.18000000,81493.11000000,81396.00000000,81451.97000000,59.6718
1778436900000000,81451.98000000,81451.98000000,81333.33000000,81355.26000000,95.3308
1778437800000000,81355.27000000,81412.87000000,81250.80000000,81259.58000000,69.2395
1778438700000000,81259.58000000,81293.99000000,81231.14000000,81271.96000000,44.6659
1778439600000000,81271.96000000,81383.29000000,81148.00000000,81360.01000000,95.3325
1778440500000000,81360.00000000,81481.37000000,81353.53000000,81481.36000000,127.133
1778441400000000,81481.36000000,81481.92000000,81391.51000000,81430.25000000,57.4466
1778442300000000,81430.25000000,81439.62000000,81333.05000000,81437.83000000,54.4355
1778443200000000,81437.83000000,81459.66000000,81167.49000000,81191.73000000,79.8087
1778444100000000,81191.73000000,81221.35000000,81055.38000000,81151.86000000,150.089
1778445000000000,81151.87000000,81151.87000000,80799.96000000,80800.00000000,243.607
1778445900000000,80800.00000000,80800.00000000,80279.77000000,80734.88000000,548.236
1778446800000000,80734.88000000,80944.44000000,80571.97000000,80659.28000000,218.64
1778447700000000,80659.27000000,80888.00000000,80658.05000000,80839.99000000,218.533
1778448600000000,80840.00000000,80938.80000000,80775.97000000,80840.00000000,166.565
1778449500000000,80840.00000000,80917.99000000,80714.28000000,80720.47000000,87.9939
1778450400000000,80720.47000000,81432.79000000,80666.66000000,81317.02000000,452.183
1778451300000000,81317.02000000,81718.00000000,81213.52000000,81503.71000000,427.373
1778452200000000,81503.71000000,82109.03000000,81467.09000000,81887.88000000,551.744
1778453100000000,81887.88000000,82171.96000000,81828.42000000,82044.49000000,373.564
1778454000000000,82044.49000000,82430.00000000,82044.49000000,82400.00000000,606.764
1778454900000000,82400.00000000,82479.32000000,82201.16000000,82231.49000000,303.565
1778455800000000,82231.49000000,82414.76000000,82201.81000000,82387.86000000,255.833
1778456700000000,82387.86000000,82409.54000000,82080.00000000,82210.07000000,229.521
1778457600000000,82210.07000000,82380.00000000,81877.72000000,81877.72000000,396.726
1778458500000000,81877.73000000,81877.73000000,81414.66000000,81679.99000000,458.409
1778459400000000,81680.00000000,81840.08000000,81488.17000000,81596.31000000,249.729
1778460300000000,81596.32000000,81648.00000000,81280.00000000,81471.13000000,189.137
1778461200000000,81471.13000000,81591.99000000,81291.23000000,81502.96000000,168.581
1778462100000000,81502.95000000,81744.85000000,81466.20000000,81626.88000000,163.11
1778463000000000,81626.88000000,81676.85000000,81456.92000000,81493.77000000,86.0346
1778463900000000,81493.77000000,81593.86000000,81400.00000000,81501.72000000,78.1979
1778464800000000,81501.73000000,81572.40000000,81362.14000000,81406.17000000,105.96
1778465700000000,81406.17000000,81406.17000000,81141.81000000,81241.58000000,174.374
1778466600000000,81241.58000000,81277.09000000,81117.64000000,81208.02000000,149.634
1778467500000000,81208.03000000,81263.60000000,81166.16000000,81169.08000000,62.002
1778468400000000,81169.09000000,81188.97000000,80610.00000000,80615.01000000,251.272
1778469300000000,80615.01000000,80719.52000000,80567.51000000,80603.05000000,314.346
1778470200000000,80603.05000000,80732.15000000,80525.00000000,80722.19000000,163.547
1778471100000000,80722.19000000,80766.08000000,80684.02000000,80736.01000000,128.791
1778472000000000,80736.00000000,80766.15000000,80639.99000000,80640.00000000,195.468
1778472900000000,80640.00000000,80789.99000000,80639.99000000,80752.81000000,62.3518
1778473800000000,80752.80000000,80822.08000000,80708.71000000,80822.08000000,61.663
1778474700000000,80822.07000000,80879.12000000,80729.63000000,80824.61000000,58.9885
1778475600000000,80824.61000000,80890.90000000,80810.31000000,80840.73000000,51.9936
1778476500000000,80840.72000000,80965.09000000,80840.72000000,80963.61000000,40.9052
1778477400000000,80963.61000000,80981.80000000,80794.08000000,80794.09000000,76.6783
1778478300000000,80794.08000000,80860.62000000,80761.73000000,80832.33000000,254.112
1778479200000000,80832.34000000,80985.60000000,80797.01000000,80913.46000000,60.3963
1778480100000000,80913.46000000,81049.51000000,80830.84000000,80988.00000000,58.8551
1778481000000000,80987.99000000,81016.78000000,80803.12000000,80820.37000000,70.5444
1778481900000000,80820.37000000,80873.68000000,80762.00000000,80822.86000000,106.209
1778482800000000,80822.86000000,80823.00000000,80700.00000000,80759.99000000,140.59
1778483700000000,80759.99000000,80840.30000000,80700.00000000,80737.90000000,79.4069
1778484600000000,80737.89000000,80767.58000000,80663.11000000,80728.97000000,147.393
1778485500000000,80728.97000000,80800.00000000,80716.78000000,80740.40000000,129.548
1778486400000000,80740.40000000,80785.96000000,80646.56000000,80750.23000000,88.8258
1778487300000000,80750.23000000,80800.01000000,80646.83000000,80646.84000000,114.236
1778488200000000,80646.83000000,80846.62000000,80621.87000000,80836.34000000,163.809
1778489100000000,80836.33000000,80863.42000000,80732.83000000,80767.97000000,97.0501
1778490000000000,80767.97000000,80925.36000000,80758.30000000,80925.35000000,55.6748
1778490900000000,80925.36000000,80950.00000000,80900.00000000,80918.98000000,48.2572
1778491800000000,80918.98000000,80947.93000000,80853.39000000,80924.39000000,134.948
1778492700000000,80924.40000000,80997.63000000,80899.67000000,80966.57000000,91.9572
1778493600000000,80966.58000000,81095.48000000,80957.37000000,81031.30000000,109.64
1778494500000000,81031.29000000,81198.88000000,81020.00000000,81180.01000000,122.503
1778495400000000,81180.00000000,81200.00000000,81000.00000000,81069.36000000,160.873
1778496300000000,81069.36000000,81095.54000000,80940.00000000,80940.00000000,95.2475
1778497200000000,80940.00000000,81023.94000000,80900.00000000,80961.43000000,112.971
1778498100000000,80961.42000000,81158.66000000,80961.42000000,81100.33000000,65.8876
1778499000000000,81100.33000000,81175.61000000,81100.33000000,81144.52000000,61.7883
1778499900000000,81144.53000000,81196.95000000,81100.00000000,81196.94000000,115.724
1778500800000000,81196.95000000,81246.08000000,81069.46000000,81095.25000000,177.577
1778501700000000,81095.25000000,81336.00000000,81072.68000000,81302.23000000,149.339
1778502600000000,81302.24000000,81356.46000000,81150.66000000,81163.24000000,77.039
1778503500000000,81163.25000000,81225.51000000,81029.77000000,81054.65000000,81.9407
1778504400000000,81054.65000000,81295.83000000,81054.64000000,81285.13000000,98.3342
1778505300000000,81285.12000000,81332.29000000,81143.62000000,81151.64000000,86.496
1778506200000000,81151.65000000,81250.00000000,80739.63000000,81079.06000000,467.238
1778507100000000,81079.07000000,81119.96000000,80934.88000000,81072.00000000,115.329
1778508000000000,81072.01000000,81252.72000000,81072.00000000,81137.39000000,111.378
1778508900000000,81137.39000000,81173.32000000,80750.00000000,80750.01000000,93.9496
1778509800000000,80750.01000000,80900.00000000,80462.97000000,80804.35000000,401.559
1778510700000000,80804.35000000,80970.28000000,80721.35000000,80953.38000000,160.754
1778511600000000,80953.39000000,81090.80000000,80826.02000000,81011.28000000,125.951
1778512500000000,81011.29000000,81423.55000000,80942.18000000,81343.39000000,224.89
1778513400000000,81343.38000000,81436.08000000,81217.17000000,81232.68000000,176.075
1778514300000000,81232.67000000,81458.00000000,81212.01000000,81445.90000000,120.384
1778515200000000,81445.89000000,81786.73000000,81344.72000000,81786.73000000,343.634
1778516100000000,81786.72000000,81869.55000000,81680.00000000,81779.55000000,365.365
1778517000000000,81779.55000000,81910.35000000,81558.00000000,81579.64000000,303.958
1778517900000000,81579.65000000,81758.24000000,81572.02000000,81575.85000000,100.511
1778518800000000,81575.84000000,81630.18000000,81369.42000000,81519.99000000,111.573
1778519700000000,81520.00000000,81670.78000000,81516.09000000,81637.93000000,67.2662
1778520600000000,81637.93000000,82024.41000000,81596.31000000,81978.00000000,202.852
1778521500000000,81978.01000000,82071.77000000,81903.94000000,81941.09000000,183.598
1778522400000000,81941.09000000,82100.00000000,81911.32000000,81964.85000000,186.576
1778523300000000,81964.86000000,82059.99000000,81843.58000000,82042.69000000,121.369
1778524200000000,82042.69000000,82137.26000000,81944.79000000,81951.45000000,122.201
1778525100000000,81951.45000000,82094.55000000,81836.15000000,81858.96000000,105.953
1778526000000000,81858.97000000,81976.38000000,81739.09000000,81917.86000000,94.2915
1778526900000000,81917.86000000,82081.37000000,81826.53000000,81902.53000000,153.719
1778527800000000,81902.53000000,82091.11000000,81848.03000000,82006.48000000,117.793
1778528700000000,82006.48000000,82026.91000000,81926.11000000,81961.99000000,92.806
1778529600000000,81961.99000000,82078.91000000,81858.56000000,81915.27000000,189.395
1778530500000000,81915.27000000,81969.18000000,81859.02000000,81903.95000000,45.2999
1778531400000000,81903.95000000,81921.20000000,81758.50000000,81821.41000000,47.5812
1778532300000000,81821.41000000,81932.18000000,81803.31000000,81821.02000000,40.125
1778533200000000,81821.03000000,81880.00000000,81683.13000000,81731.13000000,71.5485
1778534100000000,81731.14000000,81758.45000000,81638.27000000,81639.26000000,51.1734
1778535000000000,81639.25000000,81770.00000000,81600.00000000,81740.12000000,71.528
1778535900000000,81740.13000000,81906.35000000,81666.35000000,81821.18000000,74.5797
1778536800000000,81821.18000000,81969.99000000,81805.01000000,81847.36000000,116.418
1778537700000000,81847.36000000,81927.30000000,81729.99000000,81730.00000000,79.2433
1778538600000000,81729.99000000,81805.00000000,81729.99000000,81788.21000000,119.019
1778539500000000,81788.22000000,81924.63000000,81755.66000000,81833.92000000,51.7537
1778540400000000,81833.92000000,81833.92000000,81687.95000000,81728.31000000,105.114
1778541300000000,81728.30000000,81734.38000000,81596.31000000,81625.16000000,87.2073
1778542200000000,81625.16000000,81822.17000000,81615.69000000,81785.04000000,45.9041
1778543100000000,81785.03000000,81788.01000000,81742.08000000,81745.65000000,39.8243
1778544000000000,81745.66000000,81788.00000000,81617.03000000,81618.00000000,85.7828
1778544900000000,81617.84000000,81676.66000000,81498.59000000,81566.11000000,152.071
1778545800000000,81566.11000000,81655.90000000,81478.75000000,81494.33000000,103.718
1778546700000000,81494.33000000,81585.00000000,81494.32000000,81545.20000000,78.0942
1778547600000000,81545.20000000,81615.67000000,81388.00000000,81397.07000000,70.9388
1778548500000000,81397.08000000,81471.60000000,81258.82000000,81372.30000000,105.08
1778549400000000,81372.30000000,81372.30000000,80714.28000000,81068.31000000,518.65
1778550300000000,81068.31000000,81316.32000000,81016.94000000,81199.18000000,171.337
1778551200000000,81199.18000000,81332.29000000,81159.40000000,81316.02000000,64.2212
1778552100000000,81316.03000000,81316.03000000,81087.63000000,81267.13000000,56.0897
1778553000000000,81267.14000000,81270.76000000,81103.23000000,81129.66000000,119.428
1778553900000000,81129.65000000,81280.00000000,81129.65000000,81249.93000000,147.038
1778554800000000,81249.93000000,81294.42000000,81186.14000000,81217.48000000,35.6154
1778555700000000,81217.48000000,81234.49000000,81148.54000000,81171.31000000,46.9925
1778556600000000,81171.32000000,81225.92000000,81161.97000000,81201.36000000,41.8989
1778557500000000,81201.36000000,81201.36000000,81024.41000000,81058.80000000,63.3664
1778558400000000,81058.79000000,81077.08000000,81003.10000000,81003.11000000,71.564
1778559300000000,81003.10000000,81227.01000000,81000.00000000,81211.96000000,147.178
1778560200000000,81211.95000000,81285.87000000,81202.11000000,81251.78000000,91.6728
1778561100000000,81251.78000000,81303.99000000,81215.37000000,81240.01000000,87.8674
1778562000000000,81240.01000000,81283.80000000,81203.81000000,81233.51000000,84.8203
1778562900000000,81233.51000000,81293.86000000,81224.72000000,81292.62000000,89.6462
1778563800000000,81292.62000000,81305.24000000,81181.56000000,81252.49000000,76.0606
1778564700000000,81252.48000000,81279.40000000,81220.00000000,81224.03000000,79.4115
1778565600000000,81224.04000000,81267.40000000,81181.80000000,81255.85000000,78.133
1778566500000000,81255.85000000,81300.00000000,81217.28000000,81217.29000000,110.56
1778567400000000,81217.29000000,81221.55000000,81066.87000000,81097.67000000,123.361
1778568300000000,81097.68000000,81133.59000000,81010.01000000,81022.44000000,136.309
1778569200000000,81022.44000000,81100.00000000,80880.00000000,81076.28000000,110.921
1778570100000000,81076.29000000,81137.27000000,80900.00000000,81020.25000000,119.058
1778571000000000,81020.25000000,81094.00000000,80948.34000000,80948.35000000,121.81
1778571900000000,80948.34000000,80975.34000000,80800.77000000,80865.40000000,251.53
1778572800000000,80865.40000000,80932.14000000,80798.03000000,80824.65000000,166.533
1778573700000000,80824.65000000,80938.26000000,80760.53000000,80871.65000000,132.432
1778574600000000,80871.66000000,80960.00000000,80845.75000000,80952.80000000,94.6737
1778575500000000,80952.81000000,80964.13000000,80839.87000000,80843.31000000,84.9747
1778576400000000,80843.30000000,80897.00000000,80758.87000000,80765.16000000,142.953
1778577300000000,80765.16000000,80797.83000000,80720.00000000,80737.81000000,97.0127
1778578200000000,80737.81000000,80963.35000000,80737.80000000,80925.25000000,191.857
1778579100000000,80925.18000000,80952.36000000,80808.48000000,80837.15000000,74.8933
1778580000000000,80837.15000000,80848.27000000,80778.00000000,80804.00000000,112.113
1778580900000000,80804.00000000,80835.86000000,80680.60000000,80724.15000000,109.647
1778581800000000,80724.15000000,80751.72000000,80634.00000000,80684.99000000,130.07
1778582700000000,80685.00000000,80700.00000000,80601.27000000,80666.37000000,135.884
1778583600000000,80666.38000000,80695.41000000,80535.87000000,80583.88000000,143.538
1778584500000000,80583.87000000,80651.47000000,80496.57000000,80635.79000000,161.344
1778585400000000,80635.79000000,80733.13000000,80635.78000000,80732.75000000,88.8415
1778586300000000,80732.75000000,80785.38000000,80710.00000000,80784.87000000,106.298
1778587200000000,80784.86000000,80840.00000000,80700.00000000,80832.26000000,120.295
1778588100000000,80832.25000000,80857.56000000,80744.69000000,80820.38000000,105.046
1778589000000000,80820.38000000,80999.00000000,80619.19000000,80860.00000000,257.101
1778589900000000,80860.01000000,80980.00000000,80853.27000000,80881.26000000,103.437
1778590800000000,80881.25000000,80928.26000000,80800.00000000,80800.00000000,123.302
1778591700000000,80800.00000000,80810.36000000,80632.35000000,80661.67000000,108.253
1778592600000000,80661.66000000,80824.24000000,80588.23000000,80771.23000000,163.551
1778593500000000,80771.24000000,80878.07000000,80397.07000000,80466.91000000,400.841
1778594400000000,80466.91000000,80725.19000000,80397.88000000,80707.23000000,271.476
1778595300000000,80707.23000000,80846.17000000,80560.00000000,80648.61000000,130.587
1778596200000000,80648.61000000,80888.01000000,80413.41000000,80795.12000000,282.497
1778597100000000,80795.12000000,80795.13000000,80468.69000000,80540.00000000,181.031
1778598000000000,80540.00000000,80676.78000000,80426.25000000,80617.15000000,199.393
1778598900000000,80617.15000000,80617.15000000,80188.65000000,80222.00000000,382.898
1778599800000000,80222.00000000,80480.00000000,80222.00000000,80376.00000000,229.79
1778600700000000,80375.99000000,80452.67000000,80284.34000000,80336.01000000,146.239
1778601600000000,80336.01000000,80435.99000000,80204.69000000,80385.98000000,219.886
1778602500000000,80385.97000000,80410.05000000,80158.32000000,80290.00000000,683.595
1778603400000000,80290.01000000,80340.00000000,80216.00000000,80250.82000000,87.3608
1778604300000000,80250.83000000,80280.00000000,79843.59000000,80000.01000000,482.614
1778605200000000,80000.01000000,80211.41000000,79951.05000000,80208.37000000,162.576
1778606100000000,80208.37000000,80446.17000000,80208.36000000,80426.27000000,148.213
1778607000000000,80426.27000000,80515.62000000,80415.07000000,80515.61000000,68.9769
1778607900000000,80515.62000000,80593.06000000,80466.00000000,80527.69000000,106.877
1778608800000000,80527.69000000,80552.00000000,80430.00000000,80545.00000000,75.3275
1778609700000000,80544.99000000,80572.96000000,80472.95000000,80500.00000000,138.469
1778610600000000,80500.00000000,80688.28000000,80499.99000000,80667.54000000,83.1026
1778611500000000,80667.53000000,80763.81000000,80620.00000000,80679.12000000,70.4586
1778612400000000,80679.11000000,80836.85000000,80679.11000000,80815.27000000,83.6456
1778613300000000,80815.27000000,80836.85000000,80716.14000000,80716.15000000,91.2465
1778614200000000,80716.14000000,80812.74000000,80716.14000000,80751.70000000,87.4545
1778615100000000,80751.70000000,80874.42000000,80751.70000000,80834.64000000,83.875
1778616000000000,80835.30000000,80896.25000000,80738.00000000,80766.59000000,178.002
1778616900000000,80766.58000000,80818.96000000,80748.77000000,80809.99000000,29.8468
1778617800000000,80809.99000000,80810.00000000,80644.27000000,80700.00000000,52.8213
1778618700000000,80699.99000000,80713.24000000,80642.85000000,80696.87000000,31.8295
1778619600000000,80696.87000000,80738.00000000,80674.34000000,80699.99000000,39.3359
1778620500000000,80699.99000000,80728.97000000,80630.00000000,80655.81000000,41.3601
1778621400000000,80655.81000000,80655.82000000,80544.33000000,80583.65000000,62.523
1778622300000000,80583.65000000,80600.00000000,80497.00000000,80587.44000000,59.3195
1778623200000000,80587.45000000,80791.94000000,80587.45000000,80628.00000000,71.9648
1778624100000000,80628.01000000,80699.56000000,80616.96000000,80657.97000000,24.3237
1778625000000000,80657.97000000,80719.54000000,80625.14000000,80659.99000000,36.9333
1778625900000000,80660.00000000,80719.54000000,80640.00000000,80656.43000000,17.8873
1778626800000000,80656.44000000,80714.00000000,80573.70000000,80608.50000000,61.0901
1778627700000000,80608.51000000,80669.94000000,80601.90000000,80657.89000000,29.7147
1778628600000000,80657.90000000,80664.28000000,80488.16000000,80515.24000000,83.5269
1778629500000000,80515.25000000,80535.42000000,80439.91000000,80504.47000000,73.0755
1778630400000000,80504.47000000,80533.60000000,80412.15000000,80460.00000000,65.5454
1778631300000000,80460.00000000,80749.17000000,80457.97000000,80654.44000000,73.3496
1778632200000000,80654.44000000,80768.95000000,80634.00000000,80740.10000000,62.0305
1778633100000000,80740.10000000,80740.10000000,80612.91000000,80718.00000000,29.889
1778634000000000,80718.00000000,80994.44000000,80683.12000000,80954.89000000,105.404
1778634900000000,80954.89000000,81113.01000000,80868.64000000,81064.57000000,190.791
1778635800000000,81064.57000000,81154.62000000,81035.51000000,81110.78000000,226.323
1778636700000000,81110.78000000,81195.69000000,80984.61000000,81006.00000000,111.244
1778637600000000,81005.99000000,81080.00000000,80934.69000000,81063.46000000,104.833
1778638500000000,81063.46000000,81281.66000000,81031.98000000,81120.86000000,121.863
1778639400000000,81120.86000000,81136.80000000,81015.28000000,81060.00000000,57.616
1778640300000000,81060.00000000,81086.45000000,81020.17000000,81050.00000000,49.6248
1778641200000000,81050.00000000,81091.06000000,80990.35000000,81012.69000000,44.9926
1778642100000000,81012.69000000,81097.11000000,80976.27000000,81093.61000000,111.261
1778643000000000,81093.60000000,81200.00000000,81052.55000000,81199.99000000,133.543
1778643900000000,81199.99000000,81299.99000000,81180.01000000,81249.99000000,87.6085
1778644800000000,81249.99000000,81262.62000000,81147.40000000,81166.91000000,52.1344
1778645700000000,81166.91000000,81216.24000000,81124.87000000,81209.99000000,57.6973
1778646600000000,81210.00000000,81281.07000000,81180.02000000,81196.83000000,80.9788
1778647500000000,81196.82000000,81250.24000000,81180.00000000,81231.96000000,62.8928
1778648400000000,81231.96000000,81247.22000000,81167.74000000,81167.75000000,69.6083
1778649300000000,81167.74000000,81167.74000000,81100.00000000,81124.80000000,56.028
1778650200000000,81124.80000000,81137.95000000,81022.92000000,81026.54000000,56.953
1778651100000000,81026.55000000,81086.73000000,80999.99000000,81019.99000000,84.2811
1778652000000000,81020.00000000,81100.00000000,80999.00000000,81099.99000000,64.1748
1778652900000000,81099.99000000,81160.36000000,81040.00000000,81112.07000000,135.929
1778653800000000,81112.07000000,81120.70000000,81020.67000000,81057.59000000,263.595
1778654700000000,81057.58000000,81058.92000000,80972.94000000,80980.05000000,35.4666
1778655600000000,80980.06000000,81021.48000000,80980.05000000,81016.00000000,48.0049
1778656500000000,81016.00000000,81049.01000000,80902.37000000,80920.00000000,91.0079
1778657400000000,80920.01000000,80980.00000000,80889.12000000,80960.05000000,162.928
1778658300000000,80960.04000000,81033.82000000,80937.53000000,81026.92000000,174.084
1778659200000000,81026.92000000,81068.78000000,80972.57000000,81014.37000000,56.6671
1778660100000000,81014.37000000,81120.00000000,81014.37000000,81042.60000000,102.186
1778661000000000,81042.60000000,81180.00000000,80943.63000000,81156.19000000,114.591
1778661900000000,81156.19000000,81200.00000000,81132.56000000,81196.57000000,99.4801
1778662800000000,81196.57000000,81324.64000000,81171.49000000,81234.16000000,162.966
1778663700000000,81234.17000000,81243.98000000,81137.77000000,81170.00000000,84.9454
1778664600000000,81170.00000000,81300.00000000,81170.00000000,81240.01000000,78.5106
1778665500000000,81240.00000000,81293.43000000,81227.24000000,81291.38000000,109.08
1778666400000000,81291.37000000,81298.50000000,81095.05000000,81106.95000000,112.236
1778667300000000,81106.95000000,81152.00000000,80974.00000000,80974.02000000,74.4477
1778668200000000,80974.02000000,81034.75000000,80825.80000000,80854.56000000,88.3174
1778669100000000,80854.55000000,80880.53000000,80809.01000000,80809.01000000,89.762
1778670000000000,80809.01000000,80843.87000000,80572.68000000,80573.06000000,265.758
1778670900000000,80573.07000000,80683.19000000,80544.32000000,80570.80000000,118.833
1778671800000000,80570.80000000,80678.65000000,80560.92000000,80674.03000000,126.452
1778672700000000,80674.02000000,80696.00000000,80494.98000000,80501.22000000,157.05
1778673600000000,80501.22000000,80592.65000000,80454.74000000,80537.05000000,161.622
1778674500000000,80537.05000000,80557.71000000,80177.00000000,80349.31000000,254.848
1778675400000000,80349.31000000,80359.35000000,79852.00000000,80163.53000000,606.288
1778676300000000,80163.53000000,80280.00000000,80140.69000000,80202.78000000,171.61
1778677200000000,80202.78000000,80345.45000000,80199.00000000,80301.00000000,142.069
1778678100000000,80301.01000000,80337.01000000,80144.34000000,80149.74000000,133.418
1778679000000000,80149.73000000,80210.00000000,79780.00000000,79850.00000000,414.033
1778679900000000,79850.00000000,79850.00000000,79576.47000000,79656.01000000,515.758
1778680800000000,79656.01000000,79785.99000000,79481.56000000,79714.97000000,434.43
1778681700000000,79714.98000000,79898.00000000,79673.29000000,79852.73000000,204.905
1778682600000000,79852.73000000,79862.91000000,79706.99000000,79707.00000000,179.173
1778683500000000,79707.00000000,79817.64000000,79650.40000000,79756.01000000,123.878
1778684400000000,79756.02000000,79856.08000000,79414.00000000,79436.11000000,291.679
1778685300000000,79436.11000000,79478.98000000,79252.50000000,79283.08000000,340.365
1778686200000000,79283.09000000,79348.20000000,79228.35000000,79251.39000000,323.736
1778687100000000,79251.39000000,79261.10000000,78807.22000000,78827.21000000,775.651
1778688000000000,78827.21000000,79020.92000000,78754.65000000,78922.12000000,920.443
1778688900000000,78922.11000000,79060.06000000,78856.86000000,79058.15000000,177.278
1778689800000000,79058.15000000,79169.70000000,79043.05000000,79142.75000000,242.085
1778690700000000,79142.75000000,79222.22000000,79078.70000000,79108.39000000,182.308
1778691600000000,79108.39000000,79238.60000000,79108.39000000,79233.00000000,149.401
1778692500000000,79232.99000000,79378.54000000,79100.00000000,79331.97000000,207.411
1778693400000000,79331.96000000,79433.01000000,79324.29000000,79430.61000000,103.017
1778694300000000,79430.61000000,79556.36000000,79391.70000000,79514.97000000,151.577
1778695200000000,79514.97000000,79615.01000000,79514.97000000,79606.30000000,107.231
1778696100000000,79606.30000000,79800.00000000,79555.87000000,79767.98000000,358.779
1778697000000000,79767.97000000,79800.00000000,79647.29000000,79647.29000000,154.958
1778697900000000,79647.29000000,79676.68000000,79558.28000000,79598.15000000,126.618
1778698800000000,79598.15000000,79615.70000000,79472.92000000,79514.68000000,109.666
1778699700000000,79514.68000000,79544.19000000,79400.00000000,79495.94000000,153.417
1778700600000000,79495.93000000,79603.95000000,79456.45000000,79514.87000000,84.6449
1778701500000000,79514.87000000,79646.29000000,79487.60000000,79642.41000000,115.767
1778702400000000,79642.41000000,79754.67000000,79626.96000000,79645.13000000,59.6589
1778703300000000,79645.13000000,79726.87000000,79622.70000000,79622.70000000,49.6895
1778704200000000,79622.70000000,79744.21000000,79622.70000000,79719.97000000,75.3839
1778705100000000,79719.97000000,79760.00000000,79675.70000000,79698.95000000,40.4905
1778706000000000,79698.95000000,79705.73000000,79340.39000000,79449.20000000,196.857
1778706900000000,79449.19000000,79449.19000000,79385.39000000,79418.65000000,95.7144
1778707800000000,79418.65000000,79508.07000000,79418.64000000,79479.67000000,53.3166
1778708700000000,79479.67000000,79527.42000000,79381.12000000,79398.54000000,72.1123
1778709600000000,79398.54000000,79451.46000000,79228.00000000,79409.43000000,110.39
1778710500000000,79409.43000000,79409.43000000,79275.46000000,79317.55000000,68.6543
1778711400000000,79317.56000000,79406.00000000,79241.11000000,79406.00000000,81.473
1778712300000000,79406.00000000,79470.00000000,79400.28000000,79428.46000000,77.7697
1778713200000000,79428.46000000,79499.01000000,79350.79000000,79377.39000000,169.561
1778714100000000,79377.40000000,79436.72000000,79290.63000000,79349.02000000,128.283
1778715000000000,79349.01000000,79376.45000000,79252.09000000,79308.69000000,137.146
1778715900000000,79308.68000000,79316.00000000,79233.83000000,79313.61000000,62.5283
1778716800000000,79313.61000000,79525.75000000,79308.00000000,79525.75000000,178.554
1778717700000000,79525.75000000,79589.99000000,79442.00000000,79462.00000000,85.428
1778718600000000,79462.00000000,79647.82000000,79462.00000000,79647.81000000,115.343
1778719500000000,79647.81000000,79681.73000000,79552.94000000,79580.00000000,64.342
1778720400000000,79580.00000000,79681.73000000,79547.44000000,79620.69000000,91.7918
1778721300000000,79620.70000000,79640.00000000,79504.54000000,79540.21000000,91.9638
1778722200000000,79540.21000000,79591.42000000,79409.42000000,79485.99000000,74.7472
1778723100000000,79486.00000000,79667.91000000,79441.44000000,79604.60000000,110.983
1778724000000000,79604.61000000,79676.11000000,79580.99000000,79580.99000000,112.01
1778724900000000,79581.00000000,79658.00000000,79562.00000000,79657.99000000,105.072
1778725800000000,79657.99000000,79670.01000000,79550.00000000,79590.11000000,347.457
1778726700000000,79590.11000000,79594.04000000,79222.22000000,79370.24000000,119.5
1778727600000000,79370.24000000,79460.00000000,79144.45000000,79274.15000000,161.262
1778728500000000,79274.14000000,79359.99000000,79001.16000000,79316.00000000,228.983
1778729400000000,79316.01000000,79400.00000000,79171.16000000,79205.28000000,134.572
1778730300000000,79205.27000000,79205.28000000,78922.00000000,79044.85000000,187.544
1778731200000000,79044.86000000,79262.78000000,78982.06000000,79259.71000000,141.096
1778732100000000,79259.70000000,79366.40000000,79246.33000000,79317.66000000,98.5364
1778733000000000,79317.65000000,79385.08000000,79305.90000000,79385.08000000,67.8906
1778733900000000,79385.08000000,79474.41000000,79320.14000000,79451.63000000,129.831
1778734800000000,79451.62000000,79479.40000000,79395.80000000,79403.00000000,157.94
1778735700000000,79403.00000000,79612.09000000,79359.49000000,79596.69000000,214.099
1778736600000000,79596.68000000,79767.92000000,79596.68000000,79710.03000000,225.908
1778737500000000,79710.03000000,79998.00000000,79710.03000000,79809.16000000,252.22
1778738400000000,79809.15000000,79953.35000000,79809.15000000,79918.26000000,109.525
1778739300000000,79918.25000000,79924.50000000,79823.48000000,79823.48000000,50.8
1778740200000000,79823.48000000,79890.00000000,79769.12000000,79880.88000000,90.8664
1778741100000000,79880.89000000,79885.62000000,79804.71000000,79804.71000000,49.9422
1778742000000000,79804.72000000,79868.70000000,79725.25000000,79745.14000000,89.7011
1778742900000000,79745.15000000,79856.09000000,79702.05000000,79796.01000000,98.5688
1778743800000000,79796.00000000,79937.59000000,79796.00000000,79913.15000000,153.13
1778744700000000,79913.16000000,79913.16000000,79740.01000000,79745.98000000,138.925
1778745600000000,79745.99000000,79884.55000000,79644.44000000,79837.12000000,145.528
1778746500000000,79837.12000000,79864.71000000,79719.96000000,79784.25000000,151.783
1778747400000000,79784.25000000,79936.98000000,79776.26000000,79898.00000000,224.008
1778748300000000,79898.01000000,79898.78000000,79788.03000000,79821.56000000,131.451
1778749200000000,79821.55000000,79905.99000000,79811.27000000,79832.11000000,102.347
1778750100000000,79832.11000000,79844.55000000,79724.42000000,79735.51000000,91.6034
1778751000000000,79735.51000000,79738.46000000,79587.98000000,79664.06000000,144.027
1778751900000000,79664.05000000,79664.58000000,79569.81000000,79635.52000000,107.777
1778752800000000,79635.53000000,79737.23000000,79564.00000000,79618.85000000,138.991
1778753700000000,79618.85000000,79756.98000000,79618.85000000,79686.96000000,64.9693
1778754600000000,79686.96000000,79686.97000000,79409.42000000,79453.86000000,115.762
1778755500000000,79453.85000000,79626.45000000,79453.85000000,79570.01000000,65.2374
1778756400000000,79570.01000000,79600.00000000,79500.00000000,79500.00000000,59.9849
1778757300000000,79500.00000000,79555.95000000,79264.70000000,79360.58000000,159.577
1778758200000000,79360.59000000,79395.34000000,79272.51000000,79285.00000000,77.5032
1778759100000000,79285.01000000,79333.13000000,79234.00000000,79258.27000000,65.9137
1778760000000000,79258.27000000,79404.62000000,79230.31000000,79357.67000000,104.042
1778760900000000,79357.67000000,79452.56000000,79290.60000000,79423.19000000,108.309
1778761800000000,79423.19000000,79682.76000000,79403.26000000,79682.76000000,189.361
1778762700000000,79682.76000000,79775.02000000,79666.81000000,79767.11000000,124.7
1778763600000000,79767.10000000,79883.90000000,79711.70000000,79883.84000000,209.666
1778764500000000,79883.83000000,80059.71000000,79766.23000000,79946.00000000,320.964
1778765400000000,79946.01000000,79978.00000000,79693.59000000,79854.01000000,226.578
1778766300000000,79854.01000000,80045.87000000,79670.88000000,79701.73000000,243.334
1778767200000000,79701.73000000,79972.97000000,79561.52000000,79958.28000000,207.358
1778768100000000,79958.28000000,80247.90000000,79950.33000000,80143.40000000,384.813
1778769000000000,80143.39000000,80377.13000000,80090.52000000,80337.99000000,329.837
1778769900000000,80337.99000000,81020.00000000,80337.99000000,80964.85000000,960.773
1778770800000000,80964.84000000,81155.00000000,80816.08000000,80988.41000000,759.01
1778771700000000,80988.41000000,81145.55000000,80902.20000000,80999.99000000,455.192
1778772600000000,80999.99000000,81086.29000000,80816.36000000,81020.00000000,394.754
1778773500000000,81020.00000000,81332.23000000,81010.00000000,81301.23000000,683.406
1778774400000000,81301.22000000,81590.29000000,81301.22000000,81551.04000000,911.136
1778775300000000,81551.04000000,81601.29000000,81400.00000000,81558.72000000,561.431
1778776200000000,81558.73000000,81640.81000000,81350.93000000,81505.92000000,517.952
1778777100000000,81505.91000000,81904.44000000,81080.25000000,81888.40000000,742.3
1778778000000000,81888.40000000,82048.13000000,81710.86000000,81726.40000000,824.484
1778778900000000,81726.40000000,81726.41000000,81271.00000000,81477.68000000,595.987
1778779800000000,81477.67000000,81722.54000000,81441.79000000,81646.00000000,327.798
1778780700000000,81645.99000000,81794.70000000,81645.99000000,81668.48000000,219.211
1778781600000000,81668.49000000,81852.07000000,81479.69000000,81852.06000000,253.719
1778782500000000,81852.07000000,81949.15000000,81752.75000000,81870.97000000,347.28
1778783400000000,81870.96000000,81872.48000000,81500.00000000,81538.15000000,246.293
1778784300000000,81538.15000000,81644.60000000,81440.38000000,81581.99000000,165.505
1778785200000000,81582.00000000,81718.73000000,81538.14000000,81546.00000000,101.562
1778786100000000,81546.01000000,81637.93000000,81330.12000000,81349.17000000,226.386
1778787000000000,81349.18000000,81480.00000000,81336.81000000,81446.27000000,119.413
1778787900000000,81446.27000000,81477.70000000,81379.15000000,81419.74000000,119.479
1778788800000000,81419.75000000,81590.19000000,81350.00000000,81350.00000000,128.752
1778789700000000,81350.01000000,81416.90000000,81230.16000000,81276.26000000,147.422
1778790600000000,81276.26000000,81300.00000000,81166.22000000,81244.46000000,92.2493
1778791500000000,81244.46000000,81458.92000000,81244.46000000,81412.04000000,103.205
1778792400000000,81412.05000000,81473.70000000,81320.30000000,81327.55000000,80.8205
1778793300000000,81327.55000000,81463.43000000,81268.38000000,81422.08000000,76.9299
1778794200000000,81422.08000000,81526.08000000,81415.05000000,81456.64000000,79.394
1778795100000000,81456.64000000,81465.35000000,81374.40000000,81396.61000000,54.9274
1778796000000000,81396.61000000,81500.71000000,81335.48000000,81500.71000000,83.922
1778796900000000,81500.71000000,81500.71000000,81411.53000000,81450.00000000,44.6514
1778797800000000,81449.99000000,81535.99000000,81444.56000000,81510.83000000,105.552
1778798700000000,81510.83000000,81559.71000000,81427.85000000,81456.00000000,88.7222
1778799600000000,81456.00000000,81456.00000000,81173.43000000,81252.46000000,198.062
1778800500000000,81252.46000000,81378.00000000,81202.00000000,81370.96000000,102.509
1778801400000000,81370.96000000,81370.97000000,81218.26000000,81218.26000000,62.1923
1778802300000000,81218.27000000,81218.27000000,81059.93000000,81089.99000000,171.527
1778803200000000,81090.00000000,81480.30000000,81068.52000000,81480.29000000,149.195
1778804100000000,81480.29000000,81496.09000000,81360.01000000,81460.00000000,129.139
1778805000000000,81460.00000000,81664.45000000,81269.37000000,81343.03000000,195.274
1778805900000000,81343.03000000,81580.00000000,81341.91000000,81518.67000000,104.942
1778806800000000,81518.66000000,81612.73000000,81500.01000000,81522.00000000,193.251
1778807700000000,81521.99000000,81589.69000000,81390.19000000,81390.19000000,150.192
1778808600000000,81390.20000000,81471.82000000,81207.87000000,81385.65000000,92.6907
1778809500000000,81385.65000000,81390.00000000,81106.20000000,81131.01000000,102.689
1778810400000000,81131.00000000,81197.57000000,80862.14000000,80944.78000000,249.552
1778811300000000,80944.79000000,81034.89000000,80874.44000000,80910.01000000,139.928
1778812200000000,80910.01000000,81122.51000000,80750.00000000,81088.00000000,239.496
1778813100000000,81088.00000000,81350.00000000,81088.00000000,81299.14000000,200.425
1778814000000000,81299.14000000,81340.81000000,81134.01000000,81230.00000000,91.0664
1778814900000000,81229.99000000,81265.21000000,81160.00000000,81265.01000000,137.437
1778815800000000,81265.01000000,81265.01000000,80930.82000000,80991.84000000,214.348
1778816700000000,80991.84000000,81115.62000000,80973.58000000,81059.15000000,64.1005
1778817600000000,81059.15000000,81100.00000000,80960.00000000,81030.06000000,51.4078
1778818500000000,81030.06000000,81068.64000000,80910.28000000,80912.59000000,156.155
1778819400000000,80912.59000000,81043.51000000,80883.54000000,80932.03000000,70.3789
1778820300000000,80932.03000000,80950.00000000,80709.09000000,80724.71000000,89.6312
1778821200000000,80724.71000000,80850.00000000,80666.66000000,80833.97000000,182.974
1778822100000000,80833.97000000,80882.45000000,80757.18000000,80792.10000000,127.927
1778823000000000,80792.11000000,80811.55000000,80324.00000000,80476.00000000,578.066
1778823900000000,80476.01000000,80558.40000000,80314.00000000,80360.01000000,140.248
1778824800000000,80360.01000000,80458.57000000,80314.01000000,80396.71000000,269.077
1778825700000000,80405.03000000,80524.85000000,80314.37000000,80524.85000000,169.664
1778826600000000,80524.85000000,80633.19000000,80499.94000000,80601.59000000,228.029
1778827500000000,80601.58000000,80644.50000000,80562.01000000,80580.00000000,148.763
1778828400000000,80580.00000000,80780.00000000,80559.88000000,80768.00000000,198.471
1778829300000000,80767.99000000,81003.37000000,80708.78000000,80915.00000000,305.627
1778830200000000,80915.00000000,80915.01000000,80734.92000000,80820.01000000,230.456
1778831100000000,80820.01000000,80872.50000000,80780.09000000,80814.88000000,144.227
1778832000000000,80814.88000000,80822.95000000,80670.50000000,80735.07000000,160.627
1778832900000000,80735.07000000,80735.08000000,80520.00000000,80529.35000000,147.901
1778833800000000,80529.35000000,80716.87000000,80415.84000000,80687.78000000,154.834
1778834700000000,80687.78000000,80687.78000000,80568.00000000,80638.00000000,75.2733
1778835600000000,80638.00000000,80670.51000000,80550.00000000,80570.40000000,83.5373
1778836500000000,80570.41000000,80575.24000000,80453.98000000,80573.75000000,151.88
1778837400000000,80573.75000000,80637.04000000,80420.00000000,80420.00000000,96.578
1778838300000000,80420.01000000,80500.00000000,80369.00000000,80489.80000000,139.667
1778839200000000,80489.81000000,80599.76000000,80407.60000000,80589.12000000,135.349
1778840100000000,80589.12000000,80589.12000000,80495.00000000,80512.28000000,73.6335
1778841000000000,80512.28000000,80573.76000000,80450.00000000,80539.40000000,78.0758
1778841900000000,80539.41000000,80776.33000000,80531.98000000,80716.23000000,157.911
1778842800000000,80716.22000000,80750.56000000,80590.08000000,80677.08000000,62.0739
1778843700000000,80677.07000000,80716.87000000,80598.75000000,80628.45000000,61.7922
1778844600000000,80628.45000000,80656.26000000,80598.52000000,80639.79000000,70.3496
1778845500000000,80639.80000000,80709.88000000,80595.00000000,80628.53000000,56.7764
1778846400000000,80628.52000000,80635.44000000,80400.02000000,80414.70000000,184.962
1778847300000000,80414.71000000,80584.92000000,80370.88000000,80535.92000000,131.006
1778848200000000,80535.91000000,80555.09000000,80400.00000000,80410.01000000,126.262
1778849100000000,80410.00000000,80444.13000000,80340.83000000,80385.11000000,92.7701
1778850000000000,80385.10000000,80385.11000000,80068.01000000,80134.22000000,439.517
1778850900000000,80134.23000000,80203.58000000,80006.08000000,80006.10000000,330.084
1778851800000000,80006.09000000,80015.48000000,79100.00000000,79149.80000000,1067.74
1778852700000000,79149.81000000,79287.57000000,78698.69000000,78758.59000000,1264.54
1778853600000000,78758.59000000,79353.32000000,78659.00000000,79256.00000000,936.988
1778854500000000,79255.99000000,79322.09000000,79009.00000000,79082.00000000,383.264
1778855400000000,79082.00000000,79292.88000000,79002.00000000,79223.77000000,357.331
1778856300000000,79223.78000000,79311.01000000,78958.38000000,79150.37000000,287.626
1778857200000000,79150.36000000,79329.41000000,79086.10000000,79239.98000000,171.965
1778858100000000,79239.97000000,79369.36000000,79111.82000000,79139.71000000,156.941
1778859000000000,79139.87000000,79227.00000000,79076.28000000,79089.49000000,148.099
1778859900000000,79089.50000000,79245.85000000,79013.81000000,79150.27000000,129.468
1778860800000000,79150.26000000,79245.85000000,79131.01000000,79204.00000000,148.225
1778861700000000,79204.00000000,79316.00000000,79140.00000000,79312.00000000,144.513
1778862600000000,79312.00000000,79382.30000000,79255.46000000,79279.84000000,105.979
1778863500000000,79279.84000000,79336.23000000,79146.02000000,79294.31000000,116.07
1778864400000000,79294.31000000,79351.25000000,79228.26000000,79260.00000000,101.041
1778865300000000,79259.99000000,79450.00000000,79224.00000000,79375.13000000,141.458
1778866200000000,79375.12000000,79488.00000000,79374.22000000,79405.08000000,153.511
1778867100000000,79405.07000000,79504.83000000,79377.00000000,79460.00000000,82.794
1778868000000000,79460.00000000,79561.94000000,79425.38000000,79480.01000000,138.245
1778868900000000,79480.00000000,79488.89000000,79206.99000000,79282.49000000,218.913
1778869800000000,79282.49000000,79325.21000000,79170.47000000,79287.28000000,108.01
1778870700000000,79287.28000000,79336.82000000,79202.42000000,79284.00000000,78.8437
1778871600000000,79284.01000000,79290.00000000,79051.00000000,79080.00000000,185.123
1778872500000000,79080.01000000,79168.81000000,79080.01000000,79123.28000000,93.715
1778873400000000,79123.28000000,79193.53000000,79090.01000000,79125.62000000,66.2637
1778874300000000,79125.62000000,79188.57000000,79113.29000000,79146.50000000,76.6569
1778875200000000,79146.50000000,79217.07000000,79078.88000000,79147.10000000,60.4772
1778876100000000,79147.09000000,79169.70000000,79069.32000000,79168.88000000,43.2418
1778877000000000,79168.89000000,79193.50000000,79077.20000000,79090.00000000,53.1121
1778877900000000,79089.99000000,79125.96000000,79000.00000000,79123.12000000,67.6124
1778878800000000,79123.13000000,79189.43000000,79102.99000000,79181.99000000,249.031
1778879700000000,79182.00000000,79200.00000000,79115.88000000,79131.91000000,114.574
1778880600000000,79131.92000000,79160.05000000,79076.18000000,79135.31000000,159.632
1778881500000000,79135.31000000,79148.60000000,78911.42000000,78973.50000000,159.084
1778882400000000,78973.50000000,79093.13000000,78973.49000000,79070.75000000,86.8011
1778883300000000,79070.75000000,79087.97000000,79003.67000000,79075.00000000,97.0215
1778884200000000,79075.00000000,79145.44000000,79058.46000000,79122.12000000,97.3772
1778885100000000,79122.11000000,79145.44000000,79088.02000000,79107.38000000,66.6683
1778886000000000,79107.38000000,79145.43000000,79086.80000000,79105.53000000,77.7281
1778886900000000,79105.53000000,79161.86000000,79077.96000000,79115.97000000,237.437
1778887800000000,79115.97000000,79134.92000000,79078.00000000,79134.91000000,60.3403
1778888700000000,79134.91000000,79134.92000000,79100.08000000,79113.21000000,302.116
1778889600000000,79113.20000000,79189.00000000,79079.76000000,79172.86000000,93.8309
1778890500000000,79172.87000000,79199.22000000,79162.89000000,79178.31000000,88.9223
1778891400000000,79178.30000000,79227.77000000,79165.01000000,79165.03000000,81.5147
1778892300000000,79165.03000000,79169.77000000,79075.09000000,79111.92000000,49.7445
1778893200000000,79111.92000000,79148.13000000,79087.63000000,79139.49000000,98.3975
1778894100000000,79139.49000000,79155.94000000,79032.27000000,79037.13000000,135.239
1778895000000000,79037.12000000,79070.93000000,79010.00000000,79030.00000000,58.1574
1778895900000000,79030.01000000,79186.05000000,79030.00000000,79168.00000000,65.409
1778896800000000,79168.00000000,79211.77000000,79103.18000000,79192.72000000,58.6024
1778897700000000,79192.72000000,79207.41000000,79141.81000000,79155.38000000,56.4217
1778898600000000,79155.38000000,79155.38000000,79080.10000000,79088.68000000,62.1683
1778899500000000,79088.67000000,79158.40000000,79080.94000000,79155.54000000,31.1126
1778900400000000,79155.55000000,79187.71000000,79135.50000000,79175.01000000,121.343
1778901300000000,79175.01000000,79186.54000000,79155.40000000,79179.57000000,159.192
1778902200000000,79179.57000000,79179.58000000,79078.13000000,79078.13000000,26.2912
1778903100000000,79078.12000000,79137.88000000,79059.77000000,79083.18000000,61.836
1778904000000000,79083.19000000,79129.71000000,79044.08000000,79084.15000000,84.9719
1778904900000000,79084.14000000,79097.14000000,79051.60000000,79051.60000000,73.275
1778905800000000,79051.61000000,79052.77000000,78860.00000000,78993.75000000,138.655
1778906700000000,78993.75000000,79035.26000000,78962.66000000,79035.26000000,24.8666
1778907600000000,79035.25000000,79035.26000000,78933.63000000,79031.19000000,43.0931
1778908500000000,79031.19000000,79032.05000000,79024.92000000,79025.33000000,28.8042
1778909400000000,79025.33000000,79039.49000000,78940.91000000,79004.00000000,57.4639
1778910300000000,79004.01000000,79027.37000000,78972.00000000,79027.37000000,53.6942
1778911200000000,79027.36000000,79047.94000000,78920.65000000,78936.65000000,78.3663
1778912100000000,78936.65000000,78936.66000000,78800.00000000,78824.77000000,126.247
1778913000000000,78824.78000000,78899.07000000,78730.26000000,78745.74000000,86.9884
1778913900000000,78745.74000000,78778.68000000,78459.87000000,78648.00000000,340.659
1778914800000000,78648.00000000,78651.63000000,78122.00000000,78259.33000000,474.202
1778915700000000,78259.33000000,78519.85000000,78066.00000000,78463.50000000,482.608
1778916600000000,78463.50000000,78560.60000000,78353.08000000,78500.02000000,175.906
1778917500000000,78500.03000000,78513.42000000,78343.50000000,78369.77000000,135.029
1778918400000000,78369.78000000,78472.82000000,78334.21000000,78420.00000000,106.882
1778919300000000,78420.01000000,78432.72000000,78374.13000000,78404.54000000,70.4434
1778920200000000,78404.55000000,78530.52000000,78392.15000000,78467.00000000,99.8291
1778921100000000,78467.00000000,78467.65000000,78380.00000000,78426.56000000,101.889
1778922000000000,78426.55000000,78440.81000000,78246.31000000,78263.40000000,106.596
1778922900000000,78263.41000000,78274.25000000,77906.10000000,78058.02000000,555.698
1778923800000000,78058.02000000,78188.48000000,78031.00000000,78122.91000000,200.875
1778924700000000,78122.92000000,78207.92000000,78015.65000000,78083.48000000,241.261
1778925600000000,78083.47000000,78101.43000000,77810.10000000,77906.82000000,452.892
1778926500000000,77906.83000000,77953.80000000,77640.00000000,77773.35000000,510.072
1778927400000000,77772.28000000,77979.26000000,77753.31000000,77892.54000000,527.847
1778928300000000,77892.54000000,77984.41000000,77877.97000000,77960.00000000,268.895
1778929200000000,77959.99000000,78105.54000000,77959.99000000,78084.01000000,268.896
1778930100000000,78084.00000000,78159.39000000,78070.00000000,78135.28000000,113.648
1778931000000000,78135.29000000,78193.88000000,78104.17000000,78161.23000000,138.548
1778931900000000,78161.22000000,78161.23000000,78075.14000000,78081.71000000,81.8276
1778932800000000,78080.46000000,78133.38000000,78040.01000000,78058.47000000,288.227
1778933700000000,78058.47000000,78058.47000000,77918.62000000,77987.16000000,238.147
1778934600000000,77988.00000000,78074.00000000,77987.99000000,78060.15000000,116.957
1778935500000000,78060.16000000,78117.01000000,78007.23000000,78007.23000000,148.201
1778936400000000,78007.24000000,78007.24000000,77890.00000000,77898.46000000,272.677
1778937300000000,77898.46000000,77987.97000000,77863.89000000,77964.33000000,285.015
1778938200000000,77964.34000000,77982.65000000,77833.40000000,77901.11000000,154.922
1778939100000000,77901.11000000,78014.60000000,77894.20000000,78014.60000000,118.25
1778940000000000,78014.60000000,78048.00000000,77895.20000000,77957.30000000,119.13
1778940900000000,77957.30000000,78062.97000000,77902.08000000,77982.00000000,238.383
1778941800000000,77982.00000000,78227.67000000,77982.00000000,78219.02000000,228.827
1778942700000000,78219.01000000,78346.00000000,78104.65000000,78130.55000000,142.708
1778943600000000,78130.55000000,78224.44000000,78078.22000000,78119.96000000,91.9532
1778944500000000,78119.97000000,78192.69000000,78079.94000000,78128.42000000,83.1894
1778945400000000,78128.42000000,78231.98000000,78128.42000000,78215.37000000,84.3226
1778946300000000,78215.37000000,78285.00000000,78212.51000000,78238.67000000,73.4496
1778947200000000,78238.68000000,78364.65000000,78185.08000000,78246.45000000,109.711
1778948100000000,78246.44000000,78333.85000000,78212.03000000,78290.00000000,47.0524
1778949000000000,78290.00000000,78318.47000000,78119.72000000,78150.74000000,81.0441
1778949900000000,78150.74000000,78222.01000000,78146.89000000,78205.96000000,90.2948
1778950800000000,78205.96000000,78271.06000000,78199.00000000,78270.94000000,40.4439
1778951700000000,78270.93000000,78318.00000000,78232.17000000,78289.70000000,76.2731
1778952600000000,78289.70000000,78320.41000000,78266.17000000,78266.17000000,148.682
1778953500000000,78266.18000000,78290.00000000,78201.49000000,78201.50000000,84.808
1778954400000000,78201.50000000,78241.34000000,78171.02000000,78191.85000000,72.9102
1778955300000000,78191.84000000,78217.26000000,78142.99000000,78196.92000000,59.1908
1778956200000000,78196.93000000,78271.36000000,78184.64000000,78255.75000000,104.733
1778957100000000,78255.74000000,78327.75000000,78218.02000000,78229.81000000,73.8
1778958000000000,78229.82000000,78263.98000000,78204.22000000,78241.95000000,29.5332
1778958900000000,78241.96000000,78301.95000000,78224.00000000,78285.04000000,66.0943
1778959800000000,78285.04000000,78314.69000000,78262.80000000,78264.02000000,113.943
1778960700000000,78264.03000000,78304.17000000,78226.02000000,78259.66000000,61.5316
1778961600000000,78259.67000000,78300.00000000,78259.66000000,78299.99000000,26.9487
1778962500000000,78299.99000000,78318.94000000,78272.43000000,78272.43000000,50.1654
1778963400000000,78272.43000000,78278.00000000,78201.42000000,78223.41000000,27.1769
1778964300000000,78223.40000000,78266.01000000,78215.94000000,78261.00000000,90.052
1778965200000000,78261.00000000,78308.33000000,78222.64000000,78302.55000000,138.583
1778966100000000,78302.56000000,78302.56000000,78234.51000000,78273.69000000,35.2794
1778967000000000,78273.68000000,78289.72000000,78206.85000000,78289.72000000,36.0032
1778967900000000,78289.71000000,78300.00000000,78246.00000000,78265.73000000,27.4058
1778968800000000,78265.73000000,78275.81000000,78171.02000000,78241.38000000,53.7592
1778969700000000,78241.38000000,78279.28000000,78241.38000000,78268.14000000,20.8669
1778970600000000,78268.13000000,78270.18000000,78224.70000000,78224.71000000,20.908
1778971500000000,78224.70000000,78229.33000000,78186.24000000,78186.25000000,33.2583
1778972400000000,78186.25000000,78202.42000000,78156.67000000,78184.00000000,31.6608
1778973300000000,78184.01000000,78267.46000000,78184.01000000,78234.99000000,14.2174
1778974200000000,78234.99000000,78257.88000000,78203.42000000,78219.80000000,35.8859
1778975100000000,78219.80000000,78235.19000000,78125.32000000,78148.05000000,47.1752
1778976000000000,78148.05000000,78243.19000000,78148.04000000,78195.31000000,42.6043
1778976900000000,78195.32000000,78218.51000000,78143.00000000,78195.99000000,40.9581
1778977800000000,78196.00000000,78228.39000000,78125.00000000,78140.47000000,27.1449
1778978700000000,78140.47000000,78154.01000000,77812.00000000,77945.85000000,200.889
1778979600000000,77945.85000000,78114.00000000,77826.90000000,78057.52000000,160.235
1778980500000000,78057.53000000,78090.00000000,77909.07000000,77988.02000000,67.6026
1778981400000000,77988.02000000,78000.76000000,77721.19000000,77787.40000000,207.591
1778982300000000,77787.40000000,77873.99000000,77725.71000000,77725.71000000,81.1079
1778983200000000,77725.72000000,77929.90000000,77725.71000000,77868.15000000,80.8389
1778984100000000,77868.15000000,77929.79000000,77843.02000000,77895.53000000,63.078
1778985000000000,77895.53000000,77938.00000000,77861.24000000,77915.32000000,44.4917
1778985900000000,77915.32000000,77931.26000000,77852.73000000,77895.51000000,68.2343
1778986800000000,77895.50000000,78013.27000000,77888.00000000,77958.57000000,73.7521
1778987700000000,77958.57000000,78010.52000000,77958.56000000,78000.75000000,43.5377
1778988600000000,78000.76000000,78066.25000000,77978.99000000,78031.94000000,53.5789
1778989500000000,78031.94000000,78079.30000000,78000.59000000,78028.88000000,29.2845
1778990400000000,78028.88000000,78080.00000000,78003.35000000,78049.00000000,40.3875
1778991300000000,78049.00000000,78145.76000000,78048.99000000,78096.21000000,82.3827
1778992200000000,78096.21000000,78198.76000000,78054.46000000,78186.11000000,64.0626
1778993100000000,78186.11000000,78203.93000000,78157.76000000,78158.09000000,189.158
1778994000000000,78158.08000000,78323.96000000,78135.34000000,78246.25000000,119.582
1778994900000000,78246.25000000,78246.26000000,78178.00000000,78178.01000000,56.1243
1778995800000000,78178.01000000,78204.01000000,78150.00000000,78154.85000000,48.515
1778996700000000,78154.86000000,78175.09000000,78102.42000000,78121.41000000,34.7673
1778997600000000,78121.41000000,78204.01000000,78121.40000000,78185.13000000,24.794
1778998500000000,78185.14000000,78200.00000000,78017.00000000,78082.53000000,60.6701
1778999400000000,78082.52000000,78121.09000000,78040.15000000,78045.34000000,19.6979
1779000300000000,78045.33000000,78105.39000000,78045.33000000,78104.80000000,31.7074
1779001200000000,78104.79000000,78114.43000000,78078.00000000,78097.39000000,34.2409
1779002100000000,78097.40000000,78143.96000000,78053.79000000,78121.99000000,37.9011
1779003000000000,78121.98000000,78208.69000000,78104.25000000,78151.96000000,61.7171
1779003900000000,78151.96000000,78196.67000000,78151.96000000,78180.01000000,46.3875
1779004800000000,78180.00000000,78200.91000000,78143.93000000,78148.72000000,29.6812
1779005700000000,78148.72000000,78149.00000000,78066.24000000,78066.25000000,38.4069
1779006600000000,78066.25000000,78107.27000000,78033.01000000,78101.12000000,28.0017
1779007500000000,78101.12000000,78101.12000000,78077.80000000,78089.80000000,21.2844
1779008400000000,78089.80000000,78137.68000000,78073.52000000,78128.27000000,46.8127
1779009300000000,78128.27000000,78154.87000000,78100.67000000,78150.00000000,51.085
1779010200000000,78149.99000000,78149.99000000,78092.43000000,78123.87000000,44.4156
1779011100000000,78123.88000000,78293.97000000,78123.87000000,78249.33000000,54.1215
1779012000000000,78249.33000000,78525.74000000,78249.03000000,78446.99000000,147.757
1779012900000000,78446.98000000,78599.99000000,78399.26000000,78527.22000000,249.65
1779013800000000,78527.22000000,78535.21000000,78422.09000000,78480.99000000,98.6562
1779014700000000,78480.99000000,78483.14000000,78427.22000000,78465.99000000,68.8671
1779015600000000,78465.99000000,78473.82000000,78357.57000000,78357.58000000,88.5768
1779016500000000,78357.58000000,78380.58000000,78308.61000000,78350.04000000,49.3508
1779017400000000,78350.03000000,78435.75000000,78289.00000000,78411.25000000,66.4829
1779018300000000,78411.26000000,78469.83000000,78384.42000000,78415.99000000,53.034
1779019200000000,78415.99000000,78457.97000000,78378.95000000,78390.34000000,75.5826
1779020100000000,78390.34000000,78438.00000000,78352.00000000,78434.42000000,57.1516
1779021000000000,78434.43000000,78550.00000000,78421.33000000,78474.99000000,75.0967
1779021900000000,78474.99000000,78500.92000000,78333.80000000,78364.83000000,46.606
1779022800000000,78364.83000000,78364.83000000,78257.31000000,78261.12000000,49.6372
1779023700000000,78261.11000000,78292.63000000,78173.15000000,78292.62000000,56.309
1779024600000000,78292.63000000,78343.39000000,78250.00000000,78261.73000000,72.5571
1779025500000000,78261.74000000,78293.83000000,78184.10000000,78202.91000000,81.773
1779026400000000,78202.91000000,78217.33000000,78061.46000000,78072.81000000,112.796
1779027300000000,78072.81000000,78117.89000000,77850.00000000,78040.00000000,195.366
1779028200000000,78040.00000000,78066.25000000,77957.58000000,78007.91000000,44.0231
1779029100000000,78007.91000000,78091.98000000,78007.91000000,78051.51000000,45.3841
1779030000000000,78051.51000000,78119.42000000,78007.91000000,78089.47000000,41.6365
1779030900000000,78089.47000000,78089.47000000,77920.76000000,77990.07000000,64.8958
1779031800000000,77990.06000000,78059.21000000,77981.99000000,78034.00000000,56.4568
1779032700000000,78034.00000000,78066.25000000,78012.41000000,78051.41000000,40.6448
1779033600000000,78051.42000000,78127.22000000,78051.41000000,78062.83000000,24.6619
1779034500000000,78062.83000000,78142.85000000,78048.36000000,78141.36000000,25.3479
1779035400000000,78141.36000000,78193.66000000,78111.72000000,78171.03000000,33.5462
1779036300000000,78171.02000000,78171.03000000,78025.23000000,78034.36000000,59.3238
1779037200000000,78034.37000000,78055.80000000,77892.18000000,77920.16000000,123.377
1779038100000000,77920.17000000,77987.62000000,77856.69000000,77987.62000000,68.2477
1779039000000000,77987.62000000,78050.00000000,77902.20000000,78049.99000000,82.5501
1779039900000000,78050.00000000,78092.44000000,78022.19000000,78089.98000000,22.2638
1779040800000000,78089.99000000,78245.15000000,78076.20000000,78125.48000000,57.6271
1779041700000000,78125.48000000,78146.29000000,78014.33000000,78136.99000000,45.7191
1779042600000000,78136.98000000,78171.03000000,78124.50000000,78130.33000000,16.5924
1779043500000000,78130.33000000,78271.59000000,78118.00000000,78268.05000000,52.4956
1779044400000000,78268.04000000,78298.00000000,78225.40000000,78262.91000000,67.0463
1779045300000000,78262.90000000,78300.00000000,78228.17000000,78228.18000000,34.2268
1779046200000000,78228.17000000,78420.32000000,78209.96000000,78383.93000000,56.1819
1779047100000000,78383.92000000,78468.46000000,78354.01000000,78415.30000000,67.8679
1779048000000000,78415.29000000,78435.32000000,78332.43000000,78341.07000000,37.7078
1779048900000000,78341.07000000,78346.93000000,78248.80000000,78291.02000000,49.0848
1779049800000000,78291.01000000,78367.49000000,78249.35000000,78295.26000000,92.4943
1779050700000000,78295.26000000,78305.68000000,78277.35000000,78277.36000000,26.1042
1779051600000000,78277.36000000,78295.14000000,78243.50000000,78295.13000000,40.0711
1779052500000000,78295.13000000,78435.34000000,78269.41000000,78431.52000000,87.0262
1779053400000000,78431.52000000,78485.36000000,78368.63000000,78430.64000000,124.38
1779054300000000,78430.64000000,78471.46000000,78392.38000000,78405.72000000,42.4231
1779055200000000,78405.72000000,78414.16000000,77950.00000000,78117.01000000,200.745
1779056100000000,78117.01000000,78146.11000000,77947.36000000,77999.84000000,126.573
1779057000000000,77999.26000000,78127.69000000,77950.00000000,78048.00000000,103.956
1779057900000000,78048.00000000,78048.00000000,77830.00000000,77997.24000000,154.513
1779058800000000,77997.24000000,78008.18000000,77771.11000000,77855.01000000,127.242
1779059700000000,77855.01000000,77975.95000000,77680.28000000,77836.13000000,149.141
1779060600000000,77836.12000000,77893.15000000,76735.16000000,77250.00000000,1388.41
1779061500000000,77250.00000000,77543.38000000,77118.96000000,77457.67000000,366.631
1779062400000000,77457.67000000,77477.99000000,76916.60000000,77207.12000000,462.992
1779063300000000,77207.12000000,77330.00000000,77092.71000000,77152.52000000,225.611
1779064200000000,77152.52000000,77220.02000000,76964.66000000,77019.82000000,210.154
1779065100000000,77019.82000000,77226.31000000,76958.00000000,77209.95000000,164.073
1779066000000000,77209.95000000,77291.54000000,77068.49000000,77068.49000000,119.459
1779066900000000,77068.50000000,77068.75000000,76846.13000000,76900.00000000,224.182
1779067800000000,76900.01000000,76931.83000000,76771.62000000,76836.80000000,219.718
1779068700000000,76836.80000000,77160.32000000,76744.95000000,77109.22000000,208.119
1779069600000000,77109.21000000,77222.03000000,77055.00000000,77170.51000000,144.906
1779070500000000,77170.52000000,77176.49000000,76961.03000000,77039.18000000,133.128
1779071400000000,77039.18000000,77049.46000000,76832.96000000,76874.64000000,122.593
1779072300000000,76874.65000000,76934.75000000,76707.61000000,76835.41000000,144.046
1779073200000000,76835.41000000,77014.24000000,76835.00000000,76872.96000000,143.827
1779074100000000,76872.96000000,76992.48000000,76846.24000000,76963.01000000,115.869
1779075000000000,76963.01000000,77030.42000000,76817.14000000,77002.71000000,162.607
1779075900000000,77002.70000000,77005.81000000,76886.57000000,76924.65000000,86.7272
1779076800000000,76924.66000000,77037.62000000,76924.65000000,77028.72000000,82.1049
1779077700000000,77028.71000000,77033.86000000,76772.01000000,76817.04000000,103.342
1779078600000000,76817.04000000,77000.00000000,76781.06000000,76999.99000000,67.2038
1779079500000000,76999.99000000,77069.77000000,76913.69000000,77038.49000000,101.831
1779080400000000,77038.49000000,77080.93000000,76998.41000000,77025.47000000,149.222
1779081300000000,77025.46000000,77048.14000000,76934.56000000,77027.03000000,99.4862
1779082200000000,77027.03000000,77061.69000000,76890.65000000,76897.95000000,90.4597
1779083100000000,76897.95000000,76975.40000000,76884.33000000,76931.40000000,247.67
1779084000000000,76931.40000000,76957.36000000,76583.33000000,76891.82000000,279.068
1779084900000000,76891.82000000,76967.80000000,76695.04000000,76732.34000000,140.077
1779085800000000,76732.35000000,76840.00000000,76664.86000000,76825.25000000,107.108
1779086700000000,76825.25000000,76954.71000000,76825.25000000,76912.52000000,95.4649
1779087600000000,76912.53000000,76989.00000000,76873.31000000,76947.43000000,209.332
1779088500000000,76947.42000000,77068.00000000,76771.53000000,77035.47000000,277.619
1779089400000000,77035.47000000,77080.60000000,76932.46000000,76971.04000000,331.321
1779090300000000,76971.04000000,77089.29000000,76971.03000000,77073.69000000,321.358
1779091200000000,77073.69000000,77181.88000000,77020.00000000,77038.80000000,162.219
1779092100000000,77038.79000000,77074.49000000,76965.70000000,76980.54000000,130.516
1779093000000000,76980.55000000,76996.00000000,76890.34000000,76957.13000000,114.055
1779093900000000,76957.13000000,77040.43000000,76898.91000000,77040.42000000,155.427
1779094800000000,77040.43000000,77048.14000000,76877.17000000,76910.09000000,121.673
1779095700000000,76910.09000000,76984.92000000,76897.88000000,76969.79000000,77.4789
1779096600000000,76969.78000000,77027.21000000,76908.15000000,76951.61000000,104.891
1779097500000000,76951.62000000,76990.00000000,76916.11000000,76933.16000000,61.7063
1779098400000000,76933.17000000,76957.35000000,76778.17000000,76785.09000000,118.244
1779099300000000,76785.10000000,76829.11000000,76716.99000000,76818.38000000,87.1967
1779100200000000,76818.38000000,76855.59000000,76766.00000000,76816.00000000,115.367
1779101100000000,76816.01000000,76894.13000000,76764.74000000,76764.74000000,111.394
1779102000000000,76764.75000000,76784.89000000,76668.58000000,76759.53000000,132.012
1779102900000000,76759.52000000,76868.00000000,76752.01000000,76814.70000000,75.3851
1779103800000000,76814.70000000,77403.48000000,76782.24000000,77356.01000000,350.307
1779104700000000,77356.00000000,77373.27000000,77209.17000000,77285.83000000,134.682
1779105600000000,77285.83000000,77483.52000000,77275.96000000,77425.79000000,233.398
1779106500000000,77425.79000000,77550.00000000,77302.65000000,77340.90000000,273.94
1779107400000000,77340.89000000,77726.23000000,77300.00000000,77726.22000000,268.301
1779108300000000,77726.22000000,77800.00000000,77588.46000000,77639.98000000,205.127
1779109200000000,77639.99000000,77639.99000000,77465.00000000,77480.86000000,163.16
1779110100000000,77480.85000000,77492.66000000,77280.91000000,77280.91000000,116.761
1779111000000000,77280.92000000,77287.91000000,76763.16000000,76819.96000000,415.073
1779111900000000,76819.97000000,77146.19000000,76695.31000000,76937.70000000,421.57
1779112800000000,76937.70000000,76954.25000000,76675.69000000,76695.04000000,363.305
1779113700000000,76695.04000000,76822.55000000,76430.00000000,76641.66000000,689.844
1779114600000000,76641.67000000,76719.18000000,76230.02000000,76484.62000000,646.81
1779115500000000,76484.61000000,76502.01000000,76315.89000000,76393.65000000,458.634
1779116400000000,76393.66000000,76439.98000000,76104.25000000,76282.01000000,823.32
1779117300000000,76282.01000000,76308.00000000,76065.30000000,76087.58000000,509.325
1779118200000000,76087.59000000,76360.42000000,76051.00000000,76324.33000000,350.608
1779119100000000,76324.33000000,76485.29000000,76278.36000000,76409.46000000,276.922
1779120000000000,76409.46000000,76582.00000000,76241.00000000,76509.23000000,383.794
1779120900000000,76509.22000000,76665.68000000,76218.00000000,76278.34000000,386.166
1779121800000000,76278.34000000,76536.54000000,76235.74000000,76461.14000000,189.119
1779122700000000,76461.14000000,76543.34000000,76400.00000000,76410.01000000,293.859
1779123600000000,76410.00000000,76646.42000000,76366.13000000,76561.48000000,146.134
1779124500000000,76561.49000000,76696.12000000,76561.48000000,76666.00000000,139.834
1779125400000000,76665.99000000,76683.06000000,76553.71000000,76660.36000000,66.3191
1779126300000000,76660.36000000,76757.21000000,76648.30000000,76706.39000000,98.5878
1779127200000000,76706.38000000,76706.38000000,76436.11000000,76438.00000000,127.692
1779128100000000,76438.00000000,76451.34000000,76144.24000000,76354.74000000,252.603
1779129000000000,76354.74000000,76410.00000000,76265.09000000,76328.27000000,273.275
1779129900000000,76328.28000000,76385.64000000,76211.55000000,76252.50000000,126.002
1779130800000000,76252.01000000,76919.68000000,76235.00000000,76619.76000000,470.492
1779131700000000,76619.77000000,76720.00000000,76550.01000000,76638.35000000,100.354
1779132600000000,76638.34000000,76921.40000000,76618.00000000,76900.97000000,118.21
1779133500000000,76900.96000000,76995.00000000,76839.65000000,76928.00000000,123.416
1779134400000000,76928.00000000,77074.66000000,76874.73000000,77057.01000000,111.596
1779135300000000,77057.00000000,77161.37000000,77048.13000000,77139.08000000,100.738
1779136200000000,77139.08000000,77182.14000000,76960.81000000,76966.21000000,101.873
1779137100000000,76966.22000000,77048.11000000,76886.24000000,76909.92000000,149.651
1779138000000000,76909.92000000,77014.24000000,76800.00000000,76917.76000000,171.673
1779138900000000,76917.77000000,77077.80000000,76917.76000000,77018.82000000,111.289
1779139800000000,77018.83000000,77174.23000000,76976.54000000,77029.99000000,129.846
1779140700000000,77030.00000000,77126.66000000,76980.00000000,77103.05000000,78.9279
1779141600000000,77103.04000000,77167.75000000,77050.96000000,77144.99000000,92.2143
1779142500000000,77144.99000000,77222.79000000,77099.19000000,77139.10000000,70.0277
1779143400000000,77139.10000000,77169.59000000,77033.39000000,77046.71000000,66.3999
1779144300000000,77046.72000000,77079.88000000,76937.19000000,77078.22000000,131.04
1779145200000000,77078.22000000,77160.79000000,77055.11000000,77084.00000000,73.3466
1779146100000000,77084.01000000,77084.01000000,77027.00000000,77033.77000000,54.2767
1779147000000000,77033.77000000,77118.54000000,76994.00000000,77118.54000000,74.7131
1779147900000000,77118.54000000,77118.54000000,76948.80000000,77001.87000000,72.7184
1779148800000000,77001.88000000,77156.20000000,76955.99000000,77116.08000000,296.401
1779149700000000,77116.07000000,77414.62000000,77097.83000000,77213.18000000,132.689
1779150600000000,77213.18000000,77265.64000000,77124.67000000,77183.41000000,63.0596
1779151500000000,77183.42000000,77312.25000000,77140.86000000,77140.87000000,64.288
1779152400000000,77140.86000000,77156.20000000,77046.24000000,77118.31000000,65.3746
1779153300000000,77118.30000000,77131.43000000,76679.57000000,76765.54000000,204.649
1779154200000000,76765.54000000,76930.00000000,76681.29000000,76856.89000000,431.021
1779155100000000,76856.89000000,76864.68000000,76667.00000000,76667.01000000,68.4169
1779156000000000,76667.01000000,76725.46000000,76487.83000000,76720.60000000,120.026
1779156900000000,76720.60000000,76997.33000000,76669.66000000,76826.87000000,115.36
1779157800000000,76826.86000000,76846.03000000,76732.31000000,76749.98000000,150.023
1779158700000000,76749.98000000,76789.23000000,76608.86000000,76617.47000000,83.6163
1779159600000000,76617.46000000,76772.15000000,76586.11000000,76772.15000000,58.6223
1779160500000000,76772.14000000,76867.23000000,76693.63000000,76748.62000000,63.0467
1779161400000000,76748.63000000,76850.51000000,76748.62000000,76850.50000000,36.3151
1779162300000000,76850.50000000,76860.00000000,76764.64000000,76787.11000000,53.8516
1779163200000000,76787.10000000,76943.75000000,76732.84000000,76892.20000000,92.5865
1779164100000000,76892.20000000,76892.21000000,76700.00000000,76735.79000000,49.0496
1779165000000000,76735.80000000,76902.00000000,76735.80000000,76881.48000000,56.8256
1779165900000000,76881.47000000,76936.00000000,76870.00000000,76927.25000000,41.2586
1779166800000000,76927.25000000,76941.67000000,76842.92000000,76859.85000000,37.9798
1779167700000000,76859.84000000,76860.77000000,76644.98000000,76817.82000000,113.577
1779168600000000,76817.82000000,77000.00000000,76752.82000000,76914.91000000,167.923
1779169500000000,76914.91000000,76986.41000000,76874.00000000,76911.24000000,72.9515
1779170400000000,76911.25000000,77014.72000000,76886.13000000,76991.80000000,132.496
1779171300000000,76991.80000000,77045.61000000,76940.93000000,77009.99000000,86.2559
1779172200000000,77009.99000000,77108.68000000,76944.98000000,77085.65000000,107.537
1779173100000000,77085.66000000,77092.40000000,77018.22000000,77029.40000000,59.8246
1779174000000000,77029.41000000,77140.26000000,76974.72000000,77139.39000000,101.483
1779174900000000,77139.39000000,77263.33000000,77111.03000000,77140.39000000,158.044
1779175800000000,77140.40000000,77274.00000000,77135.15000000,77260.49000000,121.133
1779176700000000,77260.49000000,77278.57000000,77221.01000000,77233.69000000,109.533
1779177600000000,77233.68000000,77245.66000000,77051.17000000,77108.43000000,114.014
1779178500000000,77108.42000000,77195.35000000,76972.96000000,77077.25000000,89.8123
1779179400000000,77077.25000000,77317.02000000,77017.81000000,77186.00000000,213.846
1779180300000000,77186.01000000,77212.71000000,77042.00000000,77048.71000000,48.2517
1779181200000000,77048.72000000,77074.05000000,77001.96000000,77034.56000000,55.1468
1779182100000000,77034.55000000,77034.55000000,76740.00000000,76773.32000000,142.838
1779183000000000,76773.33000000,76850.00000000,76709.29000000,76796.96000000,107.565
1779183900000000,76796.96000000,76840.00000000,76756.37000000,76818.80000000,79.538
1779184800000000,76818.80000000,76872.46000000,76760.97000000,76805.21000000,74.0201
1779185700000000,76805.21000000,76837.55000000,76752.41000000,76837.54000000,53.1519
1779186600000000,76837.54000000,76979.49000000,76750.00000000,76752.93000000,210.351
1779187500000000,76752.92000000,77103.97000000,76704.00000000,77041.87000000,126.864
1779188400000000,77041.87000000,77076.53000000,76974.55000000,76999.95000000,157.723
1779189300000000,76999.96000000,77026.78000000,76850.00000000,76885.34000000,96.8279
1779190200000000,76885.34000000,76896.32000000,76633.83000000,76666.96000000,99.9324
1779191100000000,76666.97000000,76759.93000000,76662.43000000,76714.62000000,75.8081
1779192000000000,76714.61000000,76792.88000000,76650.06000000,76786.88000000,46.0261
1779192900000000,76786.88000000,76850.00000000,76763.39000000,76849.98000000,88.0539
1779193800000000,76849.98000000,76959.75000000,76845.69000000,76909.04000000,55.9784
1779194700000000,76909.03000000,76982.89000000,76890.00000000,76940.21000000,67.0516
1779195600000000,76940.20000000,76980.00000000,76752.24000000,76824.33000000,124.969
1779196500000000,76824.34000000,76844.20000000,76601.00000000,76601.01000000,215.601
1779197400000000,76601.01000000,77048.72000000,76596.00000000,76734.28000000,311.927
1779198300000000,76734.27000000,77029.35000000,76720.00000000,76872.75000000,254.137
1779199200000000,76872.74000000,77023.75000000,76616.80000000,76616.80000000,314.776
1779200100000000,76616.81000000,76645.43000000,76300.00000000,76450.00000000,485.616
1779201000000000,76450.01000000,76589.00000000,76250.02000000,76461.66000000,377.845
1779201900000000,76461.66000000,76474.41000000,76144.71000000,76392.43000000,248.004
1779202800000000,76392.43000000,76593.28000000,76337.97000000,76590.89000000,139.905
1779203700000000,76590.90000000,76670.21000000,76415.30000000,76500.00000000,235.402
1779204600000000,76499.99000000,76675.76000000,76445.12000000,76485.79000000,218.929
1779205500000000,76485.79000000,76579.36000000,76422.92000000,76521.23000000,179.547
1779206400000000,76521.24000000,76580.56000000,76407.72000000,76470.67000000,153.932
1779207300000000,76470.67000000,76612.00000000,76468.72000000,76612.00000000,109.089
1779208200000000,76611.99000000,76795.56000000,76611.99000000,76795.56000000,173.395
1779209100000000,76795.55000000,76911.00000000,76752.24000000,76894.59000000,132.498
1779210000000000,76894.59000000,76968.58000000,76866.69000000,76956.61000000,120.524
1779210900000000,76956.61000000,77015.41000000,76877.27000000,76879.99000000,138.467
1779211800000000,76879.99000000,77012.07000000,76759.39000000,76911.13000000,109.324
1779212700000000,76911.13000000,76911.14000000,76768.13000000,76856.76000000,73.8433
1779213600000000,76856.76000000,76946.47000000,76794.00000000,76919.16000000,69.8782
1779214500000000,76919.16000000,76947.20000000,76766.25000000,76773.90000000,80.2956
1779215400000000,76773.91000000,76864.54000000,76744.80000000,76851.09000000,72.4351
1779216300000000,76851.09000000,76895.63000000,76769.13000000,76803.28000000,59.5859
1779217200000000,76803.28000000,77056.62000000,76803.27000000,77056.56000000,118.503
1779218100000000,77056.56000000,77065.80000000,76765.14000000,76813.33000000,85.7919
1779219000000000,76813.34000000,76909.68000000,76789.33000000,76877.06000000,65.1005
1779219900000000,76877.05000000,76886.05000000,76776.00000000,76818.74000000,72.337
1779220800000000,76818.73000000,76949.17000000,76818.73000000,76949.16000000,43.1051
1779221700000000,76949.16000000,76949.17000000,76900.58000000,76925.71000000,32.5949
1779222600000000,76925.72000000,76986.75000000,76925.72000000,76934.51000000,30.6542
1779223500000000,76934.51000000,77040.24000000,76934.51000000,77022.23000000,41.3286
1779224400000000,77022.22000000,77033.72000000,76973.76000000,77008.42000000,42.6067
1779225300000000,77008.42000000,77040.83000000,76973.77000000,76997.91000000,68.2258
1779226200000000,76997.91000000,77040.22000000,76997.91000000,77025.12000000,42.9636
1779227100000000,77025.11000000,77033.31000000,76982.33000000,76982.34000000,31.4945
1779228000000000,76982.34000000,76982.34000000,76789.24000000,76789.24000000,89.4178
1779228900000000,76789.25000000,76789.25000000,76642.95000000,76670.88000000,85.1406
1779229800000000,76670.87000000,76791.14000000,76649.49000000,76758.95000000,35.8947
1779230700000000,76758.96000000,76760.40000000,76706.91000000,76712.21000000,22.6246
1779231600000000,76712.22000000,76845.35000000,76670.52000000,76810.72000000,37.6009
1779232500000000,76810.73000000,76903.89000000,76806.51000000,76903.88000000,31.8472
1779233400000000,76903.88000000,76980.07000000,76884.43000000,76915.08000000,100.323
1779234300000000,76915.08000000,76920.93000000,76822.52000000,76834.36000000,29.36
1779235200000000,76834.36000000,76896.50000000,76551.42000000,76581.46000000,93.4333
1779236100000000,76581.46000000,76695.28000000,76516.74000000,76695.27000000,51.5376
1779237000000000,76695.28000000,76852.64000000,76629.64000000,76720.70000000,49.8464
1779237900000000,76720.70000000,76788.83000000,76687.83000000,76788.83000000,41.4333
1779238800000000,76788.83000000,76917.06000000,76714.44000000,76871.32000000,87.6682
1779239700000000,76871.31000000,76900.95000000,76562.00000000,76578.30000000,85.9679
1779240600000000,76578.31000000,76706.08000000,76536.59000000,76599.42000000,81.0385
1779241500000000,76599.43000000,76922.46000000,76570.58000000,76820.98000000,103.859
1779242400000000,76820.98000000,76852.65000000,76754.98000000,76808.27000000,78.3913
1779243300000000,76808.28000000,76909.62000000,76770.98000000,76775.35000000,100.31
1779244200000000,76775.35000000,76775.36000000,76610.98000000,76622.22000000,75.3723
1779245100000000,76622.23000000,76709.97000000,76600.00000000,76690.42000000,39.1765
1779246000000000,76690.42000000,76690.42000000,76604.99000000,76650.15000000,318.586
1779246900000000,76650.15000000,76829.61000000,76628.44000000,76815.64000000,255.195
1779247800000000,76815.63000000,76815.63000000,76741.87000000,76750.00000000,55.5736
1779248700000000,76750.00000000,76762.85000000,76723.54000000,76723.54000000,44.4118
1779249600000000,76723.55000000,76836.82000000,76723.55000000,76825.73000000,94.0252
1779250500000000,76825.74000000,76825.74000000,76772.82000000,76772.83000000,80.282
1779251400000000,76772.82000000,76785.27000000,76692.00000000,76738.98000000,125.042
1779252300000000,76738.98000000,76813.33000000,76738.98000000,76780.37000000,65.9614
1779253200000000,76780.37000000,77277.08000000,76780.37000000,77230.00000000,455.229
1779254100000000,77229.99000000,77240.00000000,77130.00000000,77165.00000000,179.531
1779255000000000,77165.00000000,77320.00000000,77155.00000000,77155.00000000,241.293
1779255900000000,77155.00000000,77217.94000000,77155.00000000,77196.99000000,97.1825
1779256800000000,77196.99000000,77241.92000000,77179.93000000,77236.79000000,147.202
1779257700000000,77236.79000000,77362.37000000,77236.78000000,77286.01000000,101.297
1779258600000000,77286.01000000,77320.17000000,77250.00000000,77320.17000000,156.517
1779259500000000,77320.17000000,77422.00000000,77276.22000000,77414.11000000,123.108
1779260400000000,77414.10000000,77422.00000000,77320.64000000,77385.44000000,120.464
1779261300000000,77385.44000000,77472.21000000,77322.32000000,77399.56000000,80.4759
1779262200000000,77399.57000000,77408.00000000,77335.52000000,77376.92000000,65.7369
1779263100000000,77376.91000000,77376.92000000,77241.13000000,77282.64000000,84.7449
1779264000000000,77282.65000000,77331.91000000,77253.33000000,77281.10000000,77.948
1779264900000000,77281.11000000,77297.82000000,77210.33000000,77282.19000000,83.3692
1779265800000000,77282.20000000,77635.52000000,77282.20000000,77526.68000000,273.395
1779266700000000,77526.68000000,77550.01000000,77449.99000000,77458.04000000,114.188
1779267600000000,77458.05000000,77483.30000000,77395.67000000,77424.30000000,97.3868
1779268500000000,77424.30000000,77507.07000000,77365.94000000,77499.75000000,104.482
1779269400000000,77499.76000000,77543.59000000,77492.92000000,77509.63000000,84.3428
1779270300000000,77509.63000000,77523.68000000,77451.99000000,77485.13000000,74.691
1779271200000000,77485.14000000,77605.24000000,77485.14000000,77605.23000000,101.813
1779272100000000,77605.24000000,77656.25000000,77565.54000000,77631.49000000,159.428
1779273000000000,77631.50000000,77663.00000000,77522.27000000,77555.33000000,90.0659
1779273900000000,77555.33000000,77592.59000000,77517.45000000,77517.45000000,58.4921
1779274800000000,77517.46000000,77569.10000000,77471.62000000,77475.80000000,129.547
1779275700000000,77475.80000000,77506.21000000,77460.84000000,77467.90000000,96.15
1779276600000000,77467.90000000,77488.20000000,77350.00000000,77391.69000000,80.1854
1779277500000000,77391.69000000,77417.57000000,77328.20000000,77382.49000000,56.9285
1779278400000000,77382.50000000,77476.30000000,77365.52000000,77445.74000000,67.8005
1779279300000000,77445.75000000,77533.69000000,77376.28000000,77501.54000000,60.3116
1779280200000000,77501.55000000,77550.00000000,77498.86000000,77529.98000000,56.2646
1779281100000000,77529.98000000,77748.05000000,77529.98000000,77617.26000000,193.034
1779282000000000,77617.26000000,77650.62000000,77459.03000000,77466.07000000,86.8647
1779282900000000,77466.07000000,77483.40000000,77281.25000000,77303.08000000,88.3779
1779283800000000,77303.08000000,77344.41000000,76968.05000000,77091.99000000,340.981
1779284700000000,77091.48000000,77361.16000000,77054.22000000,77204.61000000,165.989
1779285600000000,77204.61000000,77272.83000000,76891.61000000,77113.81000000,369.533
1779286500000000,77113.82000000,77574.29000000,77113.82000000,77412.90000000,460.328
1779287400000000,77412.90000000,77509.38000000,77280.77000000,77395.75000000,232.55
1779288300000000,77395.74000000,77557.47000000,77381.52000000,77446.08000000,139.984
1779289200000000,77446.01000000,77472.74000000,77300.00000000,77322.00000000,88.1087
1779290100000000,77322.01000000,77853.04000000,77322.00000000,77553.46000000,433.752
1779291000000000,77553.47000000,77641.01000000,77374.42000000,77450.57000000,155.555
1779291900000000,77450.58000000,77580.00000000,77382.00000000,77455.46000000,100.335
1779292800000000,77455.45000000,77557.00000000,77434.00000000,77494.08000000,46.0394
1779293700000000,77494.08000000,77494.08000000,77018.38000000,77088.00000000,159.239
1779294600000000,77088.00000000,77356.34000000,77030.88000000,77337.70000000,114.868
1779295500000000,77337.70000000,77361.64000000,77244.07000000,77338.60000000,87.3177
1779296400000000,77338.60000000,77450.00000000,77230.86000000,77396.35000000,110.714
1779297300000000,77396.36000000,77641.70000000,77350.00000000,77570.00000000,99.3877
1779298200000000,77570.01000000,77710.02000000,77518.00000000,77661.29000000,100.604
1779299100000000,77661.28000000,77713.66000000,77536.06000000,77568.95000000,190.643
1779300000000000,77568.95000000,77597.52000000,77480.43000000,77480.44000000,112.553
1779300900000000,77480.43000000,77634.52000000,77443.77000000,77516.16000000,202.733
1779301800000000,77516.16000000,77557.02000000,77459.18000000,77489.27000000,56.468
1779302700000000,77489.28000000,77493.48000000,77398.63000000,77415.09000000,42.7557
1779303600000000,77415.09000000,77461.68000000,77350.71000000,77404.36000000,82.9668
1779304500000000,77404.36000000,77562.72000000,77372.21000000,77562.71000000,138.994
1779305400000000,77562.71000000,77647.45000000,77535.83000000,77632.06000000,106.966
1779306300000000,77632.06000000,77709.68000000,77599.23000000,77667.49000000,60.0386
1779307200000000,77667.49000000,77750.59000000,77582.22000000,77740.61000000,107.417
1779308100000000,77740.61000000,77743.59000000,77476.19000000,77684.04000000,150.286
1779309000000000,77684.23000000,77740.41000000,77598.51000000,77691.17000000,53.9845
1779309900000000,77691.18000000,77760.00000000,77679.32000000,77720.01000000,46.0226
1779310800000000,77720.01000000,77766.60000000,77639.37000000,77754.24000000,41.8378
1779311700000000,77754.24000000,77759.73000000,77603.36000000,77615.51000000,33.7233
1779312600000000,77615.50000000,77651.52000000,77590.07000000,77624.73000000,42.3759
1779313500000000,77624.73000000,77660.31000000,77500.00000000,77500.01000000,40.0693
1779314400000000,77500.01000000,77500.01000000,77300.00000000,77373.88000000,200.716
1779315300000000,77373.89000000,77443.45000000,77226.61000000,77434.01000000,84.5917
1779316200000000,77434.01000000,77496.82000000,77379.34000000,77442.31000000,46.2997
1779317100000000,77442.31000000,77504.69000000,77442.30000000,77504.69000000,36.3496
1779318000000000,77504.69000000,77504.69000000,77399.75000000,77456.51000000,72.2917
1779318900000000,77456.52000000,77462.01000000,77386.93000000,77394.19000000,48.5009
1779319800000000,77394.19000000,77489.29000000,77394.18000000,77485.69000000,26.333
1779320700000000,77485.69000000,77559.34000000,77459.00000000,77552.23000000,51.1032
1779321600000000,77552.24000000,77686.00000000,77525.00000000,77664.96000000,158.739
1779322500000000,77664.97000000,77728.64000000,77605.06000000,77728.64000000,71.0552
1779323400000000,77728.64000000,77749.99000000,77698.66000000,77734.99000000,69.8017
1779324300000000,77735.00000000,78071.42000000,77734.99000000,77967.09000000,248.238
1779325200000000,77967.09000000,78132.01000000,77929.02000000,78129.27000000,138.79
1779326100000000,78129.26000000,78173.15000000,77818.96000000,77877.00000000,156.692
1779327000000000,77877.00000000,77974.98000000,77820.00000000,77894.86000000,88.4697
1779327900000000,77894.86000000,77970.75000000,77800.00000000,77863.85000000,69.7656
1779328800000000,77863.85000000,77913.77000000,77820.10000000,77874.00000000,57.513
1779329700000000,77874.00000000,78100.00000000,77868.00000000,78037.41000000,138.261
1779330600000000,78037.40000000,78073.40000000,77990.00000000,78031.86000000,504.533
1779331500000000,78031.86000000,78031.86000000,77948.75000000,77955.78000000,120.491
1779332400000000,77955.78000000,78019.50000000,77928.50000000,77959.68000000,258.558
1779333300000000,77959.68000000,78042.01000000,77908.00000000,78034.90000000,60.3207
1779334200000000,78034.90000000,78034.90000000,77996.09000000,78019.05000000,48.9222
1779335100000000,78019.05000000,78098.85000000,78000.00000000,78078.72000000,73.8059
1779336000000000,78078.72000000,78180.01000000,77968.60000000,77977.76000000,144.69
1779336900000000,77977.77000000,78030.01000000,77965.36000000,78026.32000000,96.5707
1779337800000000,78026.33000000,78035.77000000,77969.07000000,77982.13000000,96.0294
1779338700000000,77982.14000000,78052.21000000,77982.13000000,78035.80000000,28.5031
1779339600000000,78035.80000000,78147.07000000,77891.31000000,77912.54000000,119.869
1779340500000000,77912.55000000,77947.77000000,77866.66000000,77869.36000000,77.7424
1779341400000000,77869.35000000,77914.34000000,77842.42000000,77860.02000000,86.2499
1779342300000000,77860.01000000,77860.02000000,77714.94000000,77828.00000000,106.512
1779343200000000,77828.00000000,77873.15000000,77730.16000000,77769.96000000,53.0088
1779344100000000,77769.96000000,77855.44000000,77715.00000000,77777.00000000,87.3825
1779345000000000,77777.01000000,77817.00000000,77648.32000000,77675.60000000,54.8754
1779345900000000,77675.60000000,77675.60000000,77533.45000000,77622.14000000,122.152
1779346800000000,77622.14000000,77698.52000000,77564.64000000,77607.14000000,120.549
1779347700000000,77607.15000000,77611.97000000,77521.00000000,77611.97000000,95.5571
1779348600000000,77611.97000000,77720.25000000,77611.96000000,77720.25000000,80.3355
1779349500000000,77720.24000000,77901.06000000,77720.24000000,77889.01000000,84.0647
1779350400000000,77889.01000000,78200.00000000,77889.01000000,78137.12000000,196.936
1779351300000000,78137.11000000,78174.73000000,77935.97000000,78055.35000000,112.135
1779352200000000,78055.35000000,78055.36000000,77890.69000000,77926.99000000,144.613
1779353100000000,77927.00000000,77955.25000000,77885.53000000,77924.63000000,39.7901
1779354000000000,77924.63000000,77977.53000000,77883.00000000,77935.68000000,44.974
1779354900000000,77935.67000000,77953.31000000,77917.14000000,77928.40000000,28.5514
1779355800000000,77928.39000000,77940.27000000,77675.29000000,77690.41000000,116.136
1779356700000000,77690.41000000,77710.00000000,77633.02000000,77633.02000000,88.2661
1779357600000000,77633.03000000,77675.68000000,77621.02000000,77632.07000000,73.0613
1779358500000000,77632.08000000,77678.01000000,77190.09000000,77383.30000000,355.246
1779359400000000,77383.30000000,77445.31000000,77210.00000000,77363.33000000,169.277
1779360300000000,77363.33000000,77371.99000000,77192.37000000,77198.08000000,185.851
1779361200000000,77198.09000000,77345.70000000,77147.15000000,77310.69000000,118.207
1779362100000000,77310.69000000,77370.62000000,77278.00000000,77323.10000000,93.7402
1779363000000000,77323.10000000,77372.00000000,77216.85000000,77256.82000000,80.8896
1779363900000000,77256.82000000,77260.01000000,77182.00000000,77189.10000000,87.2011
1779364800000000,77189.10000000,77278.37000000,77168.17000000,77194.00000000,103.864
1779365700000000,77194.00000000,77220.45000000,77097.16000000,77115.08000000,70.7143
1779366600000000,77115.09000000,77323.13000000,77080.72000000,77243.74000000,128.693
1779367500000000,77243.73000000,77363.32000000,77243.73000000,77278.53000000,79.4014
1779368400000000,77278.52000000,77358.05000000,77255.22000000,77263.00000000,89.9029
1779369300000000,77263.00000000,77308.58000000,77202.14000000,77303.73000000,93.701
1779370200000000,77303.73000000,77315.40000000,76719.47000000,76756.60000000,428.672
1779371100000000,76756.60000000,77190.00000000,76746.48000000,77122.68000000,249.899
1779372000000000,77122.67000000,77240.82000000,77046.00000000,77086.00000000,159.517
1779372900000000,77086.01000000,77090.54000000,76788.80000000,77059.58000000,236.812
1779373800000000,77059.58000000,77197.81000000,76946.77000000,76986.01000000,164.899
1779374700000000,76986.01000000,77034.01000000,76888.00000000,76984.61000000,136.724
1779375600000000,76984.61000000,77230.01000000,76900.00000000,77152.94000000,147.056
1779376500000000,77152.93000000,77319.82000000,77120.13000000,77272.00000000,94.7196
1779377400000000,77271.99000000,77287.09000000,77069.77000000,77218.96000000,101.974
1779378300000000,77218.97000000,77402.12000000,77168.00000000,77259.46000000,67.3545
1779379200000000,77259.45000000,77344.01000000,77226.09000000,77275.90000000,84.5388
1779380100000000,77275.89000000,77287.93000000,77112.52000000,77182.01000000,70.1962
1779381000000000,77182.00000000,77287.48000000,77034.20000000,77059.57000000,89.0755
1779381900000000,77059.58000000,77207.93000000,77008.75000000,77207.93000000,160.525
1779382800000000,77207.92000000,77570.83000000,77181.83000000,77510.01000000,468.33
1779383700000000,77510.01000000,78000.00000000,77498.85000000,77980.54000000,457.905
1779384600000000,77980.54000000,78047.46000000,77862.51000000,77898.95000000,193.007
1779385500000000,77898.95000000,78098.16000000,77790.38000000,77869.38000000,172.721
1779386400000000,77869.38000000,77922.01000000,77630.00000000,77697.17000000,143.509
1779387300000000,77697.17000000,77897.36000000,77638.01000000,77741.59000000,82.7021
1779388200000000,77741.60000000,77810.80000000,77724.00000000,77757.69000000,62.9772
1779389100000000,77757.69000000,77757.70000000,77230.00000000,77387.74000000,270.727
1779390000000000,77387.74000000,77593.86000000,77365.97000000,77540.01000000,123.735
1779390900000000,77540.01000000,77615.73000000,77519.69000000,77541.21000000,154.233
1779391800000000,77541.21000000,77645.14000000,77541.21000000,77628.01000000,38.3884
1779392700000000,77628.00000000,77802.51000000,77617.25000000,77690.56000000,120.748
1779393600000000,77690.56000000,77739.18000000,77664.72000000,77712.56000000,27.1187
1779394500000000,77712.56000000,77727.73000000,77692.00000000,77692.01000000,23.6834
1779395400000000,77692.01000000,77804.75000000,77647.75000000,77694.01000000,57.9864
1779396300000000,77694.01000000,77801.98000000,77658.20000000,77705.81000000,35.9735
1779397200000000,77705.80000000,77810.05000000,77705.80000000,77775.15000000,61.7662
1779398100000000,77775.15000000,77812.76000000,77762.55000000,77812.76000000,36.8625
1779399000000000,77813.22000000,77813.35000000,77701.78000000,77722.12000000,43.3013
1779399900000000,77722.12000000,77722.12000000,77645.40000000,77672.29000000,41.0401
1779400800000000,77672.30000000,77750.61000000,77617.17000000,77658.44000000,48.1234
1779401700000000,77658.44000000,77698.95000000,77600.00000000,77698.95000000,23.6782
1779402600000000,77698.95000000,77716.40000000,77555.33000000,77640.67000000,41.6127
1779403500000000,77640.68000000,77660.95000000,77610.07000000,77628.00000000,16.9685
1779404400000000,77628.01000000,77717.24000000,77565.59000000,77565.60000000,37.2369
1779405300000000,77565.60000000,77660.60000000,77534.43000000,77655.11000000,21.4405
1779406200000000,77655.12000000,77745.39000000,77638.01000000,77708.92000000,32.3991
1779407100000000,77708.92000000,77741.59000000,77599.13000000,77615.52000000,68.921
1779408000000000,77615.52000000,77628.38000000,77440.85000000,77442.49000000,79.2646
1779408900000000,77442.50000000,77547.56000000,77416.83000000,77484.00000000,42.3836
1779409800000000,77484.00000000,77562.01000000,77394.30000000,77472.95000000,38.5514
1779410700000000,77472.95000000,77510.67000000,77369.49000000,77373.57000000,68.4231
1779411600000000,77373.57000000,77514.01000000,77327.28000000,77514.01000000,55.386
1779412500000000,77514.00000000,77541.80000000,77446.31000000,77473.44000000,99.2341
1779413400000000,77473.43000000,77521.64000000,77356.66000000,77521.64000000,48.3448
1779414300000000,77521.64000000,77673.50000000,77521.63000000,77616.00000000,49.9012
1779415200000000,77616.00000000,77700.83000000,77615.99000000,77669.97000000,94.6043
1779416100000000,77669.96000000,77728.01000000,77619.32000000,77663.73000000,42.1034
1779417000000000,77663.73000000,77705.27000000,77608.06000000,77631.05000000,33.1226
1779417900000000,77631.04000000,77704.75000000,77593.16000000,77673.36000000,74.981
1779418800000000,77673.37000000,77779.71000000,77673.36000000,77713.89000000,36.8072
1779419700000000,77713.89000000,77794.92000000,77686.10000000,77794.91000000,30.9329
1779420600000000,77794.91000000,77806.25000000,77750.60000000,77787.14000000,39.7977
1779421500000000,77787.13000000,77817.80000000,77748.65000000,77779.98000000,50.4637
1779422400000000,77779.98000000,77889.52000000,77779.98000000,77878.32000000,101.603
1779423300000000,77878.31000000,77900.00000000,77775.00000000,77803.92000000,100.765
1779424200000000,77803.92000000,77810.58000000,77687.17000000,77692.58000000,176.958
1779425100000000,77692.58000000,77696.70000000,77637.99000000,77655.42000000,96.441
1779426000000000,77655.43000000,77726.00000000,77621.00000000,77687.42000000,93.1657
1779426900000000,77687.43000000,77699.20000000,77575.51000000,77602.39000000,44.3754
1779427800000000,77602.39000000,77637.30000000,77532.60000000,77591.40000000,132.285
1779428700000000,77591.39000000,77669.90000000,77454.56000000,77489.00000000,74.491
1779429600000000,77489.00000000,77525.85000000,77433.16000000,77490.06000000,80.7177
1779430500000000,77490.05000000,77490.06000000,77417.65000000,77466.28000000,137.154
1779431400000000,77466.29000000,77481.62000000,77406.61000000,77481.42000000,233.066
1779432300000000,77481.42000000,77515.00000000,77370.40000000,77423.41000000,91.8962
1779433200000000,77423.41000000,77426.73000000,77288.77000000,77374.96000000,122.453
1779434100000000,77374.96000000,77524.30000000,77374.95000000,77509.05000000,64.7795
1779435000000000,77509.04000000,77543.38000000,77441.27000000,77479.04000000,116.938
1779435900000000,77479.04000000,77479.04000000,77400.00000000,77408.06000000,89.7548
1779436800000000,77408.07000000,77464.82000000,77367.92000000,77404.82000000,75.2708
1779437700000000,77404.81000000,77535.00000000,77404.81000000,77490.56000000,143.51
1779438600000000,77490.55000000,77495.48000000,77216.00000000,77324.41000000,202.439
1779439500000000,77324.41000000,77357.43000000,77257.58000000,77267.38000000,88.436
1779440400000000,77267.39000000,77292.04000000,77207.48000000,77212.36000000,68.7255
1779441300000000,77212.36000000,77308.85000000,77200.00000000,77266.01000000,63.6551
1779442200000000,77266.00000000,77321.75000000,77207.39000000,77315.90000000,67.092
1779443100000000,77315.90000000,77360.00000000,77260.18000000,77307.11000000,76.8569
1779444000000000,77307.12000000,77349.76000000,77289.44000000,77315.25000000,98.9458
1779444900000000,77315.25000000,77350.17000000,77261.73000000,77347.24000000,73.2406
1779445800000000,77347.23000000,77363.01000000,77303.96000000,77336.15000000,41.4448
1779446700000000,77336.15000000,77338.17000000,77282.91000000,77312.00000000,61.387
1779447600000000,77311.99000000,77360.00000000,77292.26000000,77303.79000000,120.627
1779448500000000,77303.79000000,77357.21000000,77184.45000000,77315.24000000,151.947
1779449400000000,77315.23000000,77349.44000000,77304.13000000,77343.90000000,34.1838
1779450300000000,77343.90000000,77430.55000000,77330.86000000,77428.84000000,68.7728
1779451200000000,77428.83000000,77558.01000000,77395.45000000,77535.89000000,119.354
1779452100000000,77535.89000000,77584.94000000,77413.33000000,77432.23000000,98.1514
1779453000000000,77432.23000000,77463.37000000,77405.40000000,77424.94000000,54.6489
1779453900000000,77424.95000000,77533.91000000,77424.94000000,77533.90000000,45.2618
1779454800000000,77533.91000000,77547.56000000,77464.05000000,77493.12000000,70.3139
1779455700000000,77493.11000000,77528.61000000,77306.59000000,77306.59000000,61.5392
1779456600000000,77306.59000000,77371.38000000,77130.99000000,77199.33000000,218.658
1779457500000000,77199.33000000,77296.14000000,77155.35000000,77290.01000000,68.6788
1779458400000000,77290.00000000,77290.00000000,76950.17000000,77066.40000000,300.498
1779459300000000,77066.40000000,77102.37000000,76777.00000000,76857.59000000,321.937
1779460200000000,76857.59000000,76857.60000000,76781.11000000,76826.50000000,166.749
1779461100000000,76826.50000000,76861.56000000,76751.00000000,76774.23000000,215.478
1779462000000000,76774.23000000,76963.98000000,76676.00000000,76770.99000000,284.626
1779462900000000,76771.00000000,76912.97000000,76570.00000000,76912.96000000,315.54
1779463800000000,76912.96000000,77030.64000000,76647.00000000,76719.99000000,171.088
1779464700000000,76719.99000000,76823.70000000,76664.88000000,76790.59000000,101.315
1779465600000000,76790.60000000,76891.88000000,76767.00000000,76869.36000000,98.9731
1779466500000000,76869.37000000,76947.84000000,76809.39000000,76938.67000000,71.2737
1779467400000000,76938.66000000,76975.10000000,76867.41000000,76896.64000000,98.2758
1779468300000000,76896.64000000,77006.69000000,76896.64000000,76950.68000000,212.528
1779469200000000,76950.67000000,77012.19000000,76891.43000000,76962.78000000,56.4475
1779470100000000,76962.79000000,77069.77000000,76777.00000000,77060.14000000,140.702
1779471000000000,77060.13000000,77093.72000000,76920.00000000,76970.01000000,67.7268
1779471900000000,76970.01000000,76973.62000000,76750.00000000,76750.00000000,57.4977
1779472800000000,76750.01000000,76823.05000000,76695.44000000,76821.92000000,86.4127
1779473700000000,76821.92000000,76898.00000000,76801.05000000,76806.58000000,50.1221
1779474600000000,76806.57000000,76812.86000000,76589.00000000,76589.00000000,159.029
1779475500000000,76589.01000000,76593.13000000,76101.00000000,76537.47000000,514.178
1779476400000000,76537.47000000,76590.68000000,76210.00000000,76241.93000000,131.065
1779477300000000,76241.94000000,76405.10000000,76200.00000000,76259.51000000,101.814
1779478200000000,76259.52000000,76276.56000000,75668.76000000,75814.49000000,847.311
1779479100000000,75814.49000000,75947.43000000,75689.84000000,75860.44000000,121.699
1779480000000000,75860.44000000,76018.00000000,75835.69000000,75927.69000000,104.161
1779480900000000,75927.68000000,75984.47000000,75886.00000000,75972.10000000,71.0086
1779481800000000,75972.09000000,75972.09000000,75826.00000000,75933.50000000,133.459
1779482700000000,75933.50000000,76080.95000000,75895.84000000,75984.47000000,106.698
1779483600000000,75984.47000000,76027.80000000,75951.60000000,75995.96000000,51.3867
1779484500000000,75995.96000000,76038.35000000,75974.75000000,76031.97000000,72.9688
1779485400000000,76031.97000000,76087.85000000,75926.20000000,75991.93000000,156.993
1779486300000000,75991.99000000,76068.39000000,75976.29000000,75978.83000000,68.5029
1779487200000000,75978.83000000,75978.84000000,75844.73000000,75915.39000000,91.9297
1779488100000000,75915.39000000,75915.40000000,75757.88000000,75799.42000000,93.2946
1779489000000000,75799.42000000,75873.54000000,75558.28000000,75654.62000000,225.237
1779489900000000,75654.62000000,75757.61000000,75632.49000000,75737.52000000,63.0675
1779490800000000,75737.53000000,75881.18000000,75737.53000000,75855.76000000,59.6302
1779491700000000,75855.76000000,75862.34000000,75681.93000000,75681.93000000,122.669
1779492600000000,75681.93000000,75809.89000000,75662.89000000,75796.09000000,100.134
1779493500000000,75796.09000000,75796.09000000,75359.18000000,75539.50000000,244.649
1779494400000000,75539.50000000,75635.59000000,75421.01000000,75462.86000000,180.885
1779495300000000,75462.86000000,75519.57000000,75408.26000000,75486.11000000,125.342
1779496200000000,75486.12000000,75494.84000000,75220.00000000,75283.02000000,342.262
1779497100000000,75283.02000000,75419.87000000,75283.01000000,75352.64000000,179.894
1779498000000000,75352.64000000,75500.00000000,75352.63000000,75408.88000000,162.694
1779498900000000,75408.88000000,75491.06000000,75368.34000000,75468.00000000,104.166
1779499800000000,75468.00000000,75500.00000000,75409.48000000,75463.15000000,121.935
1779500700000000,75463.15000000,75500.00000000,75350.00000000,75489.84000000,77.2093
1779501600000000,75489.83000000,75542.23000000,75417.56000000,75471.48000000,174.887
1779502500000000,75471.48000000,75541.94000000,75462.89000000,75473.06000000,52.9116
1779503400000000,75473.06000000,75520.00000000,75464.47000000,75494.95000000,56.6051
1779504300000000,75494.95000000,75581.27000000,75494.94000000,75572.07000000,50.0248
1779505200000000,75572.07000000,75611.83000000,75563.33000000,75611.82000000,43.9093
1779506100000000,75611.83000000,75623.93000000,75584.48000000,75599.00000000,162.086
1779507000000000,75599.01000000,75664.62000000,75595.15000000,75662.12000000,32.5362
1779507900000000,75662.12000000,75662.13000000,75633.14000000,75635.22000000,28.7621
1779508800000000,75635.22000000,75646.79000000,75629.00000000,75640.00000000,18.7021
1779509700000000,75640.00000000,75640.00000000,75557.75000000,75588.00000000,72.1602
1779510600000000,75587.99000000,75650.63000000,75518.00000000,75518.01000000,42.144
1779511500000000,75518.00000000,75543.33000000,75507.01000000,75539.77000000,65.5969
1779512400000000,75539.77000000,75562.40000000,75518.00000000,75523.81000000,86.5863
1779513300000000,75523.81000000,75552.40000000,75478.43000000,75488.61000000,58.8465
1779514200000000,75488.60000000,75519.78000000,75470.97000000,75519.78000000,51.5211
1779515100000000,75519.78000000,75526.48000000,75469.89000000,75482.68000000,70.2517
1779516000000000,75482.68000000,75501.09000000,75472.06000000,75472.98000000,48.1385
1779516900000000,75472.99000000,75495.10000000,75450.01000000,75458.40000000,49.7015
1779517800000000,75458.41000000,75491.31000000,75419.72000000,75452.45000000,40.9719
1779518700000000,75452.44000000,75452.45000000,75394.54000000,75398.33000000,50.6602
1779519600000000,75398.33000000,75443.44000000,75266.74000000,75363.40000000,150.143
1779520500000000,75363.40000000,75363.40000000,75222.22000000,75292.79000000,85.1076
1779521400000000,75292.78000000,75348.17000000,75158.44000000,75292.60000000,199.134
1779522300000000,75292.60000000,75292.61000000,74289.60000000,74609.36000000,1601.32
1779523200000000,74609.37000000,74712.78000000,74501.77000000,74658.40000000,228.547
1779524100000000,74658.39000000,74746.67000000,74600.76000000,74608.87000000,207.139
1779525000000000,74608.88000000,74618.50000000,74303.56000000,74451.64000000,308.988
1779525900000000,74451.63000000,74687.25000000,74417.88000000,74684.30000000,219.273
1779526800000000,74684.29000000,74688.23000000,74624.50000000,74662.02000000,135.933
1779527700000000,74662.01000000,74692.00000000,74662.01000000,74687.73000000,69.0108
1779528600000000,74687.73000000,74749.99000000,74661.44000000,74740.26000000,148.553
1779529500000000,74740.26000000,74752.45000000,74656.90000000,74656.91000000,78.0098
1779530400000000,74656.91000000,74754.12000000,74656.91000000,74744.32000000,91.9664
1779531300000000,74745.18000000,74754.00000000,74718.65000000,74745.76000000,42.0241
1779532200000000,74745.77000000,74797.01000000,74725.25000000,74766.83000000,260.956
1779533100000000,74766.84000000,74786.76000000,74704.79000000,74705.00000000,230.776
1779534000000000,74705.00000000,74812.85000000,74704.99000000,74779.99000000,136.524
1779534900000000,74780.00000000,74873.55000000,74780.00000000,74853.96000000,122.163
1779535800000000,74853.95000000,74853.96000000,74779.99000000,74780.00000000,96.7771
1779536700000000,74780.00000000,74832.49000000,74779.99000000,74789.99000000,132.455
1779537600000000,74789.99000000,74798.41000000,74697.66000000,74722.56000000,109.194
1779538500000000,74722.56000000,74755.20000000,74660.05000000,74736.90000000,212.485
1779539400000000,74736.90000000,74780.01000000,74732.53000000,74737.07000000,127.995
1779540300000000,74737.08000000,74753.94000000,74720.54000000,74753.93000000,121.143
1779541200000000,74753.94000000,75000.00000000,74753.93000000,74929.99000000,132.93
1779542100000000,74929.98000000,75048.78000000,74929.98000000,74988.01000000,129.806
1779543000000000,74988.01000000,75039.65000000,74885.42000000,74939.45000000,212.917
1779543900000000,74939.45000000,75262.86000000,74939.45000000,75213.90000000,340.246
1779544800000000,75213.90000000,75246.25000000,75108.15000000,75190.00000000,209.97
1779545700000000,75190.00000000,75350.00000000,75189.99000000,75323.05000000,196.334
1779546600000000,75323.06000000,75479.36000000,75291.46000000,75467.23000000,187.17
1779547500000000,75467.23000000,75726.30000000,75400.36000000,75537.72000000,328.587
1779548400000000,75537.73000000,75654.02000000,75487.19000000,75649.55000000,191.151
1779549300000000,75649.54000000,75676.00000000,75519.89000000,75544.74000000,144.053
1779550200000000,75544.74000000,75544.74000000,75405.40000000,75503.43000000,183.862
1779551100000000,75503.42000000,75545.29000000,75479.05000000,75520.00000000,115.657
1779552000000000,75519.99000000,75638.62000000,75519.99000000,75535.04000000,82.2901
1779552900000000,75535.04000000,75554.43000000,75415.17000000,75475.39000000,83.0235
1779553800000000,75475.40000000,75565.40000000,75471.52000000,75500.00000000,72.1776
1779554700000000,75500.01000000,75539.99000000,75419.70000000,75444.70000000,174.461
1779555600000000,75444.71000000,75520.00000000,75427.99000000,75454.67000000,201.931
1779556500000000,75454.67000000,75502.99000000,75422.65000000,75474.80000000,49.1968
1779557400000000,75474.80000000,75511.26000000,75413.73000000,75427.66000000,227.404
1779558300000000,75427.65000000,75522.00000000,75371.72000000,75488.18000000,87.6702
1779559200000000,75488.17000000,75827.62000000,75472.04000000,75700.09000000,115.766
1779560100000000,75700.09000000,75935.00000000,75660.00000000,75835.15000000,117.241
1779561000000000,75835.15000000,75986.24000000,75818.66000000,75896.16000000,113.472
1779561900000000,75896.17000000,75905.86000000,75761.33000000,75845.82000000,82.7388
1779562800000000,75845.82000000,75874.87000000,75780.90000000,75795.35000000,103.766
1779563700000000,75795.36000000,76000.00000000,75795.36000000,75956.04000000,101.877
1779564600000000,75956.04000000,75977.25000000,75881.38000000,75933.73000000,68.3026
1779565500000000,75933.73000000,76012.22000000,75899.71000000,75983.45000000,90.9559
1779566400000000,75983.45000000,76177.46000000,75953.94000000,76085.84000000,160.803
1779567300000000,76085.84000000,76192.23000000,76000.00000000,76000.01000000,118.248
1779568200000000,76000.01000000,76940.00000000,75968.75000000,76830.63000000,542.25
1779569100000000,76831.11000000,77300.00000000,76700.44000000,77287.58000000,421.282
1779570000000000,77286.08000000,77404.18000000,76894.82000000,76978.82000000,420.766
1779570900000000,76978.81000000,77100.00000000,76752.12000000,76752.13000000,289.928
1779571800000000,76752.12000000,76920.00000000,76538.04000000,76700.00000000,306.934
1779572700000000,76699.99000000,76820.00000000,76576.46000000,76804.99000000,129.968
1779573600000000,76805.00000000,76885.00000000,76654.91000000,76654.91000000,123.625
1779574500000000,76654.92000000,76700.00000000,76538.40000000,76545.28000000,72.7674
1779575400000000,76545.28000000,76599.43000000,76396.06000000,76550.00000000,177.821
1779576300000000,76550.00000000,76619.15000000,76499.05000000,76584.45000000,90.0895
1779577200000000,76584.45000000,76784.00000000,76538.36000000,76679.63000000,175.732
1779578100000000,76679.63000000,76754.66000000,76584.45000000,76639.33000000,76.9303
1779579000000000,76639.33000000,76768.64000000,76639.32000000,76708.00000000,98.7622
1779579900000000,76708.01000000,76822.00000000,76685.64000000,76752.01000000,69.0138
1779580800000000,76752.00000000,76794.88000000,76656.00000000,76691.47000000,191.951
1779581700000000,76691.48000000,76732.78000000,76629.02000000,76689.22000000,36.0941
1779582600000000,76689.22000000,76822.00000000,76689.21000000,76748.25000000,40.9802
1779583500000000,76748.24000000,76930.65000000,76737.46000000,76835.16000000,123.518
1779584400000000,76835.16000000,76882.00000000,76754.53000000,76790.40000000,48.8637
1779585300000000,76790.40000000,76920.00000000,76786.72000000,76905.01000000,60.9695
1779586200000000,76905.00000000,76921.45000000,76814.52000000,76829.46000000,40.7085
1779587100000000,76829.47000000,76899.85000000,76804.00000000,76890.04000000,74.6996
1779588000000000,76890.04000000,76924.41000000,76850.00000000,76914.97000000,42.2812
1779588900000000,76914.97000000,76968.04000000,76704.32000000,76752.82000000,66.6854
1779589800000000,76752.83000000,76852.04000000,76752.82000000,76825.78000000,54.0899
1779590700000000,76825.79000000,76850.00000000,76821.60000000,76830.00000000,22.8176
1779591600000000,76830.01000000,77011.62000000,76804.22000000,76924.99000000,66.8609
1779592500000000,76925.00000000,76925.00000000,76868.82000000,76909.34000000,26.007
1779593400000000,76909.34000000,76909.34000000,76738.50000000,76757.39000000,90.1541
1779594300000000,76757.40000000,76804.00000000,76750.00000000,76750.00000000,65.0234
1779595200000000,76750.01000000,76858.26000000,76750.01000000,76842.44000000,78.5654
1779596100000000,76842.45000000,76844.69000000,76763.51000000,76765.39000000,29.1474
1779597000000000,76765.40000000,76777.56000000,76730.00000000,76777.44000000,25.4043
1779597900000000,76777.44000000,76818.19000000,76740.70000000,76786.50000000,30.5262
1779598800000000,76786.50000000,76786.50000000,76730.00000000,76742.50000000,34.8592
1779599700000000,76742.50000000,76742.50000000,76676.88000000,76705.91000000,88.7607
1779600600000000,76705.90000000,76725.99000000,76651.59000000,76651.60000000,42.1853
1779601500000000,76651.60000000,76861.78000000,76651.59000000,76822.23000000,36.3629
1779602400000000,76822.23000000,76861.78000000,76812.79000000,76851.55000000,43.9031
1779603300000000,76851.56000000,76851.56000000,76716.02000000,76743.00000000,28.5885
1779604200000000,76743.01000000,76816.63000000,76734.22000000,76816.63000000,76.6433
1779605100000000,76816.63000000,77065.94000000,76795.52000000,76987.58000000,108.757
1779606000000000,76987.58000000,77014.24000000,76900.00000000,76902.68000000,56.2368
1779606900000000,76902.68000000,76908.00000000,76870.00000000,76898.79000000,17.5512
1779607800000000,76898.79000000,76917.20000000,76843.10000000,76889.27000000,71.0382
1779608700000000,76889.26000000,76889.27000000,76786.20000000,76799.99000000,49.1389
1779609600000000,76799.99000000,76824.39000000,76734.42000000,76741.31000000,62.4957
1779610500000000,76741.32000000,76847.24000000,76741.31000000,76818.66000000,60.0801
1779611400000000,76818.66000000,76861.77000000,76788.73000000,76807.56000000,43.3344
1779612300000000,76807.56000000,76830.69000000,76794.74000000,76830.69000000,61.0393
1779613200000000,76830.69000000,76908.00000000,76821.86000000,76899.57000000,50.6372
1779614100000000,76899.57000000,76989.08000000,76892.02000000,76956.07000000,174.053
1779615000000000,76956.07000000,77046.67000000,76909.05000000,76987.20000000,65.0153
1779615900000000,76987.19000000,77033.54000000,76970.93000000,77020.53000000,80.2239
1779616800000000,77020.54000000,77028.28000000,76927.04000000,76946.22000000,47.2533
1779617700000000,76946.21000000,77543.15000000,76946.21000000,77240.00000000,571.521
1779618600000000,77239.99000000,77240.00000000,77085.66000000,77194.69000000,164.228
1779619500000000,77194.69000000,77200.29000000,77129.88000000,77190.74000000,80.6972
1779620400000000,77190.73000000,77356.62000000,77190.73000000,77300.00000000,105.285
1779621300000000,77300.00000000,77352.61000000,77257.82000000,77286.48000000,64.104
1779622200000000,77286.48000000,77323.05000000,77220.00000000,77248.28000000,46.6269
1779623100000000,77248.28000000,77321.22000000,77231.76000000,77320.06000000,69.6517
1779624000000000,77320.06000000,77325.72000000,77166.20000000,77215.99000000,49.808
1779624900000000,77215.99000000,77216.00000000,77054.00000000,77083.84000000,105.465
1779625800000000,77083.84000000,77127.09000000,77044.73000000,77127.09000000,79.3833
1779626700000000,77127.09000000,77127.55000000,77089.83000000,77118.73000000,37.2851
1779627600000000,77118.72000000,77127.54000000,77013.59000000,77047.68000000,54.9353
1779628500000000,77047.69000000,77121.66000000,76956.61000000,76959.48000000,86.3186
1779629400000000,76959.49000000,77018.24000000,76849.03000000,76980.10000000,162.159
1779630300000000,76980.11000000,77000.84000000,76688.89000000,76802.23000000,170.985
1779631200000000,76802.23000000,76840.01000000,76444.01000000,76515.11000000,249.448
1779632100000000,76515.11000000,76570.00000000,76195.36000000,76419.22000000,384.495
1779633000000000,76419.22000000,76539.51000000,76408.32000000,76458.71000000,104.496
1779633900000000,76458.72000000,76520.01000000,76388.00000000,76465.16000000,99.4377
1779634800000000,76465.15000000,76539.38000000,76427.31000000,76509.20000000,81.3733
1779635700000000,76509.20000000,76538.85000000,76417.92000000,76448.15000000,101.974
1779636600000000,76448.15000000,76507.15000000,76430.00000000,76451.78000000,88.2861
1779637500000000,76451.79000000,76474.00000000,76362.78000000,76371.59000000,126.407
1779638400000000,76371.59000000,76693.32000000,76371.59000000,76605.77000000,167.102
1779639300000000,76605.77000000,76734.30000000,76560.00000000,76595.99000000,100.024
1779640200000000,76596.00000000,76596.00000000,76439.58000000,76518.64000000,53.9989
1779641100000000,76518.64000000,76700.00000000,76518.63000000,76671.70000000,38.3363
1779642000000000,76671.69000000,76733.73000000,76619.86000000,76639.20000000,109.406
1779642900000000,76639.19000000,76666.13000000,76566.15000000,76615.25000000,49.0061
1779643800000000,76615.25000000,76723.55000000,76595.30000000,76698.07000000,42.2737
1779644700000000,76698.08000000,76799.99000000,76681.50000000,76693.34000000,48.6269
1779645600000000,76693.34000000,76769.34000000,76630.75000000,76737.46000000,38.96
1779646500000000,76737.46000000,76788.01000000,76676.88000000,76680.47000000,43.1078
1779647400000000,76680.48000000,76708.01000000,76609.99000000,76639.91000000,42.2362
1779648300000000,76639.91000000,76676.89000000,76596.00000000,76665.73000000,23.838
1779649200000000,76665.72000000,76742.49000000,76638.46000000,76638.46000000,27.7916
1779650100000000,76638.45000000,76745.42000000,76611.17000000,76660.73000000,47.4791
1779651000000000,76660.74000000,76735.44000000,76644.48000000,76710.00000000,21.2705
1779651900000000,76710.00000000,76783.51000000,76709.99000000,76773.34000000,28.588
1779652800000000,76773.33000000,76796.18000000,76659.74000000,76688.94000000,50.9082
1779653700000000,76688.95000000,76714.41000000,76596.37000000,76684.25000000,105.484
1779654600000000,76684.25000000,76723.92000000,76652.99000000,76695.09000000,353.9
1779655500000000,76695.08000000,76726.01000000,76625.12000000,76668.40000000,50.0905
1779656400000000,76668.41000000,76748.12000000,76655.39000000,76723.46000000,43.3911
1779657300000000,76723.46000000,76738.77000000,76477.24000000,76534.65000000,68.0997
1779658200000000,76534.66000000,76578.42000000,76126.71000000,76147.39000000,225.379
1779659100000000,76147.40000000,76278.33000000,76108.00000000,76151.14000000,160.931
1779660000000000,76151.14000000,77012.01000000,76132.00000000,76984.71000000,320.944
1779660900000000,76984.70000000,76984.70000000,76811.11000000,76847.83000000,65.9886
1779661800000000,76847.84000000,76968.04000000,76676.92000000,76782.63000000,76.0191
1779662700000000,76782.63000000,76995.87000000,76782.62000000,76803.99000000,80.1632
1779663600000000,76803.99000000,76966.22000000,76803.99000000,76959.55000000,66.7451
1779664500000000,76959.55000000,77017.03000000,76819.20000000,76861.13000000,57.5854
1779665400000000,76861.13000000,77225.97000000,76853.26000000,77200.28000000,129.651
1779666300000000,77200.27000000,77200.28000000,77056.44000000,77064.96000000,62.8022
1779667200000000,77064.96000000,77204.00000000,77064.95000000,77189.88000000,92.8526
1779668100000000,77189.89000000,77256.51000000,77125.76000000,77214.07000000,74.3298
1779669000000000,77214.07000000,77258.59000000,77124.70000000,77124.70000000,51.3702
1779669900000000,77124.71000000,77288.00000000,77094.00000000,77153.01000000,62.7569
1779670800000000,77153.01000000,77199.33000000,77021.08000000,77179.41000000,253.751
1779671700000000,77179.41000000,77245.67000000,77142.94000000,77175.86000000,164.637
1779672600000000,77175.85000000,77219.96000000,77101.19000000,77126.66000000,72.9248
1779673500000000,77126.66000000,77189.29000000,76914.25000000,76945.27000000,83.1119
1779674400000000,76945.28000000,77485.00000000,76945.28000000,77403.24000000,177.208
1779675300000000,77403.23000000,77403.24000000,77036.00000000,77141.28000000,84.1717
1779676200000000,77141.29000000,77175.79000000,77064.51000000,77164.23000000,24.9086
1779677100000000,77164.23000000,77175.79000000,77083.61000000,77108.77000000,27.6761
1779678000000000,77108.77000000,77169.88000000,77066.30000000,77093.75000000,54.6074
1779678900000000,77093.75000000,77150.00000000,77067.24000000,77083.70000000,49.29
1779679800000000,77083.70000000,77122.45000000,77024.57000000,77078.67000000,49.1286
1779680700000000,77078.67000000,77078.68000000,77002.30000000,77026.67000000,45.6792
1779681600000000,77026.68000000,77074.09000000,77004.00000000,77034.38000000,33.7567
1779682500000000,77034.38000000,77175.44000000,76990.78000000,77175.44000000,49.831
1779683400000000,77175.43000000,77244.00000000,77134.74000000,77244.00000000,64.6508
1779684300000000,77243.99000000,77450.00000000,77241.64000000,77391.07000000,103.536
1779685200000000,77391.07000000,77450.00000000,77324.00000000,77421.27000000,95.3838
1779686100000000,77421.26000000,77473.62000000,77361.33000000,77393.63000000,107.546
1779687000000000,77393.63000000,77498.00000000,77391.36000000,77462.34000000,74.4681
1779687900000000,77462.33000000,77462.34000000,77388.66000000,77407.00000000,29.3805
1779688800000000,77406.99000000,77650.00000000,77324.00000000,77332.00000000,233.638
1779689700000000,77332.01000000,77352.56000000,77222.22000000,77277.15000000,60.275
1779690600000000,77277.15000000,77428.00000000,77277.14000000,77413.03000000,49.1367
1779691500000000,77413.04000000,77520.00000000,77400.34000000,77419.87000000,70.8092
1779692400000000,77419.87000000,77520.00000000,77306.08000000,77327.07000000,100.382
1779693300000000,77327.07000000,77354.97000000,77184.62000000,77212.84000000,67.7804
1779694200000000,77212.84000000,77335.97000000,77198.29000000,77317.71000000,109.022
1779695100000000,77317.71000000,77401.12000000,77300.00000000,77401.12000000,98.9342
1779696000000000,77401.11000000,77416.45000000,77280.32000000,77293.45000000,98.6525
1779696900000000,77293.44000000,77366.31000000,77293.44000000,77314.01000000,40.7402
1779697800000000,77314.00000000,77390.00000000,77314.00000000,77347.40000000,130.085
1779698700000000,77347.41000000,77469.64000000,77326.07000000,77456.94000000,83.152
1779699600000000,77456.94000000,77498.77000000,77431.64000000,77460.00000000,68.2794
1779700500000000,77459.94000000,77539.60000000,77425.17000000,77520.00000000,73.8721
1779701400000000,77520.01000000,77699.97000000,77516.00000000,77584.78000000,152.191
1779702300000000,77584.79000000,77671.20000000,77563.15000000,77604.56000000,74.7616
1779703200000000,77604.56000000,77631.58000000,77563.15000000,77631.58000000,86.4552
1779704100000000,77631.58000000,77681.37000000,77520.67000000,77535.42000000,85.573
1779705000000000,77535.41000000,77585.37000000,77516.76000000,77516.76000000,67.8358
1779705900000000,77516.76000000,77561.72000000,77490.37000000,77545.65000000,43.6712
1779706800000000,77545.65000000,77545.65000000,77416.44000000,77444.00000000,87.5226
1779707700000000,77444.01000000,77444.01000000,77412.86000000,77416.44000000,33.6556
1779708600000000,77416.45000000,77516.16000000,77416.44000000,77467.49000000,37.4475
1779709500000000,77467.49000000,77497.74000000,77333.33000000,77357.50000000,50.5523
1779710400000000,77357.50000000,77371.91000000,77286.50000000,77365.33000000,69.4412
1779711300000000,77365.33000000,77420.86000000,77324.21000000,77394.75000000,79.6021
1779712200000000,77394.75000000,77420.86000000,77354.32000000,77358.46000000,47.4016
1779713100000000,77358.46000000,77440.46000000,77299.53000000,77367.98000000,64.8409
1779714000000000,77367.98000000,77450.00000000,77318.73000000,77323.81000000,45.2228
1779714900000000,77323.81000000,77369.15000000,77286.50000000,77334.01000000,46.9113
1779715800000000,77334.01000000,77364.20000000,77298.00000000,77356.31000000,71.4135
1779716700000000,77356.32000000,77359.99000000,77310.07000000,77341.05000000,35.9823
1779717600000000,77341.05000000,77524.01000000,77304.84000000,77478.86000000,114.683
1779718500000000,77478.87000000,77620.00000000,77475.22000000,77619.97000000,151.467
1779719400000000,77619.97000000,77619.97000000,77545.10000000,77577.32000000,141.741
1779720300000000,77577.31000000,77773.69000000,77577.31000000,77714.00000000,195.186
1779721200000000,77713.99000000,77905.52000000,77687.30000000,77711.99000000,239.457
1779722100000000,77712.00000000,77750.35000000,77598.26000000,77603.00000000,127.719
1779723000000000,77603.00000000,77683.11000000,77577.32000000,77655.50000000,80.553
1779723900000000,77655.50000000,77655.50000000,77557.00000000,77628.82000000,51.7748
1779724800000000,77628.82000000,77636.00000000,77512.00000000,77512.01000000,61.6178
1779725700000000,77512.01000000,77622.75000000,77508.88000000,77590.00000000,91.8563
1779726600000000,77590.01000000,77683.61000000,77580.15000000,77683.61000000,56.1298
1779727500000000,77683.60000000,77807.29000000,77670.20000000,77735.69000000,133.04
1779728400000000,77735.69000000,77804.48000000,77682.94000000,77686.58000000,131.381
1779729300000000,77686.58000000,77686.59000000,77584.65000000,77649.28000000,74.199
1779730200000000,77649.27000000,77649.28000000,77570.00000000,77582.63000000,37.7558
1779731100000000,77582.64000000,77587.76000000,77550.39000000,77564.01000000,34.8823
1779732000000000,77564.00000000,77658.01000000,77543.38000000,77640.32000000,52.5036
1779732900000000,77640.32000000,77654.01000000,77598.30000000,77638.01000000,27.2423
1779733800000000,77638.01000000,77640.01000000,77584.96000000,77618.57000000,49.7457
1779734700000000,77618.57000000,77628.07000000,77543.38000000,77543.39000000,75.2731
1779735600000000,77543.39000000,77543.39000000,77426.50000000,77493.50000000,87.8988
1779736500000000,77493.50000000,77514.72000000,77448.54000000,77514.72000000,50.6848
1779737400000000,77514.72000000,77521.61000000,77343.61000000,77405.28000000,107.516
1779738300000000,77405.28000000,77461.08000000,77396.14000000,77441.86000000,49.4397
1779739200000000,77441.85000000,77472.14000000,77414.06000000,77440.00000000,43.4111
1779740100000000,77440.00000000,77500.00000000,77435.00000000,77440.02000000,55.8237
1779741000000000,77440.02000000,77466.00000000,77220.00000000,77263.87000000,117.58
1779741900000000,77263.87000000,77346.67000000,77253.33000000,77273.06000000,97.3004
1779742800000000,77273.06000000,77363.81000000,77273.05000000,77362.01000000,38.2386
1779743700000000,77362.01000000,77362.01000000,77282.20000000,77353.59000000,33.2074
1779744600000000,77353.59000000,77371.42000000,77277.46000000,77297.99000000,60.8432
1779745500000000,77297.99000000,77396.08000000,77290.22000000,77367.03000000,51.6369
1779746400000000,77367.03000000,77449.94000000,77280.00000000,77408.10000000,57.8503
1779747300000000,77408.10000000,77431.31000000,77274.41000000,77297.07000000,38.0101
1779748200000000,77297.06000000,77297.06000000,77019.82000000,77186.24000000,260.015
1779749100000000,77186.25000000,77242.73000000,77116.21000000,77116.21000000,39.8464
1779750000000000,77116.21000000,77286.00000000,77072.36000000,77286.00000000,62.0171
1779750900000000,77286.00000000,77320.00000000,77258.71000000,77280.05000000,40.5896
1779751800000000,77280.06000000,77360.00000000,77264.00000000,77340.01000000,25.3177
1779752700000000,77340.00000000,77367.44000000,77292.05000000,77322.01000000,34.6903
1779753600000000,77322.01000000,77345.00000000,77214.00000000,77231.99000000,68.0638
1779754500000000,77231.99000000,77244.41000000,77088.00000000,77119.99000000,132.803
1779755400000000,77120.00000000,77195.25000000,76832.53000000,76870.00000000,203.405
1779756300000000,76870.00000000,76930.01000000,76575.49000000,76792.71000000,281.905
1779757200000000,76792.24000000,76878.43000000,76615.97000000,76835.07000000,109.614
1779758100000000,76835.06000000,76888.01000000,76737.08000000,76799.49000000,59.5905
1779759000000000,76799.50000000,76799.50000000,76590.90000000,76666.00000000,101.194
1779759900000000,76666.00000000,76791.50000000,76662.00000000,76756.98000000,71.6531
1779760800000000,76756.98000000,76810.00000000,76630.33000000,76750.00000000,335.983
1779761700000000,76749.99000000,76775.04000000,76662.99000000,76666.45000000,169.359
1779762600000000,76666.45000000,76736.53000000,76596.00000000,76596.02000000,77.3659
1779763500000000,76596.01000000,76676.89000000,76512.98000000,76660.00000000,138.731
1779764400000000,76660.00000000,76660.00000000,76565.72000000,76565.73000000,65.909
1779765300000000,76565.73000000,76606.01000000,76475.59000000,76585.34000000,213.438
1779766200000000,76585.34000000,76705.71000000,76562.25000000,76655.57000000,68.7666
1779767100000000,76655.58000000,76676.89000000,76636.83000000,76664.01000000,48.0323
1779768000000000,76664.00000000,76700.00000000,76627.95000000,76661.42000000,172.12
1779768900000000,76661.42000000,76756.24000000,76606.79000000,76741.99000000,103.87
1779769800000000,76741.99000000,76786.01000000,76738.65000000,76768.94000000,65.289
1779770700000000,76768.93000000,76817.28000000,76749.08000000,76749.50000000,51.312
1779771600000000,76749.51000000,76836.00000000,76704.80000000,76802.36000000,115.155
1779772500000000,76802.36000000,76895.69000000,76802.35000000,76864.42000000,160.783
1779773400000000,76864.43000000,76989.23000000,76860.00000000,76918.25000000,71.286
1779774300000000,76918.25000000,76930.01000000,76853.21000000,76930.01000000,208.819
1779775200000000,76930.00000000,76930.00000000,76832.11000000,76877.99000000,200.509
1779776100000000,76878.00000000,76911.18000000,76775.00000000,76844.23000000,123.988
1779777000000000,76844.24000000,77059.74000000,76834.55000000,76980.01000000,270.303
1779777900000000,76980.01000000,76980.01000000,76908.00000000,76908.01000000,63.5086
1779778800000000,76908.00000000,76924.55000000,76667.50000000,76680.07000000,73.452
1779779700000000,76680.07000000,76712.79000000,76603.73000000,76700.01000000,131.169
1779780600000000,76700.01000000,76700.01000000,76620.78000000,76654.56000000,146.328
1779781500000000,76654.57000000,76770.01000000,76654.57000000,76730.84000000,85.313
1779782400000000,76730.84000000,76816.01000000,76693.21000000,76794.11000000,47.078
1779783300000000,76794.11000000,76816.27000000,76726.38000000,76807.73000000,78.2778
1779784200000000,76807.72000000,76852.01000000,76757.99000000,76830.02000000,57.6608
1779785100000000,76830.02000000,76832.85000000,76723.12000000,76726.37000000,63.053
1779786000000000,76726.37000000,76745.97000000,76667.10000000,76690.42000000,100.707
1779786900000000,76690.43000000,76804.00000000,76649.79000000,76737.44000000,95.5122
1779787800000000,76737.44000000,76792.78000000,76665.45000000,76691.56000000,101.707
1779788700000000,76691.55000000,76699.85000000,76650.19000000,76672.19000000,52.5983
1779789600000000,76672.20000000,76720.00000000,76586.94000000,76713.35000000,93.5863
1779790500000000,76713.35000000,77268.57000000,76713.35000000,77229.75000000,256.465
1779791400000000,77229.74000000,77569.19000000,77172.00000000,77505.21000000,340.848
1779792300000000,77505.21000000,77621.75000000,77412.22000000,77430.00000000,206.236
1779793200000000,77430.00000000,77516.93000000,77260.00000000,77267.73000000,160.656
1779794100000000,77267.74000000,77359.50000000,77222.34000000,77238.01000000,125.699
1779795000000000,77238.01000000,77319.53000000,77174.94000000,77231.39000000,63.0549
1779795900000000,77231.39000000,77279.06000000,77183.55000000,77183.55000000,53.8584
1779796800000000,77183.56000000,77232.52000000,76877.94000000,77053.55000000,182.704
1779797700000000,77053.56000000,77100.76000000,76960.01000000,77016.74000000,91.6662
1779798600000000,77016.73000000,77107.55000000,76974.00000000,77098.59000000,55.6527
1779799500000000,77098.60000000,77143.23000000,77066.46000000,77132.50000000,72.659
1779800400000000,77132.51000000,77151.75000000,77054.12000000,77086.73000000,51.0675
1779801300000000,77086.74000000,77091.21000000,76794.70000000,76798.04000000,147.093
1779802200000000,76798.05000000,76995.12000000,76691.88000000,76906.01000000,187.111
1779803100000000,76906.01000000,77464.01000000,76906.01000000,77231.56000000,274.696
1779804000000000,77231.56000000,77411.67000000,77144.91000000,77411.67000000,110.03
1779804900000000,77411.67000000,78080.00000000,77364.25000000,77958.40000000,753.867
1779805800000000,77958.40000000,77996.09000000,76770.00000000,76820.00000000,788.823
1779806700000000,76820.01000000,77193.53000000,76724.63000000,76908.01000000,367.456
1779807600000000,76908.01000000,77012.00000000,76690.00000000,76969.64000000,293.352
1779808500000000,76969.64000000,76977.85000000,76559.90000000,76644.00000000,192.46
1779809400000000,76644.01000000,76693.86000000,76357.14000000,76527.00000000,498.025
1779810300000000,76527.00000000,76551.38000000,76272.63000000,76518.10000000,767.422
1779811200000000,76518.10000000,76533.69000000,76209.58000000,76350.00000000,1296.04
1779812100000000,76350.00000000,76572.01000000,76312.33000000,76545.63000000,324.001
1779813000000000,76545.63000000,76710.01000000,76500.01000000,76551.47000000,193.002
1779813900000000,76551.46000000,76599.20000000,76412.02000000,76558.00000000,256.975
1779814800000000,76558.00000000,76649.91000000,76472.58000000,76481.18000000,113.438
1779815700000000,76481.18000000,76481.18000000,76057.10000000,76069.82000000,356.096
1779816600000000,76069.83000000,76069.83000000,75850.00000000,76029.77000000,499.092
1779817500000000,76029.78000000,76146.52000000,75929.11000000,75935.08000000,222.032
1779818400000000,75935.09000000,76029.78000000,75863.78000000,76018.00000000,293.809
1779819300000000,76018.01000000,76273.66000000,76010.65000000,76100.75000000,240.451
1779820200000000,76100.75000000,76142.50000000,75894.15000000,75918.62000000,128.276
1779821100000000,75918.63000000,76005.14000000,75779.30000000,75840.55000000,183.772
1779822000000000,75840.55000000,75937.34000000,75836.00000000,75860.57000000,194.119
1779822900000000,75860.56000000,75931.68000000,75805.23000000,75916.68000000,117.14
1779823800000000,75916.68000000,76058.01000000,75884.00000000,76027.01000000,110.97
1779824700000000,76027.00000000,76104.49000000,75994.17000000,76052.00000000,159.481
1779825600000000,76052.00000000,76122.23000000,76038.56000000,76115.49000000,86.3641
1779826500000000,76115.49000000,76168.63000000,76017.46000000,76161.50000000,60.5103
1779827400000000,76161.49000000,76180.00000000,75982.64000000,76075.66000000,85.6916
1779828300000000,76075.67000000,76128.34000000,76074.05000000,76106.86000000,91.8497
1779829200000000,76106.86000000,76117.31000000,75850.00000000,75896.01000000,77.9502
1779830100000000,75896.01000000,76057.34000000,75888.85000000,76048.64000000,76.2826
1779831000000000,76048.64000000,76079.08000000,75985.10000000,76001.96000000,46.5593
1779831900000000,76001.97000000,76044.01000000,75866.67000000,75890.00000000,74.7911
1779832800000000,75890.00000000,75998.94000000,75720.45000000,75792.05000000,131.263
1779833700000000,75792.06000000,75841.23000000,75752.44000000,75799.96000000,83.4331
1779834600000000,75799.96000000,75868.51000000,75770.87000000,75804.22000000,127.685
1779835500000000,75804.21000000,75804.22000000,75677.97000000,75749.02000000,85.7404
1779836400000000,75749.02000000,75937.34000000,75749.02000000,75891.96000000,121.4
1779837300000000,75891.96000000,75945.02000000,75874.00000000,75905.99000000,60.0299
1779838200000000,75906.00000000,75986.45000000,75894.26000000,75952.01000000,96.4344
1779839100000000,75952.01000000,75964.00000000,75905.00000000,75930.01000000,38.6953
1779840000000000,75930.01000000,76018.66000000,75919.99000000,75981.36000000,324.061
1779840900000000,75981.35000000,75981.36000000,75872.71000000,75935.26000000,78.525
1779841800000000,75935.27000000,76044.51000000,75903.47000000,75970.75000000,83.9427
1779842700000000,75970.75000000,76089.70000000,75949.92000000,76085.01000000,293.888
1779843600000000,76085.00000000,76104.02000000,76000.00000000,76076.82000000,72.742
1779844500000000,76076.82000000,76076.82000000,75824.00000000,75880.49000000,108.494
1779845400000000,75880.50000000,75932.41000000,75835.99000000,75863.00000000,191.241
1779846300000000,75863.00000000,75985.10000000,75853.59000000,75877.44000000,201.252
1779847200000000,75877.44000000,75890.59000000,75764.00000000,75811.94000000,107.739
1779848100000000,75811.94000000,75830.78000000,75682.99000000,75769.82000000,123.43
1779849000000000,75769.82000000,75836.01000000,75705.14000000,75744.90000000,59.1109
1779849900000000,75744.90000000,75879.31000000,75737.37000000,75879.00000000,146.979
1779850800000000,75879.01000000,75966.91000000,75840.26000000,75890.27000000,233.466
1779851700000000,75890.27000000,75890.27000000,75809.88000000,75844.88000000,60.1743
1779852600000000,75844.89000000,75863.96000000,75737.36000000,75764.00000000,82.6759
1779853500000000,75764.00000000,75773.90000000,75607.62000000,75683.00000000,236.532
1779854400000000,75683.00000000,75706.77000000,75630.00000000,75630.01000000,117.366
1779855300000000,75630.01000000,75630.01000000,75506.00000000,75509.15000000,247.117
1779856200000000,75509.15000000,75518.00000000,75310.90000000,75351.96000000,258.682
1779857100000000,75351.96000000,75603.51000000,75351.96000000,75579.01000000,193.889
1779858000000000,75579.01000000,75640.65000000,75579.00000000,75630.00000000,65.2967
1779858900000000,75629.99000000,75713.63000000,75591.94000000,75655.00000000,207.931
1779859800000000,75655.00000000,75723.21000000,75586.00000000,75635.49000000,100.711
1779860700000000,75635.50000000,75739.36000000,75630.01000000,75697.99000000,116.622
1779861600000000,75697.99000000,75811.81000000,75697.99000000,75751.28000000,191.663
1779862500000000,75751.27000000,75751.27000000,75690.01000000,75744.56000000,76.3058
1779863400000000,75744.56000000,75826.67000000,75709.39000000,75826.66000000,119.476
1779864300000000,75826.67000000,75900.00000000,75818.00000000,75838.65000000,95.42
1779865200000000,75838.65000000,75890.01000000,75771.30000000,75795.44000000,96.8431
1779866100000000,75795.44000000,75872.12000000,75764.00000000,75863.83000000,79.3374
1779867000000000,75863.84000000,75973.07000000,75858.23000000,75886.01000000,160.099
1779867900000000,75886.01000000,75980.00000000,75886.00000000,75977.17000000,97.6489
1779868800000000,75977.16000000,76008.90000000,75900.00000000,75919.00000000,86.3089
1779869700000000,75919.00000000,76071.41000000,75896.78000000,76048.53000000,68.8344
1779870600000000,76048.53000000,76048.53000000,75956.89000000,75966.00000000,63.2571
1779871500000000,75966.00000000,75986.01000000,75843.02000000,75873.24000000,90.3719
1779872400000000,75873.25000000,75876.01000000,75739.17000000,75753.77000000,84.0318
1779873300000000,75753.78000000,75849.27000000,75710.76000000,75814.47000000,61.9681
1779874200000000,75814.48000000,75978.01000000,75811.00000000,75934.08000000,83.3876
1779875100000000,75934.09000000,75940.91000000,75870.65000000,75912.60000000,64.8785
1779876000000000,75912.61000000,75959.36000000,75883.36000000,75959.36000000,71.8854
1779876900000000,75959.35000000,76043.94000000,75948.05000000,76000.01000000,68.1936
1779877800000000,76000.00000000,76018.74000000,75880.00000000,75915.87000000,67.2733
1779878700000000,75915.86000000,75952.24000000,75892.13000000,75909.82000000,165.267
1779879600000000,75909.82000000,76000.00000000,75885.71000000,75959.97000000,72.55
1779880500000000,75959.97000000,76029.24000000,75916.10000000,75916.11000000,98.0736
1779881400000000,75916.11000000,75916.11000000,75800.00000000,75834.84000000,78.9488
1779882300000000,75834.85000000,75834.85000000,75754.10000000,75769.18000000,66.4384
1779883200000000,75769.18000000,75777.17000000,75602.66000000,75626.30000000,104.799
1779884100000000,75626.31000000,76174.15000000,75575.75000000,75942.94000000,324.364
1779885000000000,75942.93000000,75992.12000000,75826.48000000,75921.59000000,95.3314
1779885900000000,75921.60000000,75921.60000000,75688.00000000,75688.00000000,96.7474
1779886800000000,75688.01000000,75760.00000000,75397.00000000,75440.56000000,189.509
1779887700000000,75440.56000000,75485.02000000,75200.00000000,75200.01000000,261.572
1779888600000000,75200.01000000,75320.05000000,74868.99000000,74928.50000000,1023.16
1779889500000000,74928.51000000,75102.18000000,74866.18000000,75073.40000000,725.991
1779890400000000,75073.40000000,75274.11000000,74950.64000000,75002.57000000,496.66
1779891300000000,75002.58000000,75172.87000000,74758.33000000,74875.96000000,480.003
1779892200000000,74875.96000000,75134.24000000,74781.64000000,75064.00000000,396.96
1779893100000000,75064.00000000,75155.32000000,75000.01000000,75031.92000000,193.579
1779894000000000,75031.92000000,75159.09000000,74983.77000000,75130.00000000,212.302
1779894900000000,75130.01000000,75399.88000000,75108.42000000,75352.89000000,216.348
1779895800000000,75352.89000000,75502.29000000,75166.54000000,75202.01000000,151.098
1779896700000000,75202.01000000,75429.26000000,75193.76000000,75326.01000000,217.776
1779897600000000,75326.02000000,75408.01000000,75200.56000000,75290.20000000,124.311
1779898500000000,75290.20000000,75304.01000000,75050.00000000,75098.01000000,173.782
1779899400000000,75098.00000000,75169.03000000,75000.00000000,75151.26000000,222.992
1779900300000000,75151.26000000,75324.78000000,75123.01000000,75304.01000000,111.407
1779901200000000,75304.01000000,75344.01000000,74960.72000000,74968.25000000,264.123
1779902100000000,74968.26000000,75083.49000000,74880.00000000,74997.29000000,245.179
1779903000000000,74997.30000000,75036.78000000,74857.19000000,74908.00000000,292.462
1779903900000000,74908.00000000,74975.81000000,74685.58000000,74860.42000000,302.228
1779904800000000,74860.42000000,74938.01000000,74663.45000000,74738.01000000,161.966
1779905700000000,74738.00000000,74926.86000000,74708.48000000,74903.50000000,148.765
1779906600000000,74903.49000000,74999.00000000,74886.51000000,74985.79000000,105.829
1779907500000000,74985.78000000,75032.01000000,74958.00000000,75026.67000000,132.693
1779908400000000,75026.67000000,75064.01000000,74972.40000000,75048.61000000,118.338
1779909300000000,75048.60000000,75085.60000000,74982.08000000,75039.88000000,205.39
1779910200000000,75039.89000000,75105.17000000,74953.41000000,75012.27000000,425.065
1779911100000000,75012.27000000,75074.61000000,74952.36000000,75066.08000000,131.009
1779912000000000,75066.09000000,75312.71000000,75056.25000000,75309.33000000,132.804
1779912900000000,75309.32000000,75415.81000000,75273.96000000,75282.00000000,144.266
1779913800000000,75282.01000000,75294.63000000,75214.00000000,75252.00000000,73.0361
1779914700000000,75252.01000000,75290.23000000,75241.97000000,75274.58000000,39.3092
1779915600000000,75274.58000000,75274.58000000,75148.67000000,75167.16000000,64.4864
1779916500000000,75167.16000000,75204.60000000,75100.00000000,75100.01000000,56.5297
1779917400000000,75100.01000000,75100.01000000,74428.00000000,74628.00000000,281.875
1779918300000000,74628.01000000,74628.01000000,74341.76000000,74473.01000000,250.329
1779919200000000,74473.01000000,74775.50000000,74319.90000000,74402.67000000,224.281
1779920100000000,74402.67000000,74644.83000000,74260.91000000,74606.00000000,202.412
1779921000000000,74606.00000000,74664.97000000,74491.55000000,74633.60000000,110.002
1779921900000000,74632.02000000,74650.01000000,74418.12000000,74418.13000000,87.9461
1779922800000000,74418.12000000,74473.09000000,74361.20000000,74455.14000000,123.542
1779923700000000,74455.15000000,74572.00000000,74243.99000000,74297.14000000,213.087
1779924600000000,74297.14000000,74400.01000000,74262.64000000,74377.66000000,344.56
1779925500000000,74377.66000000,74491.52000000,74312.95000000,74449.30000000,257.24
1779926400000000,74449.31000000,74580.00000000,74423.95000000,74431.70000000,193.842
1779927300000000,74431.70000000,74570.99000000,74366.89000000,74477.18000000,120.66
1779928200000000,74477.18000000,74573.77000000,74470.75000000,74573.76000000,80.0797
1779929100000000,74573.76000000,74577.57000000,74454.00000000,74570.66000000,81.7151
1779930000000000,74570.67000000,74590.77000000,74451.59000000,74480.95000000,120.738
1779930900000000,74480.95000000,74536.24000000,74156.00000000,74286.46000000,281.715
1779931800000000,74286.46000000,74408.52000000,74172.00000000,74271.67000000,151.871
1779932700000000,74271.67000000,74377.66000000,74255.26000000,74344.08000000,99.6599
1779933600000000,74344.07000000,74400.00000000,74239.45000000,74365.28000000,244.246
1779934500000000,74365.29000000,74390.01000000,74182.00000000,74214.60000000,209.431
1779935400000000,74214.60000000,74298.78000000,74127.57000000,74264.74000000,163.049
1779936300000000,74264.74000000,74365.70000000,74242.34000000,74287.42000000,101.189
1779937200000000,74287.43000000,74380.39000000,74140.47000000,74212.00000000,184.23
1779938100000000,74212.01000000,74242.34000000,73500.00000000,73746.57000000,870.355
1779939000000000,73746.58000000,73786.37000000,73360.36000000,73430.01000000,661.53
1779939900000000,73430.00000000,73560.00000000,73060.59000000,73258.01000000,2163.63
1779940800000000,73258.00000000,73260.01000000,72728.85000000,73082.08000000,909.018
1779941700000000,73082.07000000,73126.59000000,72813.67000000,73004.40000000,335.631
1779942600000000,73004.40000000,73201.40000000,72954.66000000,73180.01000000,191.432
1779943500000000,73180.01000000,73196.81000000,73096.00000000,73181.95000000,152.345
1779944400000000,73181.95000000,73181.95000000,72995.79000000,73024.46000000,127.38
1779945300000000,73024.46000000,73039.87000000,72926.74000000,72958.01000000,251.089
1779946200000000,72958.01000000,73079.73000000,72926.18000000,73031.20000000,341.857
1779947100000000,73031.20000000,73077.55000000,72908.67000000,72990.87000000,130.175
1779948000000000,72990.87000000,73035.62000000,72961.22000000,73010.01000000,231.724
1779948900000000,73010.01000000,73030.71000000,72879.40000000,72940.09000000,305.335
1779949800000000,72940.09000000,72946.41000000,72761.11000000,72912.81000000,264.969
1779950700000000,72912.81000000,73213.11000000,72912.80000000,73202.70000000,446.741
1779951600000000,73202.71000000,73234.61000000,73158.00000000,73213.29000000,372.293
1779952500000000,73213.30000000,73329.10000000,73213.30000000,73259.03000000,227.966
1779953400000000,73259.03000000,73512.14000000,73259.03000000,73502.00000000,258.645
1779954300000000,73502.01000000,73502.01000000,73385.00000000,73498.00000000,253.01
1779955200000000,73498.00000000,73500.00000000,73340.85000000,73448.97000000,162.943
1779956100000000,73448.97000000,73448.98000000,73228.89000000,73263.27000000,101.884
1779957000000000,73263.27000000,73313.15000000,73193.13000000,73292.92000000,209.883
1779957900000000,73292.92000000,73376.84000000,73290.42000000,73325.88000000,93.081
1779958800000000,73325.88000000,73398.64000000,73261.60000000,73311.19000000,112.121
1779959700000000,73311.18000000,73418.76000000,73306.56000000,73404.30000000,89.8687
1779960600000000,73404.30000000,73495.74000000,73365.57000000,73491.30000000,117.741
1779961500000000,73491.31000000,73560.00000000,73491.31000000,73541.24000000,227.457
1779962400000000,73541.25000000,73616.00000000,73500.00000000,73579.66000000,78.649
1779963300000000,73579.65000000,73579.66000000,73349.91000000,73429.73000000,161.009
1779964200000000,73429.73000000,73513.95000000,73404.34000000,73510.19000000,103.099
1779965100000000,73510.20000000,73599.44000000,73374.06000000,73400.01000000,152.776
1779966000000000,73400.01000000,73460.92000000,73347.05000000,73440.96000000,165.831
1779966900000000,73440.97000000,73462.67000000,73339.11000000,73354.86000000,79.9222
1779967800000000,73354.85000000,73478.75000000,73319.36000000,73478.74000000,78.6207
1779968700000000,73478.75000000,73532.01000000,73434.92000000,73505.66000000,59.4969
1779969600000000,73505.65000000,73520.26000000,73407.34000000,73408.00000000,88.9658
1779970500000000,73408.00000000,73416.01000000,73245.56000000,73378.41000000,114.667
1779971400000000,73378.41000000,73543.67000000,73354.03000000,73487.27000000,152.955
1779972300000000,73487.27000000,73580.75000000,73485.46000000,73518.01000000,97.9452
1779973200000000,73518.01000000,73574.60000000,73336.05000000,73338.35000000,112.713
1779974100000000,73338.35000000,73338.35000000,73000.00000000,73160.52000000,308.665
1779975000000000,73160.53000000,73167.16000000,72771.64000000,72785.20000000,371.386
1779975900000000,72785.20000000,73083.53000000,72785.19000000,73022.02000000,484.824
1779976800000000,73022.01000000,73329.35000000,72582.82000000,73314.62000000,846.658
1779977700000000,73314.35000000,73573.21000000,72885.60000000,72965.07000000,599.536
1779978600000000,72965.08000000,73061.71000000,72794.15000000,72855.80000000,319.191
1779979500000000,72855.79000000,73047.63000000,72699.22000000,73033.06000000,424.236
1779980400000000,73033.06000000,73180.01000000,72861.92000000,72861.93000000,200.408
1779981300000000,72861.93000000,72973.49000000,72700.00000000,72968.35000000,185.655
1779982200000000,72968.36000000,73013.39000000,72838.72000000,73013.39000000,182.036
1779983100000000,73013.38000000,73062.32000000,72890.38000000,72928.73000000,142.545
1779984000000000,72928.73000000,73160.55000000,72741.40000000,73109.55000000,243.781
1779984900000000,73109.55000000,73307.47000000,73053.42000000,73150.02000000,193.084
1779985800000000,73150.02000000,73357.73000000,73150.01000000,73357.72000000,166.59
1779986700000000,73357.72000000,73440.67000000,73273.32000000,73440.67000000,218.142
1779987600000000,73440.66000000,73500.00000000,73325.00000000,73485.81000000,184.818
1779988500000000,73485.81000000,73486.50000000,73316.31000000,73364.00000000,116.669
1779989400000000,73364.01000000,73535.81000000,73340.65000000,73470.91000000,122.297
1779990300000000,73470.91000000,73734.72000000,73470.90000000,73554.82000000,313.672
1779991200000000,73554.81000000,73738.80000000,73514.57000000,73638.76000000,190.967
1779992100000000,73638.75000000,73749.69000000,73588.87000000,73588.87000000,112.314
1779993000000000,73588.88000000,73684.90000000,73580.77000000,73602.00000000,102.957
1779993900000000,73602.00000000,73736.11000000,73582.54000000,73652.88000000,111.245
1779994800000000,73652.87000000,73652.88000000,73457.62000000,73482.25000000,86.2557
1779995700000000,73482.25000000,73560.00000000,73429.49000000,73559.99000000,86.4591
1779996600000000,73560.00000000,73593.26000000,73423.12000000,73434.69000000,94.9739
1779997500000000,73434.68000000,73525.32000000,73381.81000000,73419.32000000,180.062
1779998400000000,73419.31000000,73541.72000000,73241.48000000,73443.82000000,201.069
1779999300000000,73443.81000000,73668.61000000,73440.00000000,73647.40000000,85.0409
1780000200000000,73647.39000000,73721.45000000,73618.38000000,73702.00000000,81.8989
1780001100000000,73702.00000000,73702.00000000,73572.00000000,73579.99000000,73.8483
1780002000000000,73580.00000000,73716.95000000,73560.45000000,73694.32000000,86.1482
1780002900000000,73694.31000000,73749.69000000,73670.75000000,73693.61000000,80.1892
1780003800000000,73693.61000000,73926.22000000,73686.05000000,73908.00000000,121.384
1780004700000000,73907.99000000,73907.99000000,73801.44000000,73817.31000000,98.3566
1780005600000000,73817.31000000,73949.22000000,73694.31000000,73711.99000000,164.567
1780006500000000,73711.99000000,73718.80000000,73604.33000000,73614.01000000,112.514
1780007400000000,73614.00000000,73614.00000000,73492.00000000,73500.73000000,90.8252
1780008300000000,73500.73000000,73592.16000000,73448.55000000,73464.80000000,77.7626
1780009200000000,73464.80000000,73597.06000000,73464.79000000,73597.05000000,85.0624
1780010100000000,73597.06000000,73694.61000000,73566.55000000,73684.18000000,88.6474
1780011000000000,73684.18000000,73714.90000000,73544.99000000,73599.18000000,76.0416
1780011900000000,73599.18000000,73645.84000000,73534.99000000,73617.51000000,72.0549
1780012800000000,73617.52000000,73788.22000000,73617.51000000,73745.47000000,230.322
1780013700000000,73745.48000000,73854.77000000,73681.84000000,73778.00000000,166.946
1780014600000000,73778.01000000,73851.96000000,73754.30000000,73849.45000000,111.606
1780015500000000,73849.45000000,73849.45000000,73679.26000000,73716.37000000,83.2654
1780016400000000,73716.37000000,73868.33000000,73716.36000000,73778.98000000,126.793
1780017300000000,73778.99000000,73800.00000000,73578.11000000,73591.64000000,156.999
1780018200000000,73591.64000000,73591.64000000,73486.49000000,73526.01000000,166.478
1780019100000000,73526.01000000,73626.77000000,73463.52000000,73586.83000000,93.1699
1780020000000000,73586.83000000,73640.00000000,73554.62000000,73623.19000000,373.515
1780020900000000,73623.19000000,73646.68000000,73370.24000000,73388.22000000,122.371
1780021800000000,73388.22000000,73482.02000000,73314.67000000,73340.09000000,121.069
1780022700000000,73340.10000000,73399.08000000,73189.11000000,73225.06000000,99.1793
1780023600000000,73225.07000000,73456.63000000,73225.07000000,73446.97000000,87.9118
1780024500000000,73446.97000000,73446.97000000,73385.32000000,73394.25000000,37.1757
1780025400000000,73394.25000000,73445.44000000,73317.81000000,73365.51000000,49.9786
1780026300000000,73365.52000000,73367.02000000,73261.02000000,73301.52000000,96.524
1780027200000000,73301.53000000,73376.09000000,73210.21000000,73227.75000000,98.1596
1780028100000000,73227.75000000,73380.01000000,73227.75000000,73373.85000000,76.0818
1780029000000000,73373.85000000,73440.67000000,73354.20000000,73418.01000000,47.5076
1780029900000000,73418.01000000,73508.97000000,73403.56000000,73507.69000000,241
1780030800000000,73507.68000000,73638.45000000,73503.32000000,73597.35000000,140.163
1780031700000000,73597.36000000,73620.01000000,73532.47000000,73582.92000000,327.354
1780032600000000,73582.93000000,73582.93000000,73500.00000000,73512.00000000,101.158
1780033500000000,73511.99000000,73719.39000000,73511.99000000,73706.00000000,245.635
1780034400000000,73706.00000000,73709.15000000,73641.05000000,73700.00000000,48.7761
1780035300000000,73700.01000000,73939.19000000,73700.00000000,73772.03000000,122.527
1780036200000000,73772.04000000,73772.04000000,73669.80000000,73702.55000000,46.9789
1780037100000000,73702.55000000,73810.00000000,73702.54000000,73786.32000000,64.7893
1780038000000000,73786.32000000,73816.02000000,73755.00000000,73816.00000000,185.808
1780038900000000,73816.00000000,73830.01000000,73750.11000000,73770.33000000,166.761
1780039800000000,73770.32000000,73770.33000000,73392.68000000,73407.79000000,357.697
1780040700000000,73407.78000000,73535.79000000,73373.37000000,73528.56000000,371.41
1780041600000000,73528.55000000,73724.01000000,73524.00000000,73718.00000000,167.956
1780042500000000,73717.99000000,73835.58000000,73700.00000000,73787.98000000,265.56
1780043400000000,73787.98000000,73829.23000000,73722.98000000,73818.37000000,185.441
1780044300000000,73818.37000000,73818.38000000,73635.60000000,73653.40000000,71.0826
1780045200000000,73653.40000000,73877.17000000,73649.58000000,73816.70000000,175.752
1780046100000000,73816.70000000,73902.85000000,73814.00000000,73887.03000000,159.874
1780047000000000,73887.03000000,73887.12000000,73817.04000000,73831.75000000,80.8674
1780047900000000,73831.74000000,73831.75000000,73719.05000000,73744.96000000,90.4131
1780048800000000,73744.96000000,73744.96000000,73676.89000000,73703.86000000,72.7002
1780049700000000,73703.87000000,73703.87000000,73619.99000000,73624.03000000,81.0265
1780050600000000,73624.03000000,73749.53000000,73588.13000000,73618.21000000,250.317
1780051500000000,73618.21000000,73697.06000000,73600.00000000,73634.64000000,179.707
1780052400000000,73634.64000000,73688.00000000,73600.00000000,73652.81000000,74.3172
1780053300000000,73652.82000000,73700.41000000,73565.01000000,73571.64000000,51.826
1780054200000000,73571.64000000,73592.65000000,73486.49000000,73491.64000000,106.267
1780055100000000,73491.63000000,73526.21000000,73341.85000000,73487.98000000,184.687
1780056000000000,73487.98000000,73487.98000000,73344.58000000,73367.24000000,88.4198
1780056900000000,73367.24000000,73413.33000000,73313.00000000,73326.80000000,78.6287
1780057800000000,73326.81000000,73339.77000000,73230.51000000,73277.32000000,117.697
1780058700000000,73277.32000000,73374.00000000,73202.00000000,73295.73000000,134.682
1780059600000000,73295.73000000,73295.73000000,73084.32000000,73125.27000000,189.417
1780060500000000,73125.27000000,73140.00000000,72976.21000000,73069.76000000,193.308
1780061400000000,73069.76000000,73306.71000000,72900.46000000,73261.99000000,284.118
1780062300000000,73262.00000000,73346.04000000,73062.08000000,73135.70000000,216.56
1780063200000000,73135.70000000,73198.17000000,72895.36000000,73013.79000000,229.356
1780064100000000,73013.79000000,73070.00000000,72512.49000000,72722.64000000,506.851
1780065000000000,72722.64000000,72886.00000000,72573.10000000,72648.68000000,261.121
1780065900000000,72648.68000000,73190.48000000,72613.00000000,73096.85000000,515.434
1780066800000000,73096.84000000,73756.19000000,73008.98000000,73695.75000000,595.162
1780067700000000,73695.74000000,73753.88000000,73474.10000000,73670.00000000,392.013
1780068600000000,73670.01000000,74200.00000000,73665.97000000,73825.99000000,650.678
1780069500000000,73825.99000000,73882.00000000,73711.18000000,73808.26000000,171.487
1780070400000000,73808.25000000,74020.00000000,73790.00000000,73953.90000000,242.386
1780071300000000,73953.91000000,73969.99000000,73565.73000000,73649.23000000,273.99
1780072200000000,73649.23000000,74095.00000000,73642.60000000,74065.00000000,359.02
1780073100000000,74064.99000000,74124.73000000,73924.00000000,74056.50000000,285.334
1780074000000000,74056.49000000,74410.37000000,73925.33000000,74257.70000000,896.773
1780074900000000,74257.71000000,74514.10000000,74168.25000000,74228.02000000,1717.4
1780075800000000,74228.01000000,74324.00000000,74213.33000000,74213.79000000,169.013
1780076700000000,74213.79000000,74213.79000000,73925.33000000,73980.94000000,134.278
1780077600000000,73980.94000000,74065.29000000,73947.03000000,74038.00000000,113.411
1780078500000000,74038.00000000,74045.85000000,73742.16000000,73790.36000000,282.569
1780079400000000,73790.36000000,73856.76000000,73761.92000000,73796.40000000,116.786
1780080300000000,73796.40000000,73796.40000000,73187.25000000,73374.52000000,552.735
1780081200000000,73374.51000000,73510.95000000,73300.00000000,73428.00000000,104.073
1780082100000000,73428.00000000,73448.00000000,73239.36000000,73332.99000000,141.285
1780083000000000,73332.99000000,73727.95000000,73332.98000000,73682.93000000,125.36
1780083900000000,73682.94000000,73714.00000000,73517.10000000,73520.28000000,82.4515
1780084800000000,73520.29000000,73681.64000000,73514.00000000,73657.98000000,47.9636
1780085700000000,73657.97000000,73755.65000000,73596.46000000,73708.26000000,58.3628
1780086600000000,73708.26000000,73760.00000000,73691.24000000,73701.18000000,24.3393
1780087500000000,73701.18000000,73750.00000000,73623.42000000,73673.61000000,24.4565
1780088400000000,73673.62000000,73844.00000000,73647.03000000,73804.15000000,112.099
1780089300000000,73804.14000000,73808.39000000,73538.86000000,73538.86000000,143.422
1780090200000000,73538.86000000,73600.00000000,73471.21000000,73600.00000000,84.491
1780091100000000,73600.00000000,73614.00000000,73408.80000000,73409.27000000,72.8253
1780092000000000,73409.27000000,73490.00000000,73379.79000000,73403.35000000,327.069
1780092900000000,73403.36000000,73571.81000000,73403.35000000,73523.84000000,111.388
1780093800000000,73523.85000000,73551.50000000,73440.00000000,73466.06000000,85.8496
1780094700000000,73466.05000000,73521.47000000,73406.00000000,73483.52000000,138.541
1780095600000000,73483.51000000,73510.00000000,73399.51000000,73415.19000000,64.4986
1780096500000000,73415.19000000,73464.00000000,73320.00000000,73384.42000000,70.8663
1780097400000000,73384.42000000,73431.75000000,73320.02000000,73431.73000000,87.6327
1780098300000000,73431.72000000,73500.00000000,73411.54000000,73460.78000000,48.235
1780099200000000,73460.78000000,73526.69000000,73428.10000000,73491.46000000,51.435
1780100100000000,73491.47000000,73542.84000000,73467.93000000,73467.93000000,203.664
1780101000000000,73467.93000000,73518.01000000,73408.62000000,73517.54000000,43.4491
1780101900000000,73517.54000000,73579.82000000,73498.80000000,73498.80000000,246.658
1780102800000000,73498.80000000,73606.00000000,73472.80000000,73577.94000000,155.181
1780103700000000,73577.94000000,73650.78000000,73555.74000000,73627.81000000,66.6909
1780104600000000,73627.80000000,73663.08000000,73593.62000000,73598.75000000,111.227
1780105500000000,73598.76000000,73657.90000000,73590.85000000,73657.90000000,53.7794
1780106400000000,73657.90000000,73708.00000000,73657.89000000,73673.42000000,59.478
1780107300000000,73673.43000000,73690.59000000,73613.85000000,73623.43000000,38.8616
1780108200000000,73623.42000000,73727.00000000,73623.42000000,73708.18000000,81.5696
1780109100000000,73708.18000000,73786.70000000,73699.83000000,73786.69000000,88.6144
1780110000000000,73786.70000000,73796.43000000,73733.00000000,73765.82000000,99.07
1780110900000000,73765.82000000,73765.82000000,73649.99000000,73664.19000000,95.4871
1780111800000000,73664.18000000,73664.19000000,73538.00000000,73538.01000000,102.056
1780112700000000,73538.00000000,73597.31000000,73524.01000000,73524.01000000,42.4219
1780113600000000,73524.01000000,73575.00000000,73352.03000000,73489.99000000,80.0881
1780114500000000,73490.00000000,73490.02000000,73300.00000000,73347.29000000,73.7988
1780115400000000,73347.30000000,73348.00000000,73216.00000000,73310.00000000,204.373
1780116300000000,73310.00000000,73402.85000000,73291.22000000,73402.84000000,108.558
1780117200000000,73402.85000000,73628.00000000,73346.85000000,73501.33000000,218.118
1780118100000000,73501.32000000,73553.72000000,73501.32000000,73520.01000000,26.6484
1780119000000000,73520.00000000,73579.26000000,73520.00000000,73579.25000000,39.7521
1780119900000000,73579.26000000,73635.00000000,73579.25000000,73604.99000000,179.629
1780120800000000,73604.99000000,73622.85000000,73530.00000000,73536.51000000,148.445
1780121700000000,73536.50000000,73624.00000000,73536.50000000,73607.81000000,45.8339
1780122600000000,73607.82000000,73709.91000000,73607.82000000,73660.07000000,49.3092
1780123500000000,73660.07000000,73668.36000000,73560.49000000,73584.99000000,87.7502
1780124400000000,73584.99000000,73588.20000000,73533.67000000,73533.68000000,70.6355
1780125300000000,73533.68000000,73574.56000000,73532.00000000,73563.19000000,68.1507
1780126200000000,73563.20000000,73576.16000000,73492.48000000,73495.91000000,34.6724
1780127100000000,73495.90000000,73548.60000000,73486.00000000,73548.60000000,52.1062
1780128000000000,73548.60000000,73567.59000000,73534.93000000,73567.59000000,42.181
1780128900000000,73567.58000000,73567.59000000,73514.00000000,73548.34000000,26.3331
1780129800000000,73548.34000000,73559.82000000,73519.61000000,73520.91000000,42.8258
1780130700000000,73520.92000000,73535.01000000,73500.02000000,73530.07000000,162.801
1780131600000000,73530.07000000,73548.72000000,73503.07000000,73546.38000000,60.5053
1780132500000000,73546.39000000,73579.08000000,73536.51000000,73566.51000000,53.93
1780133400000000,73566.50000000,73578.00000000,73550.00000000,73572.00000000,46.4101
1780134300000000,73572.01000000,73615.47000000,73565.49000000,73615.46000000,40.418
1780135200000000,73615.46000000,73660.56000000,73592.57000000,73637.40000000,55.1249
1780136100000000,73637.40000000,73680.75000000,73622.07000000,73630.08000000,81.8071
1780137000000000,73630.07000000,73647.64000000,73614.83000000,73641.16000000,72.1055
1780137900000000,73641.16000000,73658.19000000,73616.22000000,73655.85000000,74.933
1780138800000000,73655.85000000,73655.86000000,73612.24000000,73614.56000000,67.2841
1780139700000000,73614.56000000,73621.74000000,73564.62000000,73583.00000000,117.48
1780140600000000,73583.00000000,73635.19000000,73583.00000000,73629.69000000,47.7701
1780141500000000,73629.68000000,73629.69000000,73584.27000000,73602.02000000,84.5698
1780142400000000,73602.01000000,73610.59000000,73594.40000000,73605.59000000,35.0168
1780143300000000,73605.59000000,73686.94000000,73605.59000000,73651.27000000,141.999
1780144200000000,73651.26000000,73717.07000000,73651.25000000,73689.31000000,69.1243
1780145100000000,73689.31000000,73698.18000000,73655.05000000,73698.18000000,123.095
1780146000000000,73698.17000000,73784.00000000,73698.17000000,73746.40000000,62.0877
1780146900000000,73746.40000000,73832.00000000,73715.49000000,73773.44000000,70.8805
1780147800000000,73773.44000000,73773.44000000,73676.10000000,73748.00000000,47.0629
1780148700000000,73747.99000000,73837.06000000,73740.80000000,73829.31000000,69.3631
1780149600000000,73829.31000000,74011.99000000,73820.91000000,73940.01000000,175.128
1780150500000000,73940.00000000,74054.11000000,73884.55000000,74048.27000000,129.346
1780151400000000,74048.28000000,74100.00000000,74000.00000000,74000.01000000,201.091
1780152300000000,74000.00000000,74021.37000000,73916.01000000,73929.11000000,59.505
1780153200000000,73929.11000000,74042.88000000,73872.19000000,74030.01000000,62.512
1780154100000000,74030.01000000,74037.97000000,73844.00000000,73940.01000000,81.3775
1780155000000000,73940.00000000,73948.53000000,73836.70000000,73875.00000000,72.0382
1780155900000000,73875.01000000,73968.55000000,73875.00000000,73930.14000000,85.4713
1780156800000000,73930.13000000,73979.23000000,73880.10000000,73968.03000000,49.5316
1780157700000000,73968.03000000,73980.00000000,73900.00000000,73909.99000000,50.457
1780158600000000,73909.99000000,73985.84000000,73905.52000000,73957.53000000,61.0497
1780159500000000,73957.54000000,73979.23000000,73910.00000000,73934.99000000,32.4317
1780160400000000,73935.00000000,73948.13000000,73882.00000000,73907.51000000,42.5205
1780161300000000,73907.52000000,74047.26000000,73907.51000000,73934.86000000,155.469
1780162200000000,73934.86000000,73955.95000000,73811.30000000,73955.94000000,81.5645
1780163100000000,73955.94000000,74023.66000000,73955.94000000,74020.07000000,29.1956
1780164000000000,74020.06000000,74030.00000000,74001.44000000,74018.26000000,23.953
1780164900000000,74018.26000000,74116.00000000,73945.00000000,73969.36000000,77.5517
1780165800000000,73969.37000000,74095.74000000,73962.60000000,74095.74000000,49.5683
1780166700000000,74095.73000000,74143.76000000,74005.92000000,74043.38000000,37.4936
1780167600000000,74043.39000000,74043.81000000,74006.00000000,74040.71000000,25.6955
1780168500000000,74040.71000000,74072.00000000,73993.76000000,73993.76000000,45.6101
1780169400000000,73993.76000000,74040.02000000,73971.30000000,74017.96000000,46.882
1780170300000000,74017.97000000,74069.97000000,74016.64000000,74016.65000000,27.2338
1780171200000000,74016.64000000,74016.65000000,73938.00000000,73961.24000000,27.0965
1780172100000000,73961.25000000,73969.37000000,73957.25000000,73966.29000000,15.8042
1780173000000000,73966.29000000,73979.98000000,73931.35000000,73932.90000000,22.8833
1780173900000000,73932.89000000,73980.98000000,73926.68000000,73979.84000000,39.2107
1780174800000000,73979.85000000,73989.50000000,73967.00000000,73988.20000000,34.4441
1780175700000000,73988.20000000,74008.00000000,73983.61000000,73992.11000000,36.0313
1780176600000000,73992.11000000,74054.00000000,73967.00000000,73978.20000000,72.4034
1780177500000000,73978.20000000,74018.00000000,73929.07000000,73981.99000000,81.5919
1780178400000000,73981.99000000,73982.00000000,73829.92000000,73890.00000000,106.635
1780179300000000,73890.00000000,73932.39000000,73860.00000000,73898.00000000,167.488
1780180200000000,73898.00000000,73906.47000000,73796.01000000,73805.99000000,77.8463
1780181100000000,73805.99000000,73887.50000000,73805.99000000,73883.30000000,39.6989
1780182000000000,73883.30000000,73995.98000000,73844.46000000,73848.74000000,57.6201
1780182900000000,73848.74000000,73883.45000000,73826.34000000,73838.00000000,129.499
1780183800000000,73838.00000000,73845.66000000,73781.30000000,73798.35000000,113.124
1780184700000000,73798.35000000,73884.38000000,73798.35000000,73884.38000000,68.7346
1780185600000000,73884.38000000,73932.00000000,73858.56000000,73880.00000000,86.4538
1780186500000000,73879.99000000,74026.79000000,73879.99000000,73967.81000000,72.8462
1780187400000000,73967.81000000,74028.00000000,73940.00000000,73953.46000000,37.4719
1780188300000000,73953.47000000,74041.72000000,73924.00000000,74038.20000000,44.5822
1780189200000000,74038.20000000,74166.00000000,74028.64000000,74137.99000000,92.5944
1780190100000000,74137.99000000,74275.66000000,74092.00000000,74097.16000000,119.249
1780191000000000,74097.16000000,74218.00000000,74074.05000000,74074.06000000,93.4475
1780191900000000,74074.06000000,74146.01000000,74058.00000000,74058.01000000,58.1875
1780192800000000,74058.01000000,74166.00000000,74058.00000000,74166.00000000,44.5564
1780193700000000,74166.00000000,74243.94000000,73970.00000000,73970.01000000,74.8353
1780194600000000,73970.01000000,74025.00000000,73890.49000000,73972.00000000,66.0133
1780195500000000,73972.00000000,74110.00000000,73944.17000000,74090.84000000,119.452
1780196400000000,74090.84000000,74170.78000000,74074.05000000,74153.99000000,44.0971
1780197300000000,74153.99000000,74222.00000000,74119.70000000,74214.76000000,51.1369
1780198200000000,74214.76000000,74226.78000000,74139.07000000,74168.00000000,75.9903
1780199100000000,74168.00000000,74189.15000000,74145.00000000,74150.64000000,18.6495
1780200000000000,74150.64000000,74162.58000000,74118.00000000,74118.00000000,58.1453
1780200900000000,74118.01000000,74216.00000000,74109.00000000,74182.48000000,46.6055
1780201800000000,74182.49000000,74209.89000000,74150.00000000,74197.92000000,38.848
1780202700000000,74197.92000000,74221.33000000,74164.00000000,74178.40000000,50.7903
1780203600000000,74178.41000000,74207.20000000,74156.97000000,74176.63000000,36.2766
1780204500000000,74176.64000000,74192.00000000,74134.78000000,74165.99000000,58.2263
1780205400000000,74166.00000000,74184.00000000,74079.37000000,74112.22000000,77.5883
1780206300000000,74112.23000000,74112.23000000,74055.16000000,74055.98000000,59.6182
1780207200000000,74055.99000000,74056.00000000,73999.00000000,74000.00000000,28.392
1780208100000000,74000.00000000,74045.27000000,73985.34000000,74013.52000000,60.0362
1780209000000000,74013.52000000,74109.39000000,74013.52000000,74068.00000000,33.0024
1780209900000000,74068.00000000,74074.20000000,74054.87000000,74054.87000000,19.7876
1780210800000000,74054.86000000,74054.87000000,73960.00000000,73964.33000000,62.8276
1780211700000000,73964.34000000,73968.59000000,73892.37000000,73892.37000000,45.4937
1780212600000000,73892.37000000,73903.82000000,73836.00000000,73853.46000000,131.24
1780213500000000,73853.46000000,73902.79000000,73853.46000000,73871.24000000,62.5134
1780214400000000,73871.25000000,73971.31000000,73868.61000000,73906.13000000,88.1381
1780215300000000,73906.14000000,73980.00000000,73906.13000000,73976.53000000,86.5415
1780216200000000,73976.53000000,73976.53000000,73856.00000000,73890.00000000,93.1901
1780217100000000,73890.01000000,73971.99000000,73850.05000000,73937.61000000,80.4593
1780218000000000,73937.62000000,73937.62000000,73868.56000000,73889.99000000,57.0751
1780218900000000,73889.99000000,73979.40000000,73888.72000000,73955.97000000,57.3766
1780219800000000,73955.98000000,74024.00000000,73942.39000000,73982.57000000,96.5442
1780220700000000,73982.56000000,74000.24000000,73813.44000000,73841.79000000,112.046
1780221600000000,73841.79000000,73865.66000000,73817.69000000,73855.14000000,93.778
1780222500000000,73855.14000000,73855.14000000,73699.20000000,73801.84000000,175.577
1780223400000000,73801.84000000,73840.93000000,73801.83000000,73840.92000000,101.974
1780224300000000,73840.92000000,73900.00000000,73804.62000000,73900.00000000,28.9693
1780225200000000,73900.00000000,73942.00000000,73899.99000000,73907.98000000,28.9817
1780226100000000,73907.98000000,73971.31000000,73901.16000000,73971.31000000,19.0289
1780227000000000,73971.31000000,73971.97000000,73925.34000000,73959.29000000,62.2408
1780227900000000,73959.30000000,73972.00000000,73905.62000000,73937.79000000,68.6725
1780228800000000,73937.63000000,73980.43000000,73874.00000000,73917.99000000,45.5065
1780229700000000,73918.00000000,73995.88000000,73917.99000000,73933.21000000,44.9448
1780230600000000,73933.21000000,73974.89000000,73906.00000000,73974.89000000,85.9049
1780231500000000,73974.88000000,73979.23000000,73880.00000000,73920.00000000,45.8703
1780232400000000,73920.00000000,73957.04000000,73880.00000000,73948.21000000,36.6387
1780233300000000,73948.21000000,74023.99000000,73936.00000000,73961.16000000,31.6687
1780234200000000,73961.17000000,73971.68000000,73887.63000000,73896.64000000,30.0131
1780235100000000,73896.64000000,73900.33000000,73807.43000000,73872.80000000,80.1268
1780236000000000,73872.80000000,73872.80000000,73670.08000000,73719.41000000,191.238
1780236900000000,73719.40000000,73783.17000000,73483.05000000,73582.78000000,297.033
1780237800000000,73582.79000000,73740.23000000,73582.78000000,73615.95000000,135.894
1780238700000000,73615.95000000,73699.99000000,73588.81000000,73602.17000000,57.5601
1780239600000000,73602.18000000,73682.00000000,73588.80000000,73677.18000000,48.7808
1780240500000000,73677.18000000,73775.79000000,73658.45000000,73748.67000000,65.5861
1780241400000000,73748.66000000,73754.91000000,73616.00000000,73638.46000000,61.3457
1780242300000000,73638.47000000,73681.99000000,73625.65000000,73655.21000000,91.2204
1780243200000000,73655.20000000,73730.00000000,73603.37000000,73617.58000000,82.1278
1780244100000000,73617.58000000,73629.48000000,73518.67000000,73610.36000000,59.8186
1780245000000000,73610.35000000,73610.36000000,73400.00000000,73493.97000000,141.065
1780245900000000,73493.97000000,73544.03000000,73442.88000000,73526.14000000,36.7426
1780246800000000,73526.15000000,73556.46000000,73466.67000000,73518.00000000,55.1918
1780247700000000,73517.99000000,73598.71000000,73517.99000000,73598.32000000,25.8453
1780248600000000,73598.32000000,73724.96000000,73598.32000000,73724.96000000,57.7327
1780249500000000,73724.95000000,73734.00000000,73685.71000000,73709.44000000,56.6999
1780250400000000,73709.43000000,73713.34000000,73616.00000000,73654.00000000,50.0543
1780251300000000,73654.00000000,73680.00000000,73611.74000000,73630.21000000,67.3918
1780252200000000,73630.21000000,73708.80000000,73630.21000000,73642.72000000,44.8938
1780253100000000,73642.71000000,73642.72000000,73585.49000000,73603.69000000,52.0308
1780254000000000,73603.68000000,73649.93000000,73590.38000000,73590.39000000,38.6691
1780254900000000,73590.38000000,73618.93000000,73457.09000000,73526.00000000,42.498
1780255800000000,73526.00000000,73543.82000000,73456.48000000,73520.41000000,61.2479
1780256700000000,73520.41000000,73581.63000000,73511.71000000,73563.42000000,113.393
1780257600000000,73563.41000000,73700.00000000,73563.41000000,73692.79000000,241.557
1780258500000000,73692.79000000,73748.00000000,73666.67000000,73682.28000000,48.7173
1780259400000000,73682.28000000,73718.00000000,73674.36000000,73692.84000000,56.1222
1780260300000000,73692.83000000,73760.00000000,73692.83000000,73739.66000000,35.1677
1780261200000000,73739.67000000,73754.00000000,73688.00000000,73688.00000000,81.2915
1780262100000000,73688.00000000,73732.00000000,73626.67000000,73650.51000000,122.099
1780263000000000,73650.52000000,73748.54000000,73634.01000000,73746.00000000,39.3163
1780263900000000,73745.99000000,73924.00000000,73745.99000000,73892.52000000,148.304
1780264800000000,73892.52000000,73965.21000000,73686.00000000,73912.00000000,97.133
1780265700000000,73911.99000000,73996.00000000,73814.00000000,73892.01000000,61.2765
1780266600000000,73892.00000000,73997.56000000,73876.00000000,73901.27000000,60.0448
1780267500000000,73901.27000000,73997.56000000,73901.27000000,73944.62000000,65.8374
1780268400000000,73944.62000000,74198.00000000,73936.00000000,73936.00000000,164.198
1780269300000000,73936.01000000,73962.00000000,73794.00000000,73831.29000000,55.6219
1780270200000000,73831.29000000,73831.30000000,73500.00000000,73584.64000000,104.357
1780271100000000,73584.65000000,73716.00000000,73568.52000000,73674.39000000,51.1326
