1767218400000,2982.25000000,2984.24000000,2974.42000000,2977.14000000,4052.94510000
1767222000000,2977.14000000,2977.14000000,2970.19000000,2971.64000000,4215.85090000
1767225600000,2971.65000000,2982.83000000,2971.15000000,2979.81000000,4485.24900000
1767229200000,2979.81000000,2988.96000000,2979.18000000,2984.32000000,5567.11230000
1767232800000,2984.33000000,2987.82000000,2980.90000000,2982.49000000,2432.74840000
1767236400000,2982.50000000,2986.18000000,2979.53000000,2980.00000000,1792.59400000
1767240000000,2979.99000000,2980.97000000,2972.99000000,2975.35000000,9657.72730000
1767243600000,2975.36000000,2983.79000000,2975.36000000,2981.49000000,3930.83390000
1767247200000,2981.49000000,2981.49000000,2975.89000000,2975.89000000,5734.31990000
1767250800000,2975.90000000,2980.89000000,2975.89000000,2978.53000000,4796.49340000
1767254400000,2978.52000000,2983.00000000,2977.80000000,2982.59000000,4031.45690000
1767258000000,2982.59000000,2987.41000000,2982.15000000,2984.00000000,4401.46570000
1767261600000,2984.00000000,2985.77000000,2982.14000000,2985.00000000,3019.38440000
1767265200000,2984.99000000,2993.20000000,2984.99000000,2989.69000000,7206.39420000
1767268800000,2989.70000000,2990.45000000,2983.36000000,2987.69000000,5019.21020000
1767272400000,2987.70000000,2990.09000000,2982.02000000,2982.96000000,5342.59820000
1767276000000,2982.96000000,2986.45000000,2977.74000000,2985.15000000,7710.22330000
1767279600000,2985.16000000,2994.87000000,2980.75000000,2989.87000000,6148.75420000
1767283200000,2989.87000000,2990.84000000,2980.75000000,2982.29000000,6839.01900000
1767286800000,2982.28000000,3005.98000000,2980.89000000,2990.44000000,12755.55470000
1767290400000,2990.44000000,2992.74000000,2985.15000000,2990.41000000,5776.00820000
1767294000000,2990.40000000,2998.04000000,2987.23000000,2995.42000000,3186.67770000
1767297600000,2995.42000000,2997.15000000,2987.54000000,2989.08000000,3766.71990000
1767301200000,2989.09000000,2993.06000000,2987.66000000,2989.66000000,1999.54420000
1767304800000,2989.66000000,3000.26000000,2987.57000000,2999.30000000,5488.85100000
1767308400000,2999.29000000,3010.00000000,2990.98000000,3004.19000000,14999.58070000
1767312000000,3004.19000000,3008.48000000,2995.38000000,3006.14000000,6882.97840000
1767315600000,3006.15000000,3008.08000000,2998.46000000,3002.98000000,3264.99720000
1767319200000,3002.99000000,3003.65000000,2992.49000000,3002.29000000,5269.20520000
1767322800000,3002.29000000,3035.00000000,3000.00000000,3022.53000000,24828.42600000
1767326400000,3022.53000000,3024.61000000,3010.50000000,3011.84000000,5497.59100000
1767330000000,3011.83000000,3018.63000000,3009.02000000,3016.56000000,4120.98850000
1767333600000,3016.55000000,3039.54000000,3014.49000000,3026.90000000,9842.65990000
1767337200000,3026.91000000,3032.41000000,3016.89000000,3018.33000000,6120.34860000
1767340800000,3018.32000000,3033.88000000,3015.95000000,3032.28000000,7279.39680000
1767344400000,3032.27000000,3055.00000000,3030.15000000,3048.15000000,19823.60050000
1767348000000,3048.16000000,3069.71000000,3045.71000000,3057.25000000,28308.32360000
1767351600000,3057.25000000,3057.91000000,3040.89000000,3047.82000000,11735.56280000
1767355200000,3047.81000000,3057.97000000,3043.20000000,3048.67000000,7848.84460000
1767358800000,3048.66000000,3058.42000000,3046.35000000,3050.27000000,7997.07420000
1767362400000,3050.28000000,3109.00000000,3020.79000000,3082.85000000,57032.88760000
1767366000000,3082.84000000,3097.65000000,3055.13000000,3086.64000000,30900.84840000
1767369600000,3086.64000000,3146.97000000,3079.23000000,3132.22000000,50753.06930000
1767373200000,3132.21000000,3150.01000000,3110.83000000,3123.00000000,24779.07270000
1767376800000,3122.99000000,3132.20000000,3097.13000000,3110.56000000,18137.19420000
1767380400000,3110.56000000,3127.87000000,3107.62000000,3123.62000000,9841.90380000
1767384000000,3123.63000000,3129.75000000,3111.52000000,3117.99000000,9535.61530000
1767387600000,3117.99000000,3134.00000000,3116.31000000,3130.96000000,6009.93150000
1767391200000,3130.96000000,3146.00000000,3128.09000000,3133.81000000,9193.26400000
1767394800000,3133.82000000,3135.66000000,3120.30000000,3125.45000000,4887.46080000
1767398400000,3125.46000000,3136.71000000,3122.26000000,3131.00000000,5738.49810000
1767402000000,3130.99000000,3131.85000000,3123.43000000,3130.81000000,3732.56590000
1767405600000,3130.81000000,3130.81000000,3120.17000000,3126.27000000,7958.83830000
1767409200000,3126.26000000,3127.35000000,3119.26000000,3125.56000000,4210.03280000
1767412800000,3125.56000000,3127.79000000,3115.01000000,3116.61000000,4789.10190000
1767416400000,3116.61000000,3119.09000000,3104.89000000,3112.12000000,6080.26880000
1767420000000,3112.12000000,3117.76000000,3098.34000000,3098.34000000,7739.65510000
1767423600000,3098.33000000,3105.31000000,3076.00000000,3090.50000000,19239.55100000
1767427200000,3090.49000000,3105.72000000,3083.86000000,3095.48000000,8553.12310000
1767430800000,3095.48000000,3110.56000000,3091.96000000,3100.90000000,6393.78380000
1767434400000,3100.90000000,3105.53000000,3097.05000000,3097.31000000,4433.09780000
1767438000000,3097.31000000,3100.22000000,3091.99000000,3098.49000000,4806.43620000
1767441600000,3098.50000000,3105.58000000,3093.47000000,3105.04000000,5980.50750000
1767445200000,3105.04000000,3107.99000000,3100.89000000,3103.03000000,4362.35090000
1767448800000,3103.03000000,3114.61000000,3101.50000000,3106.00000000,7292.99360000
1767452400000,3106.00000000,3107.50000000,3100.28000000,3101.31000000,3961.67900000
1767456000000,3101.32000000,3112.17000000,3098.33000000,3107.03000000,4462.89590000
1767459600000,3107.04000000,3110.42000000,3105.62000000,3108.46000000,2523.74520000
1767463200000,3108.47000000,3118.55000000,3105.08000000,3116.46000000,4373.48440000
1767466800000,3116.46000000,3116.46000000,3110.50000000,3113.13000000,2598.16430000
1767470400000,3113.13000000,3116.89000000,3107.49000000,3115.65000000,2462.89970000
1767474000000,3115.65000000,3129.22000000,3113.04000000,3120.87000000,5840.35850000
1767477600000,3120.87000000,3126.20000000,3113.92000000,3122.78000000,3011.82750000
1767481200000,3122.78000000,3131.00000000,3120.89000000,3127.11000000,3859.36650000
1767484800000,3127.11000000,3167.22000000,3126.35000000,3157.75000000,28748.82770000
1767488400000,3157.75000000,3162.33000000,3141.50000000,3150.17000000,8005.14140000
1767492000000,3150.17000000,3151.02000000,3137.60000000,3141.12000000,5606.21760000
1767495600000,3141.12000000,3150.86000000,3140.01000000,3147.36000000,5954.51890000
1767499200000,3147.36000000,3156.00000000,3144.89000000,3148.25000000,5268.28820000
1767502800000,3148.26000000,3152.30000000,3144.48000000,3151.36000000,3956.35750000
1767506400000,3151.36000000,3163.19000000,3139.37000000,3140.00000000,13249.41900000
1767510000000,3140.00000000,3145.92000000,3133.57000000,3141.29000000,16690.57030000
1767513600000,3141.29000000,3141.98000000,3126.00000000,3138.61000000,8448.00710000
1767517200000,3138.62000000,3148.00000000,3134.90000000,3143.78000000,8277.87820000
1767520800000,3143.79000000,3148.30000000,3142.66000000,3146.34000000,3424.69600000
1767524400000,3146.34000000,3146.34000000,3135.32000000,3139.54000000,5174.86020000
1767528000000,3139.55000000,3147.26000000,3133.59000000,3136.80000000,6044.62300000
1767531600000,3136.81000000,3141.51000000,3131.80000000,3140.76000000,4598.39540000
1767535200000,3140.75000000,3143.30000000,3132.00000000,3137.26000000,6524.90900000
1767538800000,3137.25000000,3139.60000000,3118.75000000,3135.55000000,8403.12620000
1767542400000,3135.55000000,3139.97000000,3131.03000000,3139.11000000,4753.03120000
1767546000000,3139.12000000,3143.60000000,3135.68000000,3137.50000000,3540.07910000
1767549600000,3137.49000000,3137.88000000,3123.01000000,3135.03000000,5161.17580000
1767553200000,3135.04000000,3135.14000000,3118.98000000,3132.72000000,8602.07330000
1767556800000,3132.72000000,3143.00000000,3130.85000000,3142.09000000,2949.66640000
1767560400000,3142.09000000,3155.85000000,3137.75000000,3145.44000000,7761.94050000
1767564000000,3145.44000000,3150.36000000,3136.44000000,3139.37000000,4235.22010000
1767567600000,3139.37000000,3153.70000000,3134.67000000,3144.70000000,6197.04650000
1767571200000,3144.71000000,3175.32000000,3143.54000000,3168.19000000,22161.76560000
1767574800000,3168.20000000,3220.82000000,3163.12000000,3197.91000000,38618.78530000
1767578400000,3197.92000000,3204.34000000,3182.95000000,3193.07000000,11742.28770000
1767582000000,3193.07000000,3197.51000000,3184.61000000,3185.86000000,6225.22370000
1767585600000,3185.86000000,3188.35000000,3157.46000000,3167.11000000,15516.76800000
1767589200000,3167.12000000,3169.63000000,3148.00000000,3149.93000000,10573.33830000
1767592800000,3149.93000000,3159.11000000,3135.31000000,3157.68000000,13428.56850000
1767596400000,3157.68000000,3163.24000000,3155.31000000,3157.33000000,6874.75640000
1767600000000,3157.24000000,3172.01000000,3155.73000000,3163.62000000,7338.49140000
1767603600000,3163.62000000,3175.17000000,3153.12000000,3168.18000000,12375.39240000
1767607200000,3168.17000000,3179.04000000,3162.52000000,3173.19000000,8789.62410000
1767610800000,3173.19000000,3183.64000000,3168.21000000,3180.27000000,6514.31680000
1767614400000,3180.28000000,3183.91000000,3166.33000000,3170.50000000,6171.78070000
1767618000000,3170.51000000,3175.32000000,3143.67000000,3154.39000000,14946.38940000
1767621600000,3154.39000000,3178.34000000,3135.02000000,3167.00000000,26353.89990000
1767625200000,3167.00000000,3205.00000000,3152.40000000,3195.57000000,27985.14820000
1767628800000,3195.58000000,3202.68000000,3172.81000000,3183.90000000,19642.97350000
1767632400000,3183.90000000,3229.99000000,3159.48000000,3213.38000000,24099.88430000
1767636000000,3213.39000000,3228.95000000,3186.39000000,3228.30000000,27628.95520000
1767639600000,3228.31000000,3228.52000000,3214.82000000,3223.07000000,13328.17080000
1767643200000,3223.07000000,3265.66000000,3220.00000000,3241.93000000,35966.41910000
1767646800000,3241.94000000,3248.27000000,3231.76000000,3238.32000000,9184.09990000
1767650400000,3238.32000000,3249.75000000,3229.59000000,3240.19000000,8377.31870000
1767654000000,3240.20000000,3241.39000000,3224.86000000,3224.99000000,8602.30390000
1767657600000,3224.99000000,3231.21000000,3203.34000000,3216.10000000,10838.69910000
1767661200000,3216.10000000,3247.30000000,3215.83000000,3218.32000000,16456.90120000
1767664800000,3218.33000000,3224.36000000,3208.72000000,3217.10000000,7158.94350000
1767668400000,3217.10000000,3233.50000000,3214.12000000,3225.10000000,7205.66070000
1767672000000,3225.10000000,3233.52000000,3222.95000000,3222.96000000,5249.27950000
1767675600000,3222.95000000,3229.51000000,3217.12000000,3218.72000000,6391.38410000
1767679200000,3218.71000000,3253.76000000,3218.07000000,3241.15000000,19147.66730000
1767682800000,3241.15000000,3242.75000000,3211.37000000,3219.24000000,12636.23490000
1767686400000,3219.24000000,3228.48000000,3214.52000000,3220.14000000,7711.92270000
1767690000000,3220.13000000,3229.60000000,3217.50000000,3223.00000000,6495.85160000
1767693600000,3223.00000000,3231.72000000,3221.42000000,3228.94000000,6392.74700000
1767697200000,3228.94000000,3242.98000000,3227.03000000,3238.08000000,11191.05350000
1767700800000,3238.09000000,3245.87000000,3236.28000000,3238.67000000,7425.83660000
1767704400000,3238.66000000,3239.61000000,3230.00000000,3238.30000000,7783.32100000
1767708000000,3238.30000000,3308.86000000,3238.30000000,3278.09000000,82526.64080000
1767711600000,3278.10000000,3301.99000000,3261.43000000,3272.32000000,30563.93400000
1767715200000,3272.31000000,3279.36000000,3234.32000000,3251.97000000,44678.40450000
1767718800000,3251.96000000,3259.62000000,3190.01000000,3196.43000000,36459.03370000
1767722400000,3196.43000000,3232.63000000,3183.27000000,3218.91000000,26855.10460000
1767726000000,3218.92000000,3229.80000000,3213.50000000,3223.57000000,6084.41120000
1767729600000,3223.57000000,3250.89000000,3223.11000000,3241.71000000,11055.09060000
1767733200000,3241.72000000,3300.35000000,3238.47000000,3276.18000000,22719.23360000
1767736800000,3276.18000000,3290.55000000,3265.52000000,3277.63000000,8960.12740000
1767740400000,3277.62000000,3301.60000000,3275.80000000,3296.84000000,10516.02350000
1767744000000,3296.83000000,3296.84000000,3255.36000000,3257.99000000,10198.26750000
1767747600000,3258.00000000,3272.34000000,3239.44000000,3245.04000000,16150.63430000
1767751200000,3245.05000000,3274.03000000,3239.73000000,3270.08000000,9241.03520000
1767754800000,3270.08000000,3282.14000000,3265.13000000,3266.83000000,6704.05730000
1767758400000,3266.84000000,3271.81000000,3252.94000000,3256.21000000,6473.47390000
1767762000000,3256.21000000,3262.57000000,3246.75000000,3248.63000000,6449.79830000
1767765600000,3248.62000000,3259.91000000,3247.81000000,3250.97000000,3808.30860000
1767769200000,3250.97000000,3262.61000000,3250.78000000,3255.31000000,5417.81080000
1767772800000,3255.31000000,3263.37000000,3253.01000000,3254.45000000,5466.14360000
1767776400000,3254.45000000,3254.58000000,3198.54000000,3200.18000000,31451.68500000
1767780000000,3200.17000000,3222.24000000,3196.23000000,3218.44000000,16060.31160000
1767783600000,3218.44000000,3227.84000000,3216.84000000,3220.24000000,11949.29850000
1767787200000,3220.25000000,3222.56000000,3211.36000000,3213.14000000,5692.89690000
1767790800000,3213.14000000,3229.05000000,3202.24000000,3212.04000000,8939.28990000
1767794400000,3212.05000000,3212.05000000,3166.14000000,3191.54000000,41025.92290000
1767798000000,3191.54000000,3193.26000000,3144.37000000,3164.70000000,36027.47300000
1767801600000,3164.71000000,3179.69000000,3149.95000000,3157.31000000,14607.81690000
1767805200000,3157.31000000,3171.27000000,3146.43000000,3152.06000000,10579.55350000
1767808800000,3152.06000000,3165.36000000,3133.68000000,3146.37000000,16861.05970000
1767812400000,3146.38000000,3155.59000000,3125.42000000,3146.02000000,16155.76400000
1767816000000,3146.02000000,3151.37000000,3128.13000000,3139.18000000,11298.09340000
1767819600000,3139.14000000,3152.72000000,3138.40000000,3150.11000000,4219.45820000
1767823200000,3150.11000000,3165.86000000,3143.96000000,3153.00000000,6823.11510000
1767826800000,3153.01000000,3181.78000000,3143.71000000,3168.72000000,19748.85440000
1767830400000,3168.72000000,3175.37000000,3155.21000000,3170.53000000,10391.76440000
1767834000000,3170.54000000,3181.36000000,3168.39000000,3175.76000000,6452.33160000
1767837600000,3175.77000000,3184.39000000,3148.50000000,3159.43000000,9935.59820000
1767841200000,3159.43000000,3166.70000000,3133.56000000,3142.88000000,13141.13110000
1767844800000,3142.88000000,3158.96000000,3138.80000000,3154.01000000,6811.47720000
1767848400000,3154.02000000,3161.24000000,3142.22000000,3143.63000000,5561.97060000
1767852000000,3143.63000000,3146.16000000,3104.37000000,3105.38000000,23571.31830000
1767855600000,3105.39000000,3132.86000000,3090.04000000,3128.28000000,23611.55730000
1767859200000,3128.29000000,3136.56000000,3113.88000000,3116.83000000,9163.10340000
1767862800000,3116.83000000,3124.06000000,3105.55000000,3111.89000000,9219.43090000
1767866400000,3111.90000000,3133.03000000,3096.68000000,3128.18000000,16524.87240000
1767870000000,3128.19000000,3131.54000000,3112.57000000,3121.24000000,11538.59980000
1767873600000,3121.25000000,3121.49000000,3085.16000000,3095.76000000,25343.18320000
1767877200000,3095.76000000,3102.73000000,3090.73000000,3097.12000000,7719.39010000
1767880800000,3097.11000000,3097.11000000,3054.65000000,3077.40000000,52718.16190000
1767884400000,3077.39000000,3112.35000000,3067.37000000,3104.20000000,29559.09740000
1767888000000,3104.19000000,3123.63000000,3090.20000000,3122.31000000,16727.75260000
1767891600000,3122.31000000,3140.00000000,3110.34000000,3134.95000000,18597.07490000
1767895200000,3134.95000000,3135.50000000,3114.90000000,3120.22000000,10513.57600000
1767898800000,3120.22000000,3129.07000000,3104.01000000,3111.53000000,7810.03140000
1767902400000,3111.53000000,3111.53000000,3089.39000000,3107.29000000,9945.38710000
1767906000000,3107.30000000,3123.24000000,3107.30000000,3118.75000000,5593.23140000
1767909600000,3118.76000000,3130.38000000,3107.75000000,3119.12000000,5590.39000000
1767913200000,3119.13000000,3122.24000000,3105.87000000,3106.65000000,7575.66930000
1767916800000,3106.66000000,3117.65000000,3104.45000000,3115.83000000,3683.67820000
1767920400000,3115.84000000,3148.41000000,3081.34000000,3105.82000000,30533.02860000
1767924000000,3105.83000000,3126.11000000,3103.61000000,3109.49000000,8392.82870000
1767927600000,3109.50000000,3121.24000000,3103.01000000,3119.60000000,7348.89250000
1767931200000,3119.60000000,3124.11000000,3112.14000000,3116.53000000,4039.62180000
1767934800000,3116.54000000,3121.00000000,3113.75000000,3118.50000000,3207.19020000
1767938400000,3118.51000000,3125.71000000,3117.53000000,3123.20000000,4508.50090000
1767942000000,3123.21000000,3123.79000000,3110.39000000,3111.20000000,5538.81490000
1767945600000,3111.21000000,3115.37000000,3067.44000000,3082.49000000,22607.92040000
1767949200000,3082.49000000,3100.87000000,3081.93000000,3092.39000000,8770.56380000
1767952800000,3092.39000000,3099.43000000,3088.36000000,3096.65000000,3721.26810000
1767956400000,3096.64000000,3104.59000000,3088.49000000,3090.36000000,5327.61680000
1767960000000,3090.36000000,3096.16000000,3082.05000000,3084.55000000,6069.56720000
1767963600000,3084.56000000,3111.17000000,3083.44000000,3098.56000000,13591.42250000
1767967200000,3098.56000000,3099.00000000,3062.00000000,3078.93000000,20562.15620000
1767970800000,3078.94000000,3143.00000000,3058.69000000,3112.08000000,46451.05550000
1767974400000,3112.08000000,3145.45000000,3111.00000000,3133.13000000,20323.35910000
1767978000000,3133.13000000,3135.00000000,3104.66000000,3114.41000000,9986.35080000
1767981600000,3114.40000000,3118.56000000,3073.65000000,3094.97000000,14495.01770000
1767985200000,3094.96000000,3094.96000000,3068.94000000,3080.60000000,11358.84950000
1767988800000,3080.60000000,3091.37000000,3071.26000000,3073.65000000,8536.05380000
1767992400000,3073.66000000,3093.35000000,3065.23000000,3086.10000000,8500.35910000
1767996000000,3086.10000000,3088.59000000,3074.40000000,3086.27000000,4038.84840000
1767999600000,3086.27000000,3093.30000000,3083.80000000,3088.40000000,2994.48860000
1768003200000,3088.40000000,3090.04000000,3081.70000000,3083.25000000,2909.22440000
1768006800000,3083.25000000,3091.37000000,3083.24000000,3090.11000000,2570.18030000
1768010400000,3090.12000000,3094.61000000,3083.37000000,3088.07000000,2261.48010000
1768014000000,3088.07000000,3089.00000000,3080.10000000,3086.51000000,3062.70120000
1768017600000,3086.51000000,3087.68000000,3077.99000000,3079.74000000,10703.51080000
1768021200000,3079.73000000,3087.89000000,3079.73000000,3086.54000000,3337.09320000
1768024800000,3086.54000000,3088.65000000,3083.37000000,3087.49000000,2522.84170000
1768028400000,3087.50000000,3093.38000000,3087.49000000,3092.77000000,3716.64940000
1768032000000,3092.77000000,3093.05000000,3087.37000000,3090.29000000,2414.77130000
1768035600000,3090.29000000,3099.02000000,3089.39000000,3096.09000000,5162.56640000
1768039200000,3096.10000000,3104.12000000,3094.06000000,3102.96000000,8254.38200000
1768042800000,3102.96000000,3104.01000000,3095.00000000,3096.99000000,3287.87560000
1768046400000,3096.99000000,3104.01000000,3093.76000000,3099.46000000,4768.48080000
1768050000000,3099.47000000,3099.47000000,3093.67000000,3094.94000000,1780.06750000
1768053600000,3094.94000000,3096.55000000,3088.81000000,3091.64000000,3195.29860000
1768057200000,3091.65000000,3096.38000000,3091.64000000,3095.64000000,2757.24650000
1768060800000,3095.63000000,3097.53000000,3092.00000000,3095.35000000,1470.54090000
1768064400000,3095.35000000,3099.37000000,3092.10000000,3092.95000000,2807.70950000
1768068000000,3092.95000000,3094.03000000,3090.65000000,3092.85000000,1961.43250000
1768071600000,3092.85000000,3093.90000000,3090.08000000,3092.12000000,2180.41230000
1768075200000,3092.13000000,3093.30000000,3089.05000000,3089.71000000,2143.32780000
1768078800000,3089.71000000,3090.15000000,3084.46000000,3086.09000000,1925.82040000
1768082400000,3086.09000000,3089.51000000,3078.71000000,3080.74000000,4184.07960000
1768086000000,3080.73000000,3089.56000000,3079.93000000,3086.72000000,2963.36180000
1768089600000,3086.72000000,3092.71000000,3084.46000000,3091.98000000,1863.09680000
1768093200000,3091.98000000,3095.32000000,3089.64000000,3095.31000000,1907.68980000
1768096800000,3095.32000000,3097.29000000,3092.02000000,3092.49000000,1603.83990000
1768100400000,3092.50000000,3097.53000000,3091.87000000,3096.78000000,1315.53380000
1768104000000,3096.78000000,3099.01000000,3094.72000000,3098.22000000,3255.83610000
1768107600000,3098.23000000,3102.42000000,3096.43000000,3099.32000000,2822.64620000
1768111200000,3099.33000000,3101.15000000,3090.00000000,3097.19000000,3220.16790000
1768114800000,3097.19000000,3098.41000000,3092.40000000,3095.32000000,1164.27530000
1768118400000,3095.32000000,3108.23000000,3092.70000000,3103.38000000,4020.17340000
1768122000000,3103.38000000,3109.78000000,3100.81000000,3104.42000000,5070.58470000
1768125600000,3104.43000000,3108.33000000,3102.59000000,3107.76000000,4742.28790000
1768129200000,3107.77000000,3107.77000000,3103.37000000,3105.22000000,2736.41240000
1768132800000,3105.22000000,3116.74000000,3105.00000000,3114.16000000,5996.65920000
1768136400000,3114.16000000,3116.32000000,3106.99000000,3109.46000000,11799.04070000
1768140000000,3109.46000000,3129.19000000,3108.97000000,3125.46000000,7374.22370000
1768143600000,3125.46000000,3131.00000000,3110.12000000,3118.22000000,10380.10740000
1768147200000,3118.22000000,3147.27000000,3115.63000000,3129.44000000,22504.06040000
1768150800000,3129.45000000,3133.89000000,3118.26000000,3126.89000000,5734.18410000
1768154400000,3126.89000000,3133.89000000,3120.64000000,3129.44000000,4107.15710000
1768158000000,3129.43000000,3133.01000000,3119.00000000,3124.36000000,3671.44210000
1768161600000,3124.36000000,3124.37000000,3101.95000000,3115.10000000,11009.26630000
1768165200000,3115.09000000,3126.15000000,3107.60000000,3121.11000000,4453.84040000
1768168800000,3121.11000000,3121.11000000,3106.49000000,3109.61000000,8475.85750000
1768172400000,3109.60000000,3125.91000000,3092.59000000,3123.45000000,20152.91340000
1768176000000,3123.46000000,3127.46000000,3097.24000000,3119.90000000,12921.01830000
1768179600000,3119.90000000,3137.28000000,3114.01000000,3124.90000000,17055.94590000
1768183200000,3124.90000000,3167.95000000,3122.61000000,3157.65000000,24362.20280000
1768186800000,3157.65000000,3171.49000000,3151.52000000,3152.55000000,17967.27410000
1768190400000,3152.56000000,3163.90000000,3148.70000000,3159.42000000,5764.59950000
1768194000000,3159.42000000,3166.90000000,3155.38000000,3158.89000000,7169.79120000
1768197600000,3158.89000000,3166.05000000,3152.61000000,3154.79000000,4009.75080000
1768201200000,3154.80000000,3161.45000000,3133.52000000,3135.34000000,8520.11920000
1768204800000,3135.33000000,3147.62000000,3101.48000000,3115.47000000,20077.89310000
1768208400000,3115.47000000,3124.86000000,3111.00000000,3116.31000000,9411.61950000
1768212000000,3116.32000000,3119.88000000,3104.17000000,3106.88000000,5833.69100000
1768215600000,3106.87000000,3121.44000000,3106.32000000,3115.43000000,4921.88350000
1768219200000,3115.43000000,3122.75000000,3112.62000000,3117.17000000,3697.87750000
1768222800000,3117.17000000,3120.32000000,3105.57000000,3109.14000000,5202.96180000
1768226400000,3109.14000000,3117.51000000,3065.55000000,3105.41000000,46677.97620000
1768230000000,3105.37000000,3133.52000000,3092.88000000,3130.17000000,18104.92000000
1768233600000,3130.17000000,3146.66000000,3120.65000000,3130.88000000,20041.68520000
1768237200000,3130.88000000,3137.02000000,3083.50000000,3104.88000000,20338.94540000
1768240800000,3104.89000000,3119.26000000,3095.54000000,3108.28000000,9941.91020000
1768244400000,3108.28000000,3121.96000000,3097.09000000,3121.83000000,6755.13830000
1768248000000,3121.82000000,3127.75000000,3100.00000000,3102.57000000,5709.52920000
1768251600000,3102.57000000,3106.80000000,3083.54000000,3092.40000000,10393.37770000
1768255200000,3092.40000000,3107.43000000,3092.40000000,3095.42000000,7326.39520000
1768258800000,3095.43000000,3098.96000000,3088.47000000,3095.75000000,5166.96250000
1768262400000,3095.75000000,3109.96000000,3093.28000000,3108.59000000,7147.95220000
1768266000000,3108.59000000,3114.39000000,3091.96000000,3097.66000000,5764.44790000
1768269600000,3097.67000000,3108.42000000,3097.66000000,3101.44000000,3652.16540000
1768273200000,3101.44000000,3119.01000000,3101.43000000,3116.14000000,5966.56800000
1768276800000,3116.14000000,3123.44000000,3112.46000000,3122.57000000,4807.92570000
1768280400000,3122.57000000,3146.55000000,3121.60000000,3131.82000000,15633.27300000
1768284000000,3131.82000000,3137.76000000,3123.80000000,3134.41000000,9154.77290000
1768287600000,3134.41000000,3135.82000000,3122.00000000,3122.01000000,8678.28970000
1768291200000,3122.00000000,3137.95000000,3122.00000000,3135.99000000,12863.61710000
1768294800000,3135.99000000,3148.33000000,3129.06000000,3138.57000000,12057.08420000
1768298400000,3138.57000000,3141.84000000,3129.99000000,3134.73000000,5757.28270000
1768302000000,3134.73000000,3139.07000000,3131.24000000,3133.95000000,3232.41140000
1768305600000,3133.95000000,3137.99000000,3130.00000000,3135.12000000,4209.05500000
1768309200000,3135.13000000,3161.76000000,3130.01000000,3142.44000000,32822.49990000
1768312800000,3142.43000000,3165.94000000,3130.05000000,3145.01000000,27900.08980000
1768316400000,3145.01000000,3188.47000000,3133.22000000,3184.41000000,31613.59590000
1768320000000,3184.41000000,3196.35000000,3172.00000000,3180.79000000,29418.01640000
1768323600000,3180.80000000,3187.69000000,3172.99000000,3180.15000000,13332.51640000
1768327200000,3180.16000000,3214.94000000,3178.25000000,3201.14000000,17881.73970000
1768330800000,3201.15000000,3218.61000000,3191.51000000,3215.90000000,13323.66130000
1768334400000,3215.91000000,3220.00000000,3190.56000000,3204.59000000,20538.08160000
1768338000000,3204.60000000,3217.43000000,3201.36000000,3209.81000000,11406.10160000
1768341600000,3209.81000000,3367.79000000,3209.81000000,3331.18000000,119773.05480000
1768345200000,3331.19000000,3347.56000000,3314.67000000,3325.82000000,40848.07900000
1768348800000,3325.83000000,3336.56000000,3315.15000000,3324.57000000,22979.70640000
1768352400000,3324.58000000,3345.00000000,3321.28000000,3336.70000000,27537.60180000
1768356000000,3336.70000000,3357.56000000,3321.01000000,3327.11000000,22151.85400000
1768359600000,3327.11000000,3352.18000000,3321.00000000,3351.95000000,12874.25280000
1768363200000,3351.94000000,3364.64000000,3335.64000000,3338.90000000,17282.45130000
1768366800000,3338.90000000,3339.23000000,3325.60000000,3330.52000000,14908.85100000
1768370400000,3330.52000000,3335.49000000,3322.01000000,3334.33000000,15067.63170000
1768374000000,3334.33000000,3342.83000000,3327.67000000,3335.78000000,15877.31190000
1768377600000,3335.78000000,3342.64000000,3327.34000000,3327.35000000,8356.30690000
1768381200000,3327.34000000,3335.19000000,3324.70000000,3328.32000000,10606.02590000
1768384800000,3328.32000000,3333.19000000,3304.06000000,3312.99000000,19550.98540000
1768388400000,3312.99000000,3313.75000000,3282.59000000,3286.22000000,20260.80300000
1768392000000,3286.22000000,3299.24000000,3280.48000000,3296.44000000,9507.76520000
1768395600000,3296.43000000,3307.93000000,3289.10000000,3302.79000000,15864.15100000
1768399200000,3302.79000000,3358.00000000,3302.02000000,3349.21000000,41903.84790000
1768402800000,3349.22000000,3362.17000000,3327.62000000,3345.81000000,40280.56190000
1768406400000,3345.81000000,3402.89000000,3345.22000000,3370.26000000,54023.65940000
1768410000000,3370.26000000,3381.32000000,3338.51000000,3342.41000000,28607.50290000
1768413600000,3342.40000000,3354.16000000,3315.51000000,3339.41000000,20822.39280000
1768417200000,3339.40000000,3400.01000000,3332.02000000,3367.42000000,32979.07210000
1768420800000,3367.42000000,3392.94000000,3361.97000000,3383.68000000,20890.34010000
1768424400000,3383.67000000,3383.67000000,3357.46000000,3372.99000000,11184.80550000
1768428000000,3372.99000000,3374.42000000,3347.83000000,3349.09000000,11899.55820000
1768431600000,3349.10000000,3369.50000000,3349.09000000,3354.92000000,8022.63680000
1768435200000,3354.92000000,3355.80000000,3318.73000000,3331.35000000,12917.84360000
1768438800000,3331.35000000,3342.85000000,3317.18000000,3325.04000000,9893.11010000
1768442400000,3325.05000000,3332.42000000,3305.70000000,3314.27000000,11706.45110000
1768446000000,3314.28000000,3321.66000000,3278.00000000,3286.55000000,23046.65800000
1768449600000,3286.56000000,3308.46000000,3284.84000000,3305.16000000,9144.49630000
1768453200000,3305.16000000,3315.49000000,3302.58000000,3310.59000000,9819.66810000
1768456800000,3310.60000000,3323.65000000,3309.64000000,3315.99000000,8891.67430000
1768460400000,3316.00000000,3335.15000000,3314.40000000,3330.00000000,9082.26010000
1768464000000,3329.99000000,3338.97000000,3320.17000000,3336.45000000,8650.19890000
1768467600000,3336.44000000,3375.00000000,3330.05000000,3365.99000000,22634.92110000
1768471200000,3365.99000000,3378.75000000,3357.18000000,3364.11000000,14070.97420000
1768474800000,3364.10000000,3365.88000000,3347.38000000,3349.96000000,11073.41740000
1768478400000,3349.96000000,3370.96000000,3344.07000000,3369.42000000,12251.93380000
1768482000000,3369.41000000,3384.19000000,3356.93000000,3371.30000000,18455.15030000
1768485600000,3371.29000000,3382.83000000,3322.57000000,3342.31000000,34277.15540000
1768489200000,3342.30000000,3358.21000000,3285.79000000,3330.65000000,44402.76510000
1768492800000,3330.66000000,3335.53000000,3310.00000000,3330.71000000,20592.56430000
1768496400000,3330.71000000,3337.56000000,3296.49000000,3301.46000000,30647.63980000
1768500000000,3301.46000000,3307.51000000,3273.72000000,3288.39000000,31969.80870000
1768503600000,3288.38000000,3301.95000000,3276.96000000,3295.48000000,12453.66860000
1768507200000,3295.47000000,3306.91000000,3276.70000000,3288.23000000,15230.29790000
1768510800000,3288.23000000,3305.82000000,3284.28000000,3299.14000000,5345.37040000
1768514400000,3299.13000000,3319.24000000,3296.33000000,3309.11000000,8186.81490000
1768518000000,3309.11000000,3323.32000000,3302.24000000,3318.69000000,5248.99360000
1768521600000,3318.70000000,3326.79000000,3315.98000000,3317.20000000,4153.46160000
1768525200000,3317.21000000,3321.51000000,3301.99000000,3313.84000000,5888.17640000
1768528800000,3313.85000000,3313.85000000,3291.89000000,3303.63000000,10480.24590000
1768532400000,3303.63000000,3307.96000000,3294.64000000,3295.21000000,5710.80560000
1768536000000,3295.22000000,3305.00000000,3277.04000000,3287.97000000,11605.61750000
1768539600000,3287.97000000,3316.00000000,3284.22000000,3309.23000000,13335.00810000
1768543200000,3309.23000000,3316.99000000,3302.70000000,3313.99000000,8022.18950000
1768546800000,3314.00000000,3316.00000000,3302.21000000,3309.41000000,6192.97830000
1768550400000,3309.42000000,3319.97000000,3308.53000000,3313.35000000,6873.65120000
1768554000000,3313.36000000,3316.52000000,3307.09000000,3307.44000000,5533.21190000
1768557600000,3307.44000000,3308.72000000,3294.49000000,3297.75000000,7600.99510000
1768561200000,3297.75000000,3306.62000000,3293.33000000,3301.94000000,4979.92050000
1768564800000,3301.94000000,3314.26000000,3300.49000000,3308.87000000,4977.06810000
1768568400000,3308.88000000,3310.54000000,3295.52000000,3307.65000000,5606.54730000
1768572000000,3307.65000000,3318.61000000,3290.64000000,3294.12000000,15123.59100000
1768575600000,3294.12000000,3311.36000000,3253.01000000,3264.18000000,40098.98590000
1768579200000,3264.17000000,3288.00000000,3259.83000000,3279.03000000,22852.52540000
1768582800000,3279.03000000,3286.54000000,3266.52000000,3284.22000000,8300.71180000
1768586400000,3284.21000000,3288.42000000,3278.08000000,3279.11000000,5016.36240000
1768590000000,3279.11000000,3279.51000000,3269.17000000,3276.94000000,4549.28640000
1768593600000,3276.94000000,3294.00000000,3264.42000000,3292.82000000,10154.97480000
1768597200000,3292.82000000,3299.04000000,3288.62000000,3293.97000000,7202.00450000
1768600800000,3293.97000000,3295.43000000,3283.00000000,3294.10000000,5641.71390000
1768604400000,3294.10000000,3299.89000000,3292.45000000,3296.28000000,4021.75450000
1768608000000,3296.28000000,3297.34000000,3289.96000000,3292.91000000,2649.94110000
1768611600000,3292.91000000,3295.72000000,3287.87000000,3290.68000000,4326.36010000
1768615200000,3290.68000000,3292.64000000,3283.96000000,3292.24000000,2679.04030000
1768618800000,3292.25000000,3292.30000000,3287.60000000,3289.32000000,1647.20920000
1768622400000,3289.33000000,3292.62000000,3285.99000000,3292.14000000,2251.80240000
1768626000000,3292.14000000,3294.12000000,3289.75000000,3291.56000000,1894.80830000
1768629600000,3291.55000000,3293.32000000,3286.99000000,3291.40000000,2203.08060000
1768633200000,3291.41000000,3292.57000000,3287.38000000,3291.57000000,1675.76530000
1768636800000,3291.56000000,3296.60000000,3289.01000000,3296.48000000,4000.78820000
1768640400000,3296.48000000,3303.77000000,3293.47000000,3298.75000000,4571.83000000
1768644000000,3298.76000000,3301.05000000,3295.28000000,3296.64000000,2415.75210000
1768647600000,3296.64000000,3305.32000000,3292.45000000,3302.72000000,8477.71130000
1768651200000,3302.72000000,3306.39000000,3300.40000000,3302.89000000,2898.31470000
1768654800000,3302.89000000,3304.78000000,3299.77000000,3303.88000000,2575.85940000
1768658400000,3303.88000000,3312.00000000,3301.62000000,3310.45000000,6027.89080000
1768662000000,3310.45000000,3330.07000000,3308.20000000,3329.95000000,31019.54540000
1768665600000,3329.95000000,3330.26000000,3312.22000000,3319.29000000,18273.85710000
1768669200000,3319.28000000,3327.82000000,3317.38000000,3319.43000000,3642.49150000
1768672800000,3319.43000000,3320.88000000,3315.00000000,3317.82000000,3504.68690000
1768676400000,3317.83000000,3321.08000000,3314.88000000,3316.36000000,1865.90940000
1768680000000,3316.36000000,3320.33000000,3315.11000000,3317.34000000,2849.90690000
1768683600000,3317.34000000,3317.34000000,3307.36000000,3312.84000000,3869.35190000
1768687200000,3312.84000000,3312.84000000,3297.44000000,3302.00000000,6118.53380000
1768690800000,3302.01000000,3310.56000000,3301.30000000,3310.56000000,2884.59360000
1768694400000,3310.56000000,3314.43000000,3303.09000000,3304.53000000,3095.05050000
1768698000000,3304.52000000,3306.90000000,3296.34000000,3301.15000000,4751.13270000
1768701600000,3301.15000000,3305.80000000,3296.69000000,3303.45000000,2738.67130000
1768705200000,3303.45000000,3319.50000000,3303.45000000,3316.16000000,4370.15280000
1768708800000,3316.15000000,3317.90000000,3309.65000000,3312.00000000,3157.41200000
1768712400000,3311.99000000,3318.36000000,3310.97000000,3316.33000000,4672.46560000
1768716000000,3316.32000000,3318.18000000,3312.16000000,3315.85000000,4828.99570000
1768719600000,3315.84000000,3316.11000000,3306.40000000,3307.30000000,6782.89350000
1768723200000,3307.30000000,3316.79000000,3303.52000000,3315.47000000,6547.00890000
1768726800000,3315.46000000,3325.14000000,3314.46000000,3323.20000000,9577.96920000
1768730400000,3323.21000000,3326.20000000,3318.47000000,3325.83000000,7048.88830000
1768734000000,3325.82000000,3325.83000000,3319.08000000,3322.00000000,3251.92270000
1768737600000,3322.00000000,3327.13000000,3318.74000000,3322.69000000,2361.02970000
1768741200000,3322.68000000,3330.57000000,3314.64000000,3325.92000000,8141.73750000
1768744800000,3325.93000000,3347.75000000,3322.69000000,3324.99000000,17154.14200000
1768748400000,3324.98000000,3335.50000000,3319.02000000,3333.99000000,4837.98160000
1768752000000,3334.00000000,3337.95000000,3330.05000000,3333.74000000,4301.36050000
1768755600000,3333.74000000,3346.00000000,3332.11000000,3345.07000000,3382.75920000
1768759200000,3345.07000000,3368.82000000,3337.15000000,3361.85000000,14195.64520000
1768762800000,3361.86000000,3365.96000000,3344.57000000,3346.56000000,7097.99030000
1768766400000,3346.56000000,3352.64000000,3338.13000000,3341.10000000,3888.84030000
1768770000000,3341.11000000,3345.56000000,3336.92000000,3341.82000000,2802.47320000
1768773600000,3341.82000000,3356.26000000,3340.04000000,3350.77000000,4621.35650000
1768777200000,3350.77000000,3350.78000000,3278.86000000,3284.03000000,39746.42340000
1768780800000,3284.04000000,3284.58000000,3177.68000000,3212.13000000,124613.01820000
1768784400000,3212.13000000,3221.48000000,3194.47000000,3206.86000000,31822.15530000
1768788000000,3206.87000000,3216.48000000,3193.96000000,3204.46000000,17141.45070000
1768791600000,3204.46000000,3213.05000000,3195.19000000,3212.29000000,16094.51190000
1768795200000,3212.28000000,3218.02000000,3205.45000000,3212.97000000,24789.51330000
1768798800000,3212.96000000,3215.67000000,3196.39000000,3203.05000000,33144.25430000
1768802400000,3203.06000000,3204.57000000,3187.88000000,3195.58000000,18341.02650000
1768806000000,3195.58000000,3209.42000000,3195.58000000,3207.47000000,9992.56050000
1768809600000,3207.47000000,3221.99000000,3197.30000000,3213.87000000,16942.27180000
1768813200000,3213.87000000,3214.87000000,3205.54000000,3209.46000000,5601.10180000
1768816800000,3209.46000000,3216.58000000,3205.52000000,3215.47000000,11163.01340000
1768820400000,3215.48000000,3231.27000000,3213.36000000,3223.91000000,28599.45640000
1768824000000,3223.91000000,3236.26000000,3219.48000000,3225.10000000,17269.51530000
1768827600000,3225.11000000,3225.12000000,3213.09000000,3218.27000000,5767.70860000
1768831200000,3218.27000000,3219.72000000,3202.85000000,3213.00000000,10163.46510000
1768834800000,3213.00000000,3220.97000000,3210.33000000,3216.21000000,6477.41710000
1768838400000,3216.20000000,3227.17000000,3212.72000000,3223.16000000,7947.47600000
1768842000000,3223.16000000,3226.00000000,3217.12000000,3220.00000000,4280.44050000
1768845600000,3220.00000000,3221.08000000,3208.50000000,3214.90000000,4601.56650000
1768849200000,3214.90000000,3224.58000000,3214.90000000,3219.95000000,3617.48170000
1768852800000,3219.95000000,3225.43000000,3212.08000000,3214.31000000,6035.31930000
1768856400000,3214.32000000,3221.49000000,3210.23000000,3212.78000000,3662.36170000
1768860000000,3212.77000000,3214.49000000,3186.82000000,3189.00000000,12147.27670000
1768863600000,3189.01000000,3197.91000000,3165.38000000,3189.55000000,22326.19700000
1768867200000,3189.56000000,3200.50000000,3176.83000000,3184.12000000,9601.28380000
1768870800000,3184.12000000,3199.60000000,3175.53000000,3193.28000000,7419.16270000
1768874400000,3193.28000000,3200.10000000,3179.24000000,3192.96000000,8796.64570000
1768878000000,3192.97000000,3194.91000000,3184.05000000,3188.67000000,5432.06020000
1768881600000,3188.68000000,3189.23000000,3168.77000000,3172.76000000,7734.34550000
1768885200000,3172.76000000,3174.89000000,3152.44000000,3171.35000000,24441.47080000
1768888800000,3171.36000000,3172.27000000,3109.37000000,3116.91000000,42669.42420000
1768892400000,3116.91000000,3131.34000000,3112.00000000,3123.37000000,18041.71870000
1768896000000,3123.37000000,3123.84000000,3085.17000000,3106.84000000,42275.73640000
1768899600000,3106.84000000,3108.80000000,3088.41000000,3094.10000000,11484.05120000
1768903200000,3094.10000000,3108.52000000,3091.18000000,3103.01000000,15142.16480000
1768906800000,3103.01000000,3113.10000000,3103.00000000,3109.88000000,11514.57530000
1768910400000,3109.88000000,3115.00000000,3102.27000000,3111.30000000,13552.46610000
1768914000000,3111.31000000,3113.27000000,3074.50000000,3078.99000000,18796.13870000
1768917600000,3078.99000000,3089.01000000,3034.22000000,3047.49000000,55486.54860000
1768921200000,3047.49000000,3049.91000000,2995.33000000,3032.99000000,63693.73720000
1768924800000,3033.00000000,3042.92000000,2998.71000000,3009.32000000,24027.03560000
1768928400000,3009.31000000,3023.64000000,2984.26000000,2999.62000000,25515.94930000
1768932000000,2999.62000000,3009.00000000,2987.91000000,2991.81000000,15018.33570000
1768935600000,2991.81000000,3003.31000000,2980.11000000,2996.49000000,15884.65820000
1768939200000,2996.49000000,3007.15000000,2986.31000000,3006.66000000,12226.35770000
1768942800000,3006.66000000,3007.22000000,2990.00000000,2993.53000000,12764.72950000
1768946400000,2993.53000000,2999.08000000,2920.00000000,2951.54000000,37596.92970000
1768950000000,2951.53000000,2952.42000000,2930.64000000,2939.88000000,19050.95310000
1768953600000,2939.88000000,2969.51000000,2921.89000000,2960.00000000,24100.48160000
1768957200000,2960.01000000,2974.20000000,2955.24000000,2965.15000000,10659.33900000
1768960800000,2965.14000000,2975.41000000,2958.00000000,2961.52000000,9378.86590000
1768964400000,2961.52000000,2984.64000000,2960.87000000,2981.76000000,8605.19520000
1768968000000,2981.75000000,2985.61000000,2974.85000000,2979.51000000,5848.57440000
1768971600000,2979.50000000,3002.00000000,2977.53000000,2993.03000000,13125.95140000
1768975200000,2993.03000000,2993.58000000,2975.33000000,2980.30000000,6624.24950000
1768978800000,2980.31000000,2985.67000000,2966.00000000,2970.60000000,18355.07560000
1768982400000,2970.60000000,2974.59000000,2956.00000000,2965.49000000,15077.83090000
1768986000000,2965.49000000,2974.87000000,2950.34000000,2954.09000000,9638.38130000
1768989600000,2954.08000000,2970.12000000,2952.42000000,2963.92000000,6687.77600000
1768993200000,2963.92000000,2971.66000000,2938.00000000,2943.00000000,16453.53340000
1768996800000,2943.00000000,2946.47000000,2902.00000000,2931.48000000,39943.82580000
1769000400000,2931.48000000,2945.64000000,2920.51000000,2928.13000000,15478.80320000
1769004000000,2928.13000000,2995.83000000,2924.56000000,2981.09000000,51363.24910000
1769007600000,2981.09000000,3026.83000000,2975.17000000,3002.69000000,45958.47670000
1769011200000,3002.69000000,3005.22000000,2886.00000000,2891.58000000,63238.70420000
1769014800000,2891.59000000,2914.19000000,2866.11000000,2903.91000000,52720.42940000
1769018400000,2903.91000000,2933.80000000,2887.88000000,2927.40000000,17887.34250000
1769022000000,2927.39000000,3069.07000000,2916.60000000,3055.56000000,75387.95380000
1769025600000,3055.55000000,3057.72000000,3003.45000000,3031.84000000,33543.44740000
1769029200000,3031.84000000,3044.16000000,3021.30000000,3031.47000000,11046.19570000
1769032800000,3031.47000000,3045.01000000,3009.10000000,3010.52000000,10684.01570000
1769036400000,3010.51000000,3025.35000000,2972.69000000,2982.27000000,15992.55040000
1769040000000,2982.28000000,3011.51000000,2980.73000000,3005.39000000,11865.46040000
1769043600000,3005.40000000,3033.95000000,3002.73000000,3028.52000000,10091.25100000
1769047200000,3028.52000000,3038.33000000,3015.15000000,3017.72000000,9545.48840000
1769050800000,3017.72000000,3030.82000000,2999.77000000,3013.41000000,9405.73110000
1769054400000,3013.41000000,3025.43000000,3011.50000000,3023.04000000,5226.82960000
1769058000000,3023.03000000,3027.90000000,3014.78000000,3019.80000000,5095.41710000
1769061600000,3019.80000000,3027.61000000,3008.83000000,3019.13000000,10859.04860000
1769065200000,3019.14000000,3022.39000000,3000.40000000,3000.94000000,9422.40780000
1769068800000,3000.94000000,3008.15000000,2992.50000000,3005.75000000,9275.39610000
1769072400000,3005.75000000,3016.40000000,3003.19000000,3013.63000000,6819.53300000
1769076000000,3013.63000000,3014.63000000,3000.00000000,3002.64000000,7328.66770000
1769079600000,3002.63000000,3006.82000000,2977.22000000,2986.80000000,13087.33760000
1769083200000,2986.80000000,2998.48000000,2978.45000000,2990.86000000,7449.83620000
1769086800000,2990.86000000,3010.18000000,2962.33000000,2972.76000000,18870.88960000
1769090400000,2972.76000000,2982.13000000,2935.22000000,2941.33000000,34628.08600000
1769094000000,2941.32000000,2968.39000000,2906.02000000,2942.01000000,45630.19790000
1769097600000,2942.02000000,2958.53000000,2923.99000000,2946.24000000,17646.49650000
1769101200000,2946.24000000,2963.83000000,2934.97000000,2961.77000000,10980.22250000
1769104800000,2961.76000000,2972.76000000,2938.46000000,2939.53000000,11212.24500000
1769108400000,2939.54000000,2963.49000000,2928.33000000,2953.94000000,8618.60740000
1769112000000,2953.94000000,2957.86000000,2930.15000000,2939.02000000,9826.56340000
1769115600000,2939.02000000,2951.45000000,2933.75000000,2946.40000000,6588.32960000
1769119200000,2946.31000000,2959.16000000,2943.33000000,2951.90000000,6729.56110000
1769122800000,2951.90000000,2955.89000000,2940.82000000,2952.69000000,5457.13130000
1769126400000,2952.70000000,2957.13000000,2946.22000000,2953.61000000,5040.16250000
1769130000000,2953.62000000,2970.00000000,2953.08000000,2968.88000000,7415.34640000
1769133600000,2968.89000000,2972.08000000,2952.83000000,2952.83000000,5463.66390000
1769137200000,2952.83000000,2965.45000000,2951.92000000,2964.42000000,4150.21350000
1769140800000,2964.42000000,2984.71000000,2963.00000000,2977.99000000,10015.32610000
1769144400000,2977.99000000,2978.41000000,2963.83000000,2968.56000000,7833.17270000
1769148000000,2968.57000000,2975.39000000,2937.85000000,2939.88000000,16426.04800000
1769151600000,2939.88000000,2951.42000000,2935.31000000,2948.49000000,12271.10760000
1769155200000,2948.58000000,2951.34000000,2921.20000000,2927.64000000,16274.55080000
1769158800000,2927.64000000,2935.02000000,2915.19000000,2921.17000000,15019.21370000
1769162400000,2921.16000000,2935.00000000,2914.93000000,2930.95000000,13413.54630000
1769166000000,2930.95000000,2946.66000000,2928.44000000,2940.68000000,12030.93940000
1769169600000,2940.68000000,2940.69000000,2929.00000000,2934.86000000,8042.33320000
1769173200000,2934.85000000,2943.92000000,2927.09000000,2930.79000000,7776.28410000
1769176800000,2930.78000000,2942.39000000,2892.40000000,2916.07000000,31603.72700000
1769180400000,2916.07000000,2965.06000000,2899.77000000,2952.75000000,26850.23040000
1769184000000,2952.66000000,2980.00000000,2938.46000000,2967.99000000,25013.50390000
1769187600000,2968.00000000,3019.26000000,2959.80000000,2987.51000000,33119.10720000
1769191200000,2987.51000000,3007.55000000,2978.45000000,2988.60000000,15956.17970000
1769194800000,2988.60000000,2988.60000000,2946.73000000,2959.80000000,20079.11450000
1769198400000,2959.79000000,2963.69000000,2930.42000000,2940.16000000,13098.67900000
1769202000000,2940.15000000,2953.07000000,2938.26000000,2943.98000000,3646.01070000
1769205600000,2943.98000000,2961.92000000,2943.47000000,2960.02000000,5647.05800000
1769209200000,2960.02000000,2960.02000000,2951.00000000,2956.41000000,2229.81310000
1769212800000,2956.41000000,2958.99000000,2949.27000000,2950.99000000,4133.88140000
1769216400000,2951.00000000,2959.45000000,2950.00000000,2956.12000000,2183.26880000
1769220000000,2956.12000000,2962.32000000,2954.69000000,2959.59000000,3290.67540000
1769223600000,2959.59000000,2970.41000000,2957.25000000,2962.72000000,9572.35360000
1769227200000,2962.72000000,2966.86000000,2959.49000000,2963.41000000,3230.19820000
1769230800000,2963.41000000,2965.63000000,2957.39000000,2961.32000000,3560.58460000
1769234400000,2961.32000000,2964.16000000,2959.13000000,2961.79000000,2039.17990000
1769238000000,2961.79000000,2962.40000000,2953.99000000,2957.34000000,7722.51070000
1769241600000,2957.34000000,2963.18000000,2954.77000000,2963.12000000,2867.91660000
1769245200000,2963.13000000,2964.98000000,2960.10000000,2960.55000000,1548.13360000
1769248800000,2960.55000000,2962.20000000,2958.75000000,2961.66000000,1666.15700000
1769252400000,2961.66000000,2964.48000000,2960.47000000,2961.18000000,1562.95380000
1769256000000,2961.17000000,2965.01000000,2959.49000000,2962.64000000,3850.68090000
1769259600000,2962.65000000,2963.50000000,2948.40000000,2948.92000000,3715.04820000
1769263200000,2948.92000000,2959.55000000,2943.84000000,2959.48000000,6294.07640000
1769266800000,2959.49000000,2968.08000000,2955.57000000,2957.25000000,7226.65590000
1769270400000,2957.25000000,2961.62000000,2952.23000000,2958.90000000,3048.43880000
1769274000000,2958.91000000,2966.10000000,2957.96000000,2964.30000000,3149.78000000
1769277600000,2964.31000000,2968.49000000,2961.99000000,2963.82000000,4188.80840000
1769281200000,2963.82000000,2964.21000000,2952.44000000,2953.93000000,3763.05440000
1769284800000,2953.94000000,2958.80000000,2953.76000000,2956.25000000,2357.11180000
1769288400000,2956.26000000,2957.95000000,2949.23000000,2957.95000000,3613.13290000
1769292000000,2957.95000000,2964.55000000,2957.94000000,2963.00000000,2303.20910000
1769295600000,2963.00000000,2964.40000000,2952.54000000,2953.22000000,5195.09350000
1769299200000,2953.23000000,2958.87000000,2952.54000000,2958.87000000,1835.36650000
1769302800000,2958.86000000,2960.29000000,2950.00000000,2955.15000000,3953.27570000
1769306400000,2955.16000000,2957.80000000,2953.10000000,2953.37000000,1632.82420000
1769310000000,2953.38000000,2954.10000000,2937.50000000,2942.60000000,7212.50230000
1769313600000,2942.59000000,2949.36000000,2940.45000000,2945.29000000,5221.91030000
1769317200000,2945.29000000,2948.64000000,2942.17000000,2947.38000000,1735.84720000
1769320800000,2947.39000000,2947.77000000,2935.01000000,2944.24000000,5987.18470000
1769324400000,2944.24000000,2944.24000000,2938.05000000,2939.57000000,2182.57040000
1769328000000,2939.58000000,2944.80000000,2921.00000000,2929.08000000,10209.79400000
1769331600000,2929.08000000,2939.16000000,2926.66000000,2935.75000000,6039.72260000
1769335200000,2935.75000000,2948.11000000,2935.74000000,2945.08000000,5745.89390000
1769338800000,2945.09000000,2946.49000000,2932.36000000,2937.54000000,4619.46140000
1769342400000,2937.54000000,2944.95000000,2932.63000000,2942.38000000,6754.54430000
1769346000000,2942.39000000,2945.37000000,2935.47000000,2941.68000000,4572.29230000
1769349600000,2941.69000000,2942.69000000,2924.76000000,2932.54000000,9012.21280000
1769353200000,2932.53000000,2936.12000000,2922.08000000,2926.81000000,4623.57080000
1769356800000,2926.82000000,2927.78000000,2876.36000000,2896.98000000,58280.18500000
1769360400000,2896.99000000,2898.61000000,2879.05000000,2884.41000000,10051.06890000
1769364000000,2884.41000000,2888.71000000,2828.05000000,2848.19000000,70206.12690000
1769367600000,2848.20000000,2857.77000000,2797.20000000,2812.96000000,55358.02550000
1769371200000,2812.96000000,2824.00000000,2787.00000000,2809.72000000,38916.26880000
1769374800000,2809.72000000,2825.72000000,2802.57000000,2818.72000000,22999.77620000
1769378400000,2818.73000000,2819.32000000,2790.00000000,2807.14000000,21128.42430000
1769382000000,2807.14000000,2821.14000000,2787.00000000,2816.89000000,21907.68360000
1769385600000,2816.90000000,2847.26000000,2812.37000000,2841.65000000,31383.74000000
1769389200000,2841.66000000,2898.76000000,2838.62000000,2882.69000000,35818.24890000
1769392800000,2882.70000000,2885.39000000,2863.33000000,2865.98000000,18026.53860000
1769396400000,2865.98000000,2872.49000000,2840.89000000,2850.68000000,18228.17520000
1769400000000,2850.69000000,2875.77000000,2849.91000000,2865.98000000,16354.47590000
1769403600000,2865.97000000,2873.32000000,2859.92000000,2869.65000000,14879.20220000
1769407200000,2869.66000000,2891.83000000,2866.06000000,2891.64000000,19629.34410000
1769410800000,2891.64000000,2911.61000000,2886.08000000,2904.32000000,19586.50750000
1769414400000,2904.32000000,2934.40000000,2897.14000000,2912.29000000,26086.00160000
1769418000000,2912.29000000,2913.56000000,2880.50000000,2885.87000000,13808.95060000
1769421600000,2885.87000000,2901.74000000,2884.84000000,2896.28000000,9764.38210000
1769425200000,2896.27000000,2900.66000000,2888.08000000,2892.15000000,9041.61850000
1769428800000,2892.15000000,2915.10000000,2892.15000000,2902.69000000,8344.75010000
1769432400000,2902.69000000,2911.30000000,2897.04000000,2909.67000000,7171.47150000
1769436000000,2909.66000000,2934.70000000,2875.77000000,2922.74000000,59545.13990000
1769439600000,2922.75000000,2951.21000000,2887.69000000,2899.32000000,40140.19450000
1769443200000,2899.32000000,2918.00000000,2891.64000000,2901.50000000,20494.42240000
1769446800000,2901.51000000,2915.89000000,2885.97000000,2909.42000000,15668.76810000
1769450400000,2909.43000000,2932.68000000,2908.01000000,2932.01000000,17587.10900000
1769454000000,2932.00000000,2936.06000000,2918.42000000,2923.12000000,12566.38050000
1769457600000,2923.11000000,2929.47000000,2898.88000000,2901.82000000,21876.34070000
1769461200000,2901.82000000,2944.18000000,2895.82000000,2928.97000000,24260.46800000
1769464800000,2928.98000000,2936.88000000,2919.79000000,2927.22000000,10070.17960000
1769468400000,2927.21000000,2945.32000000,2918.30000000,2930.35000000,14836.92770000
1769472000000,2930.35000000,2931.27000000,2918.00000000,2921.06000000,10769.44640000
1769475600000,2921.05000000,2939.95000000,2912.44000000,2932.65000000,11889.35560000
1769479200000,2932.65000000,2947.42000000,2932.65000000,2945.25000000,19317.08030000
1769482800000,2945.25000000,2948.88000000,2936.50000000,2941.18000000,16777.98820000
1769486400000,2941.17000000,2957.04000000,2936.59000000,2940.70000000,20559.84510000
1769490000000,2940.70000000,2942.08000000,2933.58000000,2939.28000000,12073.66460000
1769493600000,2939.29000000,2942.53000000,2924.35000000,2929.00000000,13485.21390000
1769497200000,2929.00000000,2937.52000000,2927.50000000,2929.11000000,6762.78270000
1769500800000,2929.11000000,2932.65000000,2920.00000000,2923.41000000,9925.12330000
1769504400000,2923.41000000,2923.41000000,2906.93000000,2907.69000000,17491.15120000
1769508000000,2907.69000000,2915.70000000,2901.68000000,2903.23000000,16328.08090000
1769511600000,2903.24000000,2922.10000000,2899.77000000,2917.02000000,11564.78880000
1769515200000,2917.03000000,2927.94000000,2915.68000000,2918.28000000,8710.62610000
1769518800000,2918.28000000,2919.38000000,2905.93000000,2912.61000000,6205.03580000
1769522400000,2912.61000000,2943.63000000,2907.22000000,2918.65000000,29037.72680000
1769526000000,2918.65000000,2941.71000000,2913.03000000,2937.45000000,23478.22240000
1769529600000,2937.46000000,2998.52000000,2934.85000000,2990.81000000,55579.65780000
1769533200000,2990.81000000,2994.50000000,2918.09000000,2930.30000000,38519.03030000
1769536800000,2930.29000000,2989.77000000,2925.92000000,2978.21000000,23281.69100000
1769540400000,2978.22000000,2992.27000000,2965.61000000,2980.48000000,13249.56430000
1769544000000,2980.48000000,3027.99000000,2978.92000000,3020.77000000,35359.69540000
1769547600000,3020.78000000,3030.30000000,3005.43000000,3015.82000000,24179.65990000
1769551200000,3015.82000000,3023.87000000,3004.69000000,3020.00000000,24001.52640000
1769554800000,3020.00000000,3035.08000000,3011.22000000,3026.77000000,30245.44160000
1769558400000,3026.77000000,3029.79000000,3015.74000000,3024.26000000,7944.34330000
1769562000000,3024.26000000,3026.83000000,3007.50000000,3018.22000000,5944.60430000
1769565600000,3018.21000000,3018.25000000,3005.49000000,3010.82000000,4589.79070000
1769569200000,3010.82000000,3012.27000000,2996.55000000,3005.18000000,8513.92020000
1769572800000,3005.18000000,3006.89000000,2992.89000000,2999.64000000,7746.22990000
1769576400000,2999.65000000,3008.83000000,2996.50000000,3004.47000000,8328.53700000
1769580000000,3004.48000000,3018.33000000,3003.01000000,3014.47000000,11630.24300000
1769583600000,3014.47000000,3015.45000000,3002.29000000,3005.07000000,7189.07540000
1769587200000,3005.07000000,3006.55000000,2988.70000000,2990.69000000,8832.57640000
1769590800000,2990.68000000,3017.45000000,2986.59000000,3017.44000000,13870.69460000
1769594400000,3017.45000000,3039.78000000,3013.11000000,3025.86000000,18858.15080000
1769598000000,3025.86000000,3045.36000000,3014.92000000,3039.72000000,16338.28940000
1769601600000,3039.71000000,3040.31000000,3023.78000000,3031.13000000,13341.16150000
1769605200000,3031.14000000,3045.78000000,3029.55000000,3034.67000000,15084.46030000
1769608800000,3034.68000000,3034.68000000,3007.64000000,3013.09000000,19228.21140000
1769612400000,3013.09000000,3021.23000000,2983.67000000,3008.25000000,31672.62890000
1769616000000,3008.25000000,3017.94000000,2996.08000000,2999.72000000,8458.65320000
1769619600000,2999.72000000,3031.68000000,2989.41000000,3014.89000000,15003.72910000
1769623200000,3014.89000000,3024.28000000,3000.11000000,3015.51000000,16085.93160000
1769626800000,3015.51000000,3024.19000000,2996.85000000,3016.60000000,25074.38020000
1769630400000,3016.60000000,3038.45000000,3008.25000000,3012.21000000,13430.95080000
1769634000000,3012.21000000,3023.53000000,2996.66000000,3021.51000000,9777.46090000
1769637600000,3021.51000000,3027.37000000,3008.83000000,3018.92000000,4968.07870000
1769641200000,3018.92000000,3022.98000000,3008.30000000,3010.78000000,4695.55330000
1769644800000,3010.78000000,3013.50000000,2995.94000000,3009.49000000,7396.79590000
1769648400000,3009.48000000,3011.55000000,2987.18000000,2992.71000000,8718.98060000
1769652000000,2992.71000000,2999.21000000,2944.48000000,2959.23000000,25130.62760000
1769655600000,2959.24000000,2972.73000000,2947.83000000,2952.52000000,12996.34420000
1769659200000,2952.52000000,2960.62000000,2937.55000000,2959.45000000,11696.74000000
1769662800000,2959.46000000,2965.69000000,2947.95000000,2951.61000000,6625.46730000
1769666400000,2951.60000000,2959.50000000,2950.16000000,2955.97000000,5890.82010000
1769670000000,2955.97000000,2964.93000000,2955.44000000,2961.54000000,6729.75590000
1769673600000,2961.54000000,2969.79000000,2943.56000000,2952.60000000,15330.16630000
1769677200000,2952.59000000,2955.20000000,2942.37000000,2942.38000000,9586.79340000
1769680800000,2942.38000000,2948.95000000,2941.36000000,2944.29000000,6855.72620000
1769684400000,2944.30000000,2945.42000000,2923.77000000,2929.29000000,14851.07740000
1769688000000,2929.29000000,2938.67000000,2925.89000000,2936.34000000,5631.11510000
1769691600000,2936.34000000,2939.00000000,2931.62000000,2936.14000000,3389.05880000
1769695200000,2936.15000000,2937.02000000,2875.70000000,2876.28000000,28733.61430000
1769698800000,2876.29000000,2877.49000000,2797.01000000,2824.32000000,102468.46100000
1769702400000,2824.31000000,2836.45000000,2801.58000000,2835.03000000,81033.86840000
1769706000000,2835.03000000,2860.05000000,2818.76000000,2824.34000000,36994.36450000
1769709600000,2824.34000000,2834.44000000,2754.53000000,2763.98000000,84813.12290000
1769713200000,2763.98000000,2811.34000000,2758.18000000,2797.53000000,39427.97060000
1769716800000,2797.53000000,2812.32000000,2789.39000000,2805.85000000,17205.71180000
1769720400000,2805.85000000,2825.10000000,2805.36000000,2819.83000000,14512.81650000
1769724000000,2819.83000000,2825.23000000,2810.55000000,2819.95000000,6498.43270000
1769727600000,2819.96000000,2827.59000000,2812.77000000,2822.59000000,8770.76640000
1769731200000,2822.60000000,2828.65000000,2802.58000000,2805.00000000,11904.17860000
1769734800000,2805.00000000,2813.31000000,2689.00000000,2747.15000000,100722.86640000
1769738400000,2747.16000000,2751.29000000,2699.16000000,2736.56000000,52452.49050000
1769742000000,2736.56000000,2748.34000000,2734.30000000,2741.11000000,17234.94520000
1769745600000,2741.12000000,2774.83000000,2738.11000000,2752.99000000,23751.05640000
1769749200000,2753.00000000,2760.61000000,2747.01000000,2747.02000000,11869.79870000
1769752800000,2747.02000000,2748.54000000,2696.82000000,2718.56000000,31051.12630000
1769756400000,2718.57000000,2750.93000000,2718.14000000,2740.16000000,36461.56300000
1769760000000,2740.17000000,2748.41000000,2722.85000000,2737.43000000,17392.80590000
1769763600000,2737.43000000,2743.91000000,2710.00000000,2721.93000000,20444.46500000
1769767200000,2721.93000000,2736.92000000,2711.37000000,2736.19000000,12466.40610000
1769770800000,2736.19000000,2768.78000000,2734.57000000,2759.88000000,14974.54090000
1769774400000,2759.87000000,2766.53000000,2738.07000000,2740.49000000,14051.82000000
1769778000000,2740.49000000,2751.24000000,2719.54000000,2730.00000000,22328.59890000
1769781600000,2730.00000000,2764.82000000,2723.55000000,2737.42000000,35122.11080000
1769785200000,2737.43000000,2752.84000000,2693.42000000,2729.47000000,51736.87330000
1769788800000,2729.46000000,2744.55000000,2706.22000000,2726.96000000,30038.92900000
1769792400000,2726.96000000,2740.99000000,2706.66000000,2712.53000000,33260.14520000
1769796000000,2712.52000000,2750.11000000,2636.01000000,2740.27000000,104151.65810000
1769799600000,2740.27000000,2761.46000000,2734.66000000,2742.40000000,37551.68650000
1769803200000,2742.39000000,2742.87000000,2664.82000000,2680.72000000,66480.12750000
1769806800000,2680.72000000,2715.09000000,2677.60000000,2704.93000000,27224.91290000
1769810400000,2704.94000000,2709.92000000,2693.21000000,2709.92000000,12130.34230000
1769814000000,2709.91000000,2711.86000000,2694.59000000,2707.38000000,8476.17770000
1769817600000,2707.37000000,2714.64000000,2703.27000000,2706.48000000,7010.54560000
1769821200000,2706.47000000,2714.53000000,2699.13000000,2700.00000000,8314.55120000
1769824800000,2700.00000000,2708.64000000,2684.67000000,2702.05000000,11096.23780000
1769828400000,2702.04000000,2706.47000000,2694.72000000,2695.86000000,5186.13790000
1769832000000,2695.86000000,2704.82000000,2693.00000000,2695.66000000,5813.77680000
1769835600000,2695.66000000,2703.47000000,2690.80000000,2698.05000000,7984.31010000
1769839200000,2698.05000000,2701.00000000,2684.14000000,2692.90000000,11530.84320000
1769842800000,2692.91000000,2693.81000000,2668.20000000,2680.06000000,11148.35850000
1769846400000,2680.06000000,2683.49000000,2609.85000000,2644.03000000,65964.16150000
1769850000000,2644.02000000,2659.80000000,2633.71000000,2648.35000000,17355.92750000
1769853600000,2648.35000000,2655.70000000,2636.54000000,2651.67000000,8989.43180000
1769857200000,2651.66000000,2651.67000000,2634.69000000,2640.72000000,9642.07400000
1769860800000,2640.72000000,2644.43000000,2628.63000000,2633.55000000,15841.58840000
1769864400000,2633.55000000,2636.97000000,2618.00000000,2629.14000000,19347.56960000
1769868000000,2629.14000000,2636.16000000,2510.01000000,2538.69000000,151198.87550000
1769871600000,2538.69000000,2554.89000000,2526.38000000,2534.20000000,39821.62420000
1769875200000,2534.20000000,2551.26000000,2468.06000000,2482.71000000,88576.42580000
1769878800000,2482.71000000,2495.43000000,2370.00000000,2403.39000000,180516.49720000
1769882400000,2403.39000000,2417.42000000,2250.00000000,2381.08000000,204390.82150000
1769886000000,2381.07000000,2433.66000000,2372.37000000,2382.82000000,89128.63630000
1769889600000,2382.83000000,2407.24000000,2355.24000000,2382.61000000,42997.54820000
1769893200000,2382.60000000,2423.92000000,2373.21000000,2419.60000000,42879.78710000
1769896800000,2419.60000000,2424.98000000,2406.34000000,2419.59000000,15968.49570000
1769900400000,2419.58000000,2473.77000000,2416.94000000,2451.95000000,52393.48780000
1769904000000,2451.96000000,2475.98000000,2446.12000000,2452.18000000,31996.07580000
1769907600000,2452.18000000,2455.61000000,2429.15000000,2444.70000000,25046.80800000
1769911200000,2444.70000000,2461.81000000,2440.24000000,2452.61000000,18593.77780000
1769914800000,2452.61000000,2456.62000000,2438.13000000,2445.46000000,17349.57600000
1769918400000,2445.46000000,2454.66000000,2441.52000000,2448.23000000,14512.14280000
1769922000000,2448.23000000,2449.44000000,2424.56000000,2430.51000000,27364.67360000
1769925600000,2430.52000000,2440.00000000,2408.17000000,2418.65000000,39396.80890000
1769929200000,2418.66000000,2438.79000000,2393.46000000,2411.22000000,41360.59070000
1769932800000,2411.22000000,2428.37000000,2396.57000000,2412.95000000,26787.25950000
1769936400000,2412.95000000,2438.22000000,2406.63000000,2432.23000000,13076.87970000
1769940000000,2432.23000000,2438.98000000,2376.10000000,2381.03000000,35950.36880000
1769943600000,2381.04000000,2423.90000000,2381.03000000,2411.86000000,24016.00620000
1769947200000,2411.86000000,2412.47000000,2365.00000000,2396.02000000,35212.31480000
1769950800000,2396.01000000,2410.53000000,2370.10000000,2381.13000000,16675.04610000
1769954400000,2381.13000000,2389.57000000,2326.96000000,2373.07000000,58996.70220000
1769958000000,2373.07000000,2373.07000000,2285.40000000,2315.39000000,104485.07080000
1769961600000,2315.47000000,2333.15000000,2284.17000000,2304.06000000,65276.39450000
1769965200000,2304.07000000,2321.94000000,2296.92000000,2313.96000000,66387.23510000
1769968800000,2313.96000000,2377.99000000,2313.33000000,2350.97000000,62483.89570000
1769972400000,2350.96000000,2356.00000000,2306.29000000,2320.35000000,42306.89610000
1769976000000,2320.35000000,2349.24000000,2298.56000000,2316.36000000,49601.99570000
1769979600000,2316.35000000,2319.57000000,2279.16000000,2290.58000000,42305.84180000
1769983200000,2290.59000000,2334.90000000,2287.18000000,2319.33000000,30333.67340000
1769986800000,2319.33000000,2321.69000000,2222.00000000,2270.15000000,137057.91260000
1769990400000,2270.16000000,2324.17000000,2242.33000000,2293.20000000,60689.78370000
1769994000000,2293.21000000,2318.66000000,2250.13000000,2291.29000000,43004.27940000
1769997600000,2291.30000000,2300.51000000,2259.48000000,2262.27000000,39005.37980000
1770001200000,2262.27000000,2267.67000000,2166.14000000,2239.02000000,155660.47020000
1770004800000,2239.01000000,2268.00000000,2207.55000000,2240.54000000,41154.02440000
1770008400000,2240.54000000,2243.11000000,2184.95000000,2198.02000000,61147.36260000
1770012000000,2198.02000000,2240.50000000,2157.14000000,2227.44000000,141581.67420000
1770015600000,2227.43000000,2253.16000000,2217.57000000,2228.93000000,57911.87950000
1770019200000,2228.93000000,2258.62000000,2228.93000000,2249.33000000,37267.17470000
1770022800000,2249.33000000,2319.00000000,2237.57000000,2291.57000000,56425.28960000
1770026400000,2291.58000000,2299.67000000,2273.52000000,2277.80000000,41471.21550000
1770030000000,2277.80000000,2298.01000000,2273.50000000,2282.32000000,67266.36490000
1770033600000,2282.32000000,2318.13000000,2282.01000000,2311.66000000,36325.71430000
1770037200000,2311.65000000,2335.90000000,2302.45000000,2327.93000000,29550.57160000
1770040800000,2327.93000000,2367.68000000,2274.19000000,2328.94000000,115148.89070000
1770044400000,2328.93000000,2396.62000000,2320.00000000,2372.71000000,79805.83400000
1770048000000,2372.71000000,2387.31000000,2349.90000000,2358.71000000,40086.10800000
1770051600000,2358.71000000,2381.59000000,2345.74000000,2356.54000000,34835.43710000
1770055200000,2356.53000000,2359.78000000,2332.74000000,2345.22000000,29357.10370000
1770058800000,2345.22000000,2351.17000000,2327.68000000,2331.54000000,19470.92250000
1770062400000,2331.52000000,2340.78000000,2313.33000000,2322.07000000,25644.54050000
1770066000000,2322.07000000,2345.20000000,2319.21000000,2342.04000000,14736.45810000
1770069600000,2342.04000000,2354.99000000,2336.00000000,2351.29000000,10355.63960000
1770073200000,2351.30000000,2355.55000000,2340.00000000,2347.02000000,10633.09280000
1770076800000,2347.01000000,2355.77000000,2325.23000000,2353.98000000,20152.91670000
1770080400000,2353.98000000,2359.88000000,2337.87000000,2354.68000000,18244.21900000
1770084000000,2354.69000000,2354.87000000,2297.13000000,2298.72000000,25890.31640000
1770087600000,2298.72000000,2345.15000000,2284.48000000,2344.03000000,28192.87750000
1770091200000,2343.99000000,2354.99000000,2333.31000000,2345.57000000,58243.05760000
1770094800000,2345.57000000,2345.79000000,2315.00000000,2316.12000000,36438.28640000
1770098400000,2316.13000000,2328.49000000,2298.44000000,2320.48000000,22606.64250000
1770102000000,2320.48000000,2333.61000000,2312.80000000,2323.12000000,25649.60960000
1770105600000,2323.13000000,2332.57000000,2309.20000000,2315.77000000,20330.04890000
1770109200000,2315.77000000,2318.90000000,2262.15000000,2292.06000000,48287.72330000
1770112800000,2292.06000000,2299.94000000,2276.70000000,2281.79000000,16482.48830000
1770116400000,2281.79000000,2288.49000000,2270.39000000,2276.68000000,40694.39860000
1770120000000,2276.68000000,2306.01000000,2272.21000000,2301.32000000,27004.25700000
1770123600000,2301.31000000,2317.65000000,2296.44000000,2312.21000000,22529.42250000
1770127200000,2312.22000000,2316.96000000,2255.02000000,2257.20000000,50376.26540000
1770130800000,2257.19000000,2313.43000000,2251.94000000,2303.20000000,65777.07740000
1770134400000,2303.21000000,2303.40000000,2235.19000000,2240.60000000,107134.54820000
1770138000000,2240.60000000,2244.58000000,2193.50000000,2195.11000000,111725.78980000
1770141600000,2195.11000000,2206.98000000,2110.00000000,2120.65000000,171392.47300000
1770145200000,2120.65000000,2218.40000000,2112.08000000,2205.28000000,109307.30920000
1770148800000,2205.27000000,2343.82000000,2188.25000000,2299.46000000,150442.90900000
1770152400000,2299.46000000,2337.58000000,2279.76000000,2283.92000000,58783.32460000
1770156000000,2283.93000000,2286.17000000,2229.01000000,2236.38000000,41969.22710000
1770159600000,2236.38000000,2248.62000000,2212.84000000,2233.72000000,43444.19870000
1770163200000,2233.72000000,2256.62000000,2223.88000000,2241.02000000,25337.53570000
1770166800000,2241.03000000,2281.82000000,2241.03000000,2268.64000000,24417.11840000
1770170400000,2268.65000000,2276.61000000,2242.55000000,2251.82000000,19657.23500000
1770174000000,2251.82000000,2295.74000000,2249.14000000,2283.37000000,24748.68390000
1770177600000,2283.37000000,2290.09000000,2270.21000000,2273.78000000,13646.15970000
1770181200000,2273.78000000,2280.54000000,2256.00000000,2265.40000000,16200.64920000
1770184800000,2265.39000000,2284.30000000,2258.17000000,2277.54000000,16454.65980000
1770188400000,2277.54000000,2293.99000000,2263.74000000,2283.85000000,31850.29640000
1770192000000,2283.84000000,2285.90000000,2266.49000000,2279.73000000,17098.80240000
1770195600000,2279.73000000,2279.91000000,2251.46000000,2260.65000000,18247.51060000
1770199200000,2260.65000000,2264.44000000,2250.58000000,2260.74000000,11981.43120000
1770202800000,2260.74000000,2267.32000000,2221.47000000,2254.86000000,85075.07190000
1770206400000,2254.86000000,2263.30000000,2226.43000000,2243.92000000,53056.34960000
1770210000000,2243.91000000,2246.09000000,2197.47000000,2198.63000000,57203.38880000
1770213600000,2198.63000000,2226.28000000,2168.82000000,2171.87000000,87588.55770000
1770217200000,2171.87000000,2197.26000000,2136.60000000,2151.83000000,124679.78030000
1770220800000,2151.84000000,2161.14000000,2106.00000000,2135.05000000,129090.86400000
1770224400000,2135.04000000,2154.59000000,2093.50000000,2126.07000000,137960.43380000
1770228000000,2126.07000000,2185.63000000,2076.68000000,2147.97000000,139137.57540000
1770231600000,2147.97000000,2194.71000000,2133.31000000,2188.27000000,69042.14960000
1770235200000,2188.26000000,2192.70000000,2161.79000000,2172.02000000,32577.38890000
1770238800000,2172.03000000,2180.90000000,2108.56000000,2129.80000000,41761.88340000
1770242400000,2129.80000000,2168.46000000,2088.01000000,2120.16000000,55357.06900000
1770246000000,2120.16000000,2165.65000000,2115.47000000,2148.26000000,32572.83530000
1770249600000,2148.25000000,2164.15000000,2136.81000000,2149.78000000,18420.29870000
1770253200000,2149.78000000,2173.77000000,2123.04000000,2148.55000000,37524.44430000
1770256800000,2148.54000000,2163.67000000,2113.32000000,2124.31000000,46882.72780000
1770260400000,2124.30000000,2136.68000000,2097.94000000,2110.00000000,70425.87910000
1770264000000,2110.00000000,2125.26000000,2078.32000000,2104.03000000,67759.99650000
1770267600000,2104.03000000,2124.55000000,2077.70000000,2101.42000000,54676.84490000
1770271200000,2101.42000000,2107.72000000,2068.20000000,2087.57000000,60204.59950000
1770274800000,2087.57000000,2124.32000000,2085.72000000,2091.40000000,49914.71200000
1770278400000,2091.50000000,2121.27000000,2091.32000000,2111.76000000,34195.52650000
1770282000000,2111.80000000,2149.75000000,2111.16000000,2133.45000000,34085.56560000
1770285600000,2133.46000000,2140.50000000,2086.54000000,2097.72000000,42052.91220000
1770289200000,2097.72000000,2105.30000000,2061.96000000,2079.98000000,61549.20510000
1770292800000,2079.98000000,2092.71000000,2043.16000000,2063.99000000,91567.23330000
1770296400000,2063.98000000,2080.76000000,2048.38000000,2058.64000000,43161.82740000
1770300000000,2058.64000000,2106.51000000,2042.42000000,2046.60000000,97110.52090000
1770303600000,2046.59000000,2054.16000000,1927.33000000,1961.12000000,255705.74800000
1770307200000,1961.12000000,2018.33000000,1944.94000000,1998.68000000,116393.93240000
1770310800000,1998.68000000,2001.77000000,1943.57000000,1955.09000000,79113.87920000
1770314400000,1955.09000000,1968.73000000,1913.76000000,1950.30000000,102822.69920000
1770318000000,1950.35000000,1953.81000000,1918.14000000,1928.76000000,79191.63880000
1770321600000,1928.78000000,1943.06000000,1825.06000000,1869.59000000,221025.50400000
1770325200000,1869.60000000,1912.35000000,1840.04000000,1850.48000000,133385.25680000
1770328800000,1850.42000000,1890.17000000,1818.18000000,1870.79000000,80415.38700000
1770332400000,1870.78000000,1907.66000000,1820.46000000,1826.83000000,74700.35590000
1770336000000,1826.83000000,1892.65000000,1747.80000000,1870.61000000,251543.05770000
1770339600000,1870.63000000,1940.16000000,1870.37000000,1932.17000000,113407.95110000
1770343200000,1932.17000000,1947.84000000,1891.46000000,1907.49000000,48456.35130000
1770346800000,1907.50000000,1917.88000000,1879.24000000,1891.82000000,54548.09560000
1770350400000,1891.81000000,1917.80000000,1885.95000000,1909.03000000,34232.05140000
1770354000000,1909.02000000,1975.75000000,1906.60000000,1958.69000000,53356.43510000
1770357600000,1958.69000000,1967.27000000,1906.89000000,1908.32000000,77948.10550000
1770361200000,1908.32000000,1915.15000000,1887.29000000,1899.42000000,102231.86400000
1770364800000,1899.41000000,1907.01000000,1866.13000000,1874.46000000,115044.06770000
1770368400000,1874.46000000,1929.18000000,1871.10000000,1919.00000000,99856.68830000
1770372000000,1919.08000000,1934.98000000,1909.69000000,1926.94000000,102748.74250000
1770375600000,1926.93000000,1939.35000000,1919.96000000,1932.68000000,54954.13280000
1770379200000,1932.67000000,1932.67000000,1914.88000000,1920.91000000,41598.40670000
1770382800000,1920.91000000,1962.39000000,1919.29000000,1950.31000000,75652.12420000
1770386400000,1950.31000000,2002.18000000,1933.33000000,1978.88000000,143645.89250000
1770390000000,1978.89000000,1997.68000000,1961.24000000,1980.81000000,86980.50600000
1770393600000,1980.80000000,2046.60000000,1970.17000000,2036.17000000,123293.16540000
1770397200000,2036.17000000,2090.13000000,2027.73000000,2067.01000000,130842.53060000
1770400800000,2067.01000000,2070.19000000,2030.59000000,2044.61000000,90216.46300000
1770404400000,2044.61000000,2072.00000000,2033.37000000,2065.63000000,63890.13380000
1770408000000,2065.63000000,2093.94000000,2043.68000000,2054.23000000,62701.25700000
1770411600000,2054.23000000,2061.99000000,2039.93000000,2053.97000000,45338.54260000
1770415200000,2053.98000000,2085.47000000,2046.08000000,2075.10000000,74012.48670000
1770418800000,2075.09000000,2087.98000000,2049.28000000,2063.38000000,55812.50580000
1770422400000,2063.37000000,2064.56000000,2036.75000000,2043.50000000,50106.17100000
1770426000000,2043.49000000,2066.64000000,2032.60000000,2061.94000000,26816.01290000
1770429600000,2061.94000000,2065.35000000,2048.78000000,2059.39000000,17033.06500000
1770433200000,2059.39000000,2086.00000000,2057.58000000,2080.81000000,29817.87300000
1770436800000,2080.80000000,2119.46000000,2078.81000000,2087.40000000,56525.08030000
1770440400000,2087.39000000,2103.99000000,2077.79000000,2083.79000000,21183.24820000
1770444000000,2083.78000000,2093.52000000,2047.20000000,2047.73000000,24691.09550000
1770447600000,2047.73000000,2055.70000000,1994.57000000,2027.10000000,78423.32220000
1770451200000,2027.10000000,2032.60000000,2015.33000000,2019.02000000,30728.19430000
1770454800000,2019.02000000,2029.84000000,2005.26000000,2014.45000000,21264.54310000
1770458400000,2014.45000000,2019.56000000,1999.57000000,2010.68000000,21711.24230000
1770462000000,2010.67000000,2021.79000000,2007.05000000,2018.77000000,16467.10970000
1770465600000,2018.77000000,2075.21000000,2017.02000000,2041.33000000,65816.00490000
1770469200000,2041.33000000,2050.43000000,2028.37000000,2041.49000000,50018.07730000
1770472800000,2041.48000000,2049.53000000,2009.82000000,2020.41000000,24158.71380000
1770476400000,2020.41000000,2063.46000000,2014.38000000,2052.54000000,31750.96130000
1770480000000,2052.55000000,2121.70000000,2009.54000000,2050.30000000,389715.08600000
1770483600000,2050.30000000,2073.13000000,2032.96000000,2061.16000000,35198.21820000
1770487200000,2061.16000000,2109.66000000,2059.00000000,2097.10000000,57697.36400000
1770490800000,2097.10000000,2101.35000000,2083.74000000,2091.29000000,17769.76420000
1770494400000,2091.29000000,2115.00000000,2084.60000000,2105.32000000,22849.02010000
1770498000000,2105.33000000,2110.35000000,2094.46000000,2100.42000000,23918.76210000
1770501600000,2100.43000000,2107.56000000,2087.62000000,2088.58000000,12581.73650000
1770505200000,2088.58000000,2095.63000000,2073.00000000,2087.08000000,16375.78280000
1770508800000,2087.08000000,2094.60000000,2076.86000000,2084.58000000,14208.60000000
1770512400000,2084.58000000,2097.76000000,2082.23000000,2096.35000000,12761.08530000
1770516000000,2096.36000000,2107.44000000,2082.48000000,2088.84000000,13998.52510000
1770519600000,2088.90000000,2093.29000000,2077.00000000,2078.77000000,14878.02810000
1770523200000,2078.78000000,2090.01000000,2064.91000000,2087.72000000,31811.96070000
1770526800000,2087.72000000,2088.41000000,2078.76000000,2084.77000000,11329.98850000
1770530400000,2084.76000000,2089.10000000,2077.19000000,2079.30000000,8700.93540000
1770534000000,2079.30000000,2084.42000000,2064.10000000,2084.41000000,30059.00400000
1770537600000,2084.41000000,2124.55000000,2078.04000000,2116.03000000,31335.03450000
1770541200000,2116.04000000,2123.00000000,2095.53000000,2100.55000000,17224.49590000
1770544800000,2100.54000000,2114.17000000,2083.41000000,2096.08000000,17098.50350000
1770548400000,2096.08000000,2137.57000000,2094.45000000,2132.35000000,27090.56670000
1770552000000,2132.36000000,2145.26000000,2125.42000000,2131.43000000,25674.12480000
1770555600000,2131.44000000,2141.00000000,2118.39000000,2126.59000000,28849.42650000
1770559200000,2126.59000000,2129.49000000,2116.32000000,2128.62000000,13093.62030000
1770562800000,2128.61000000,2130.78000000,2097.57000000,2108.64000000,24592.32780000
1770566400000,2108.63000000,2116.08000000,2072.80000000,2080.97000000,21042.14060000
1770570000000,2080.96000000,2099.31000000,2080.10000000,2092.13000000,12984.15540000
1770573600000,2092.13000000,2122.13000000,2090.69000000,2109.47000000,16445.40410000
1770577200000,2109.47000000,2129.73000000,2107.66000000,2126.77000000,10365.00230000
1770580800000,2126.79000000,2127.25000000,2100.26000000,2104.59000000,10698.39800000
1770584400000,2104.58000000,2115.10000000,2090.00000000,2093.90000000,13436.26090000
1770588000000,2093.91000000,2112.68000000,2093.83000000,2108.43000000,12301.02520000
1770591600000,2108.45000000,2152.03000000,2071.60000000,2089.74000000,62858.63790000
1770595200000,2089.73000000,2097.20000000,2076.33000000,2084.48000000,21165.07920000
1770598800000,2084.47000000,2101.24000000,2055.01000000,2070.89000000,34537.95520000
1770602400000,2070.89000000,2095.52000000,2065.71000000,2081.29000000,17975.80140000
1770606000000,2081.29000000,2103.02000000,2081.29000000,2100.25000000,16548.28660000
1770609600000,2100.25000000,2102.03000000,2086.66000000,2090.35000000,11919.64190000
1770613200000,2090.35000000,2097.01000000,2083.75000000,2095.82000000,11072.99250000
1770616800000,2095.81000000,2095.82000000,2072.43000000,2081.43000000,23279.37330000
1770620400000,2081.43000000,2087.70000000,2064.67000000,2065.74000000,17690.15360000
1770624000000,2065.74000000,2070.21000000,2034.56000000,2050.07000000,35682.28220000
1770627600000,2050.02000000,2057.43000000,2034.61000000,2042.27000000,22439.91440000
1770631200000,2042.27000000,2047.32000000,2013.25000000,2022.70000000,32691.43240000
1770634800000,2022.70000000,2036.83000000,2020.89000000,2028.23000000,19415.23390000
1770638400000,2028.26000000,2039.40000000,2027.53000000,2035.65000000,12709.90500000
1770642000000,2035.65000000,2050.17000000,2022.30000000,2022.52000000,21963.78550000
1770645600000,2022.52000000,2049.99000000,2008.62000000,2043.70000000,49955.37660000
1770649200000,2043.71000000,2073.47000000,2032.10000000,2061.61000000,38564.15720000
1770652800000,2061.61000000,2109.57000000,2047.78000000,2091.21000000,35694.01460000
1770656400000,2091.22000000,2136.90000000,2078.00000000,2127.33000000,46013.34340000
1770660000000,2127.33000000,2143.00000000,2109.53000000,2130.67000000,39034.99700000
1770663600000,2130.67000000,2138.35000000,2119.25000000,2131.34000000,21945.89850000
1770667200000,2131.34000000,2147.73000000,2118.34000000,2124.86000000,28564.24550000
1770670800000,2124.87000000,2129.78000000,2089.00000000,2122.24000000,33056.30290000
1770674400000,2122.24000000,2125.90000000,2111.40000000,2115.22000000,20709.85150000
1770678000000,2115.22000000,2122.47000000,2101.67000000,2105.02000000,12748.53260000
1770681600000,2105.02000000,2112.92000000,2096.49000000,2096.72000000,9634.87620000
1770685200000,2096.72000000,2124.71000000,2096.40000000,2117.35000000,10400.32610000
1770688800000,2117.35000000,2121.71000000,2102.73000000,2108.18000000,8793.30490000
1770692400000,2108.18000000,2110.70000000,2052.14000000,2064.96000000,34934.11800000
1770696000000,2064.96000000,2074.35000000,2062.91000000,2070.44000000,11716.02500000
1770699600000,2070.44000000,2072.00000000,2045.57000000,2053.07000000,19759.33060000
1770703200000,2053.07000000,2057.71000000,1997.59000000,2008.79000000,122549.32090000
1770706800000,2008.79000000,2019.84000000,1999.99000000,2007.47000000,41588.88040000
1770710400000,2007.47000000,2017.47000000,1995.83000000,2014.88000000,54492.82740000
1770714000000,2014.87000000,2029.98000000,2009.87000000,2016.80000000,30100.62210000
1770717600000,2016.80000000,2022.02000000,2009.54000000,2014.01000000,14015.99750000
1770721200000,2014.00000000,2022.82000000,2001.05000000,2003.21000000,15977.34800000
1770724800000,2003.20000000,2017.52000000,2002.60000000,2008.16000000,12071.21000000
1770728400000,2008.15000000,2027.68000000,1999.00000000,2022.49000000,22866.51660000
1770732000000,2022.49000000,2040.01000000,1989.38000000,2009.80000000,39644.31290000
1770735600000,2009.79000000,2029.99000000,2004.02000000,2022.66000000,32239.06350000
1770739200000,2022.67000000,2037.75000000,2012.22000000,2026.09000000,18282.05130000
1770742800000,2026.08000000,2046.94000000,2020.00000000,2040.20000000,14256.81270000
1770746400000,2040.20000000,2042.65000000,1996.18000000,2009.44000000,20737.05450000
1770750000000,2009.44000000,2025.72000000,2003.74000000,2017.95000000,10033.89510000
1770753600000,2017.95000000,2021.52000000,2004.75000000,2011.55000000,6872.16530000
1770757200000,2011.56000000,2017.95000000,1997.00000000,2008.45000000,8420.29900000
1770760800000,2008.46000000,2020.35000000,2007.11000000,2017.95000000,7117.06810000
1770764400000,2017.95000000,2022.85000000,2012.64000000,2022.67000000,7818.26470000
1770768000000,2022.67000000,2029.66000000,2019.29000000,2025.41000000,6888.51480000
1770771600000,2025.41000000,2031.02000000,2016.60000000,2024.45000000,7138.67390000
1770775200000,2024.45000000,2032.31000000,2014.39000000,2017.85000000,6254.76260000
1770778800000,2017.84000000,2021.38000000,1998.00000000,2009.59000000,12912.15840000
1770782400000,2009.59000000,2011.23000000,1963.29000000,1971.39000000,34552.98420000
1770786000000,1971.40000000,1981.40000000,1971.28000000,1974.45000000,9363.01010000
1770789600000,1974.45000000,1977.49000000,1939.21000000,1949.19000000,40991.64620000
1770793200000,1949.19000000,1958.57000000,1945.50000000,1950.89000000,15621.03810000
1770796800000,1950.90000000,1953.72000000,1937.11000000,1950.12000000,14519.16480000
1770800400000,1950.13000000,1954.32000000,1943.31000000,1947.00000000,9783.08340000
1770804000000,1947.00000000,1947.00000000,1932.02000000,1939.30000000,13999.77930000
1770807600000,1939.29000000,1956.52000000,1936.75000000,1953.66000000,11530.92470000
1770811200000,1953.65000000,1967.10000000,1949.08000000,1952.34000000,15263.05390000
1770814800000,1952.34000000,1968.93000000,1942.82000000,1960.60000000,33012.43680000
1770818400000,1960.60000000,2015.81000000,1937.23000000,1943.30000000,75602.52020000
1770822000000,1943.34000000,1950.49000000,1903.19000000,1929.46000000,66920.57840000
1770825600000,1929.46000000,1956.34000000,1910.02000000,1915.33000000,34074.72410000
1770829200000,1915.34000000,1942.48000000,1908.80000000,1929.88000000,24595.91980000
1770832800000,1929.95000000,1948.57000000,1915.71000000,1944.03000000,22146.21390000
1770836400000,1944.02000000,1959.80000000,1938.28000000,1952.28000000,22517.94070000
1770840000000,1952.27000000,1958.84000000,1940.49000000,1954.23000000,11739.01690000
1770843600000,1954.24000000,1988.07000000,1950.92000000,1970.45000000,17835.29320000
1770847200000,1970.46000000,1973.25000000,1948.35000000,1951.47000000,10030.03850000
1770850800000,1951.47000000,1956.95000000,1932.44000000,1941.18000000,12362.34080000
1770854400000,1941.19000000,1963.53000000,1941.19000000,1958.80000000,9494.70210000
1770858000000,1958.81000000,1977.75000000,1958.81000000,1965.94000000,11412.10950000
1770861600000,1965.93000000,1971.91000000,1955.39000000,1958.69000000,12120.13210000
1770865200000,1958.70000000,1969.11000000,1957.19000000,1968.69000000,9159.66660000
1770868800000,1968.70000000,1975.35000000,1960.29000000,1965.78000000,12225.79730000
1770872400000,1965.78000000,1971.95000000,1953.14000000,1970.69000000,11882.65530000
1770876000000,1970.69000000,1983.00000000,1965.51000000,1975.06000000,13953.51820000
1770879600000,1975.06000000,1977.92000000,1966.19000000,1968.07000000,14432.72330000
1770883200000,1968.07000000,1973.92000000,1957.25000000,1965.52000000,15136.98350000
1770886800000,1965.52000000,1989.67000000,1963.28000000,1982.43000000,14651.40790000
1770890400000,1982.43000000,1995.73000000,1977.57000000,1994.15000000,12025.19800000
1770894000000,1994.16000000,2001.42000000,1983.71000000,1989.02000000,15103.49890000
1770897600000,1989.02000000,1990.75000000,1974.85000000,1980.85000000,12244.53340000
1770901200000,1980.85000000,1996.30000000,1975.50000000,1994.99000000,11624.99090000
1770904800000,1994.99000000,1996.05000000,1973.41000000,1978.50000000,23170.37300000
1770908400000,1978.50000000,1984.81000000,1945.01000000,1948.47000000,33288.18810000
1770912000000,1948.48000000,1950.16000000,1897.24000000,1909.18000000,74532.60920000
1770915600000,1909.18000000,1927.52000000,1902.90000000,1910.42000000,30755.39610000
1770919200000,1910.42000000,1925.51000000,1901.82000000,1918.65000000,22178.82190000
1770922800000,1918.66000000,1941.09000000,1911.76000000,1925.44000000,22583.62390000
1770926400000,1925.45000000,1932.16000000,1909.66000000,1915.85000000,14922.65450000
1770930000000,1915.88000000,1927.88000000,1914.37000000,1923.51000000,6977.46190000
1770933600000,1923.52000000,1945.80000000,1920.46000000,1942.97000000,10377.93610000
1770937200000,1942.96000000,1952.61000000,1939.43000000,1947.85000000,13312.16520000
1770940800000,1947.85000000,1954.54000000,1927.63000000,1933.26000000,11537.01980000
1770944400000,1933.26000000,1950.02000000,1933.26000000,1943.63000000,7599.65390000
1770948000000,1943.64000000,1952.00000000,1940.88000000,1948.30000000,7231.89170000
1770951600000,1948.31000000,1958.21000000,1944.50000000,1953.55000000,10786.23030000
1770955200000,1953.56000000,1955.80000000,1943.80000000,1944.78000000,11010.55240000
1770958800000,1944.77000000,1946.85000000,1933.41000000,1934.19000000,8403.20970000
1770962400000,1934.19000000,1939.26000000,1924.72000000,1936.57000000,10656.83880000
1770966000000,1936.57000000,1948.60000000,1932.78000000,1935.75000000,13543.54010000
1770969600000,1935.75000000,1964.04000000,1933.65000000,1958.95000000,17601.78040000
1770973200000,1958.96000000,1966.73000000,1953.04000000,1962.00000000,20596.58880000
1770976800000,1962.00000000,1969.26000000,1956.70000000,1959.40000000,11783.40920000
1770980400000,1959.41000000,1962.05000000,1945.84000000,1960.04000000,12384.64160000
1770984000000,1960.05000000,1964.59000000,1952.60000000,1960.95000000,9051.40620000
1770987600000,1960.95000000,1981.11000000,1956.02000000,1970.59000000,26265.70270000
1770991200000,1970.58000000,2002.21000000,1963.14000000,1990.86000000,51023.05240000
1770994800000,1990.88000000,2050.58000000,1987.20000000,2034.93000000,68806.41790000
1770998400000,2034.92000000,2073.68000000,2031.42000000,2061.43000000,42726.96520000
1771002000000,2061.43000000,2068.35000000,2049.64000000,2059.39000000,24152.41330000
1771005600000,2059.40000000,2064.65000000,2050.64000000,2057.40000000,11647.94760000
1771009200000,2057.41000000,2061.67000000,2052.20000000,2057.75000000,11688.64710000
1771012800000,2057.74000000,2059.65000000,2038.69000000,2045.61000000,14978.33460000
1771016400000,2045.61000000,2058.46000000,2045.04000000,2054.02000000,9217.60340000
1771020000000,2054.03000000,2059.39000000,2045.07000000,2054.20000000,7343.46500000
1771023600000,2054.20000000,2054.41000000,2046.57000000,2048.72000000,5612.45770000
1771027200000,2048.72000000,2056.06000000,2042.37000000,2055.20000000,6195.33930000
1771030800000,2055.20000000,2057.57000000,2050.29000000,2054.35000000,4889.22710000
1771034400000,2054.35000000,2054.46000000,2048.10000000,2050.22000000,5703.70060000
1771038000000,2050.22000000,2056.27000000,2048.48000000,2054.37000000,4210.92210000
1771041600000,2054.39000000,2058.00000000,2052.77000000,2053.57000000,5108.10420000
1771045200000,2053.56000000,2056.32000000,2050.86000000,2051.29000000,4685.48970000
1771048800000,2051.28000000,2054.62000000,2048.50000000,2053.68000000,3821.87780000
1771052400000,2053.68000000,2060.49000000,2050.69000000,2057.21000000,6753.72380000
1771056000000,2057.20000000,2091.32000000,2057.04000000,2082.35000000,26811.47030000
1771059600000,2082.35000000,2088.64000000,2075.91000000,2078.24000000,8333.01450000
1771063200000,2078.24000000,2078.25000000,2072.57000000,2077.42000000,4025.05170000
1771066800000,2077.43000000,2107.67000000,2077.10000000,2099.58000000,19687.41970000
1771070400000,2099.58000000,2100.39000000,2068.09000000,2070.97000000,20672.54680000
1771074000000,2070.97000000,2076.05000000,2064.58000000,2071.54000000,12885.30380000
1771077600000,2071.54000000,2088.81000000,2069.34000000,2085.09000000,10445.11530000
1771081200000,2085.10000000,2093.73000000,2080.55000000,2087.43000000,11176.67000000
1771084800000,2087.42000000,2087.89000000,2067.27000000,2082.83000000,21781.51900000
1771088400000,2082.84000000,2089.28000000,2077.49000000,2080.23000000,6872.69080000
1771092000000,2080.23000000,2086.61000000,2078.77000000,2085.39000000,4417.11960000
1771095600000,2085.39000000,2090.51000000,2078.56000000,2088.52000000,5699.56310000
1771099200000,2088.52000000,2092.95000000,2081.24000000,2089.82000000,5072.22370000
1771102800000,2089.83000000,2098.89000000,2078.63000000,2085.87000000,10624.36690000
1771106400000,2085.86000000,2094.68000000,2083.66000000,2090.47000000,5214.72060000
1771110000000,2090.46000000,2093.01000000,2083.70000000,2086.59000000,5590.05510000
1771113600000,2086.59000000,2090.50000000,2072.74000000,2080.11000000,8335.04830000
1771117200000,2080.11000000,2085.02000000,2053.81000000,2064.19000000,15258.93430000
1771120800000,2064.18000000,2072.41000000,2045.00000000,2059.58000000,49424.30310000
1771124400000,2059.59000000,2063.34000000,2030.90000000,2058.94000000,168472.10170000
1771128000000,2058.94000000,2087.13000000,2058.94000000,2076.31000000,23173.06000000
1771131600000,2076.31000000,2096.11000000,2075.12000000,2088.68000000,13517.58500000
1771135200000,2088.67000000,2094.71000000,2082.61000000,2085.85000000,9082.31900000
1771138800000,2085.85000000,2103.32000000,2082.47000000,2091.41000000,34761.72860000
1771142400000,2091.41000000,2096.82000000,2055.92000000,2069.20000000,27316.09290000
1771146000000,2069.20000000,2078.86000000,2066.02000000,2068.70000000,9469.01330000
1771149600000,2068.70000000,2070.26000000,2054.36000000,2061.57000000,10415.54930000
1771153200000,2061.56000000,2067.01000000,2058.61000000,2061.96000000,4891.91910000
1771156800000,2061.96000000,2068.63000000,2011.00000000,2011.00000000,27452.08170000
1771160400000,2011.00000000,2028.34000000,1994.05000000,2002.46000000,48992.18930000
1771164000000,2002.45000000,2012.43000000,1993.30000000,2010.32000000,23471.84990000
1771167600000,2010.32000000,2015.07000000,2002.50000000,2011.29000000,15790.39850000
1771171200000,2011.29000000,2011.30000000,1993.35000000,2006.27000000,52142.12390000
1771174800000,2006.27000000,2009.05000000,1957.90000000,1971.30000000,39397.21030000
1771178400000,1971.30000000,1981.36000000,1952.62000000,1959.24000000,86430.69250000
1771182000000,1959.24000000,1961.96000000,1928.88000000,1942.23000000,111713.68460000
1771185600000,1942.22000000,1958.54000000,1933.77000000,1950.11000000,16989.63700000
1771189200000,1950.11000000,1965.77000000,1950.00000000,1958.55000000,9995.15300000
1771192800000,1958.55000000,1974.51000000,1956.58000000,1970.27000000,9431.49630000
1771196400000,1970.27000000,1970.89000000,1944.36000000,1966.58000000,18853.92360000
1771200000000,1966.59000000,1979.30000000,1963.35000000,1969.11000000,17601.45250000
1771203600000,1969.11000000,1981.20000000,1957.00000000,1963.06000000,11795.92750000
1771207200000,1963.06000000,1966.79000000,1952.30000000,1957.00000000,8676.65990000
1771210800000,1957.01000000,1959.81000000,1948.76000000,1958.78000000,9328.32160000
1771214400000,1958.78000000,1973.19000000,1958.34000000,1973.06000000,9289.76660000
1771218000000,1973.05000000,1974.17000000,1952.91000000,1958.00000000,10870.13720000
1771221600000,1957.99000000,1967.58000000,1955.94000000,1966.69000000,6224.53020000
1771225200000,1966.69000000,1978.64000000,1964.32000000,1971.13000000,12111.04740000
1771228800000,1971.14000000,1978.51000000,1970.00000000,1977.31000000,7824.22630000
1771232400000,1977.31000000,1993.35000000,1976.16000000,1987.67000000,19499.89040000
1771236000000,1987.66000000,1988.91000000,1977.51000000,1978.88000000,7219.15250000
1771239600000,1978.88000000,1983.87000000,1957.12000000,1976.15000000,17076.63150000
1771243200000,1976.16000000,2009.52000000,1972.46000000,2006.24000000,17839.92820000
1771246800000,2006.25000000,2023.51000000,1961.23000000,1967.70000000,39101.64270000
1771250400000,1967.69000000,1983.45000000,1954.97000000,1973.13000000,18232.33400000
1771254000000,1973.13000000,1986.12000000,1937.24000000,1956.65000000,35682.81560000
1771257600000,1956.65000000,1980.04000000,1956.31000000,1973.75000000,22180.47660000
1771261200000,1973.75000000,1988.40000000,1964.48000000,1978.99000000,16573.70810000
1771264800000,1978.99000000,1985.68000000,1967.10000000,1968.93000000,10273.72270000
1771268400000,1968.94000000,1979.74000000,1966.22000000,1974.04000000,8089.60230000
1771272000000,1974.04000000,1994.34000000,1971.10000000,1993.20000000,13720.29780000
1771275600000,1993.20000000,2004.02000000,1986.20000000,1999.14000000,12003.68830000
1771279200000,1999.13000000,2002.54000000,1984.39000000,1990.19000000,11617.83390000
1771282800000,1990.19000000,2002.52000000,1988.72000000,1998.33000000,8514.14950000
1771286400000,1998.34000000,2005.77000000,1993.41000000,1998.44000000,7247.17820000
1771290000000,1998.45000000,2008.05000000,1991.00000000,1991.82000000,7619.56070000
1771293600000,1991.80000000,2008.58000000,1979.70000000,1998.59000000,16392.98060000
1771297200000,1998.60000000,1999.22000000,1984.73000000,1985.70000000,8720.57270000
1771300800000,1985.69000000,1998.48000000,1982.23000000,1989.44000000,9943.18860000
1771304400000,1989.44000000,1991.05000000,1964.72000000,1975.68000000,17831.92840000
1771308000000,1975.68000000,1985.07000000,1975.67000000,1981.02000000,6772.84040000
1771311600000,1981.02000000,1988.22000000,1973.32000000,1985.91000000,10442.22390000
1771315200000,1985.91000000,1990.88000000,1973.95000000,1977.08000000,13060.64640000
1771318800000,1977.07000000,1979.99000000,1969.79000000,1976.16000000,13678.91280000
1771322400000,1976.15000000,1978.77000000,1961.71000000,1966.93000000,13184.14190000
1771326000000,1966.92000000,1972.50000000,1964.28000000,1968.47000000,7332.66500000
1771329600000,1968.47000000,1977.02000000,1967.21000000,1969.76000000,11194.80990000
1771333200000,1969.76000000,1999.72000000,1964.74000000,1990.53000000,19708.19280000
1771336800000,1990.53000000,2002.70000000,1944.30000000,1948.49000000,50708.57110000
1771340400000,1948.50000000,1969.66000000,1941.66000000,1968.58000000,35993.69450000
1771344000000,1968.59000000,2010.47000000,1967.65000000,1980.36000000,43955.80940000
1771347600000,1980.37000000,1984.05000000,1954.03000000,1966.27000000,24967.60700000
1771351200000,1966.28000000,2007.02000000,1961.73000000,1998.69000000,25370.98190000
1771354800000,1998.70000000,2015.33000000,1995.07000000,1998.14000000,23332.82040000
1771358400000,1998.15000000,2001.50000000,1987.57000000,1994.71000000,14385.54310000
1771362000000,1994.71000000,2002.79000000,1992.34000000,1999.74000000,6350.19130000
1771365600000,1999.74000000,2004.00000000,1992.39000000,1993.92000000,6910.23580000
1771369200000,1993.91000000,1998.19000000,1989.67000000,1991.66000000,11141.64590000
1771372800000,1991.67000000,1997.89000000,1981.18000000,1981.54000000,10638.94690000
1771376400000,1981.54000000,1984.18000000,1968.68000000,1978.07000000,16454.55500000
1771380000000,1978.08000000,1992.83000000,1977.57000000,1987.61000000,12379.75100000
1771383600000,1987.61000000,2000.56000000,1986.86000000,1997.07000000,9221.41020000
1771387200000,1997.08000000,2002.78000000,1993.35000000,1999.15000000,10445.95130000
1771390800000,1999.18000000,2002.91000000,1996.00000000,1996.49000000,5731.64600000
1771394400000,1996.50000000,2008.62000000,1995.56000000,2002.06000000,5869.89550000
1771398000000,2002.06000000,2023.52000000,1996.71000000,2018.07000000,15598.02760000
1771401600000,2018.06000000,2039.05000000,2017.17000000,2020.70000000,19799.38540000
1771405200000,2020.69000000,2022.75000000,2015.82000000,2016.69000000,8508.15250000
1771408800000,2016.69000000,2018.28000000,1995.55000000,1997.27000000,13627.43990000
1771412400000,1997.27000000,1998.30000000,1976.57000000,1981.43000000,18516.98610000
1771416000000,1981.44000000,1989.38000000,1971.66000000,1982.47000000,17377.61750000
1771419600000,1982.48000000,1991.91000000,1961.56000000,1970.68000000,18828.97280000
1771423200000,1970.67000000,1976.85000000,1954.30000000,1974.66000000,38349.61290000
1771426800000,1974.65000000,2010.30000000,1973.58000000,1985.48000000,33886.80330000
1771430400000,1985.48000000,1985.67000000,1965.00000000,1971.78000000,24137.24330000
1771434000000,1971.78000000,1987.89000000,1970.81000000,1974.57000000,10635.90220000
1771437600000,1974.58000000,1977.59000000,1949.21000000,1952.62000000,25111.71240000
1771441200000,1952.62000000,1961.57000000,1923.78000000,1941.03000000,35636.13920000
1771444800000,1941.04000000,1952.79000000,1935.82000000,1939.67000000,16433.13380000
1771448400000,1939.68000000,1948.37000000,1935.94000000,1942.00000000,9781.71320000
1771452000000,1941.96000000,1950.14000000,1939.92000000,1948.24000000,5923.77360000
1771455600000,1948.24000000,1956.79000000,1944.62000000,1955.91000000,10744.23700000
1771459200000,1955.90000000,1961.22000000,1950.50000000,1956.54000000,5924.94460000
1771462800000,1956.54000000,1974.73000000,1956.42000000,1967.01000000,9009.38420000
1771466400000,1967.01000000,1973.00000000,1962.77000000,1968.06000000,6281.32200000
1771470000000,1968.06000000,1973.44000000,1963.14000000,1972.33000000,4860.72230000
1771473600000,1972.32000000,1979.84000000,1969.21000000,1969.50000000,10857.52360000
1771477200000,1969.51000000,1972.72000000,1964.20000000,1970.33000000,7950.21140000
1771480800000,1970.32000000,1985.00000000,1970.04000000,1982.92000000,7290.36900000
1771484400000,1982.93000000,1987.55000000,1979.05000000,1981.76000000,8023.79060000
1771488000000,1981.76000000,1982.54000000,1966.35000000,1970.50000000,9542.85480000
1771491600000,1970.50000000,1980.51000000,1961.64000000,1963.79000000,9144.56920000
1771495200000,1963.80000000,1968.65000000,1957.45000000,1959.64000000,10708.92310000
1771498800000,1959.65000000,1964.56000000,1948.16000000,1949.58000000,13812.27890000
1771502400000,1949.59000000,1956.18000000,1945.09000000,1947.30000000,10698.54020000
1771506000000,1947.30000000,1948.22000000,1911.49000000,1921.40000000,31694.48310000
1771509600000,1921.40000000,1948.52000000,1912.07000000,1936.87000000,29110.39820000
1771513200000,1936.87000000,1947.78000000,1913.24000000,1926.30000000,31392.06460000
1771516800000,1926.29000000,1929.93000000,1907.00000000,1922.07000000,18684.19290000
1771520400000,1922.08000000,1944.57000000,1910.77000000,1920.72000000,19336.20920000
1771524000000,1920.71000000,1944.67000000,1916.59000000,1939.99000000,14820.33730000
1771527600000,1940.00000000,1947.52000000,1927.84000000,1941.34000000,10603.46170000
1771531200000,1941.33000000,1952.00000000,1934.79000000,1950.29000000,11823.37500000
1771534800000,1950.29000000,1952.57000000,1945.77000000,1948.50000000,6871.61410000
1771538400000,1948.50000000,1948.82000000,1937.09000000,1943.96000000,6898.73470000
1771542000000,1943.96000000,1951.33000000,1942.29000000,1949.08000000,4916.76860000
1771545600000,1949.08000000,1964.54000000,1947.41000000,1957.56000000,9537.71650000
1771549200000,1957.57000000,1961.56000000,1950.03000000,1953.76000000,5450.54480000
1771552800000,1953.77000000,1956.70000000,1948.17000000,1949.69000000,6151.30610000
1771556400000,1949.69000000,1960.64000000,1949.69000000,1954.85000000,7546.80540000
1771560000000,1954.85000000,1956.15000000,1931.01000000,1939.17000000,17059.94240000
1771563600000,1939.17000000,1965.50000000,1936.21000000,1955.23000000,13605.43020000
1771567200000,1955.23000000,1960.36000000,1949.82000000,1958.47000000,11046.30060000
1771570800000,1958.47000000,1968.55000000,1956.98000000,1960.97000000,14254.44930000
1771574400000,1960.93000000,1966.32000000,1957.12000000,1960.00000000,8987.28220000
1771578000000,1960.00000000,1972.27000000,1959.91000000,1968.15000000,17267.75880000
1771581600000,1968.15000000,1973.86000000,1956.55000000,1957.54000000,13226.20330000
1771585200000,1957.53000000,1957.58000000,1940.58000000,1943.98000000,19265.15710000
1771588800000,1943.99000000,1951.65000000,1942.39000000,1949.82000000,14375.62020000
1771592400000,1949.82000000,1949.83000000,1922.97000000,1934.11000000,25969.82410000
1771596000000,1934.11000000,1954.28000000,1933.07000000,1943.70000000,18771.15650000
1771599600000,1943.70000000,1980.49000000,1935.40000000,1963.95000000,62826.67430000
1771603200000,1963.96000000,1973.50000000,1953.86000000,1968.62000000,31207.24090000
1771606800000,1968.62000000,1970.94000000,1939.21000000,1966.57000000,28092.67340000
1771610400000,1966.56000000,1981.18000000,1959.89000000,1975.56000000,26074.15180000
1771614000000,1975.55000000,1978.15000000,1961.67000000,1963.69000000,9581.14650000
1771617600000,1963.69000000,1971.36000000,1961.60000000,1971.05000000,5525.90520000
1771621200000,1971.04000000,1975.27000000,1967.19000000,1974.38000000,5270.03430000
1771624800000,1974.37000000,1974.37000000,1964.40000000,1971.40000000,7586.04040000
1771628400000,1971.39000000,1973.27000000,1963.54000000,1968.88000000,7574.19140000
1771632000000,1968.88000000,1969.47000000,1961.47000000,1963.22000000,3689.91730000
1771635600000,1963.23000000,1969.09000000,1963.00000000,1966.24000000,4693.70260000
1771639200000,1966.25000000,1970.70000000,1964.83000000,1965.69000000,2629.85570000
1771642800000,1965.69000000,1966.00000000,1955.62000000,1959.03000000,5567.72170000
1771646400000,1959.03000000,1963.29000000,1956.21000000,1962.40000000,4120.70060000
1771650000000,1962.40000000,1964.43000000,1961.20000000,1962.86000000,3515.36060000
1771653600000,1962.86000000,1966.09000000,1960.52000000,1961.50000000,4038.74320000
1771657200000,1961.50000000,1964.84000000,1960.00000000,1962.71000000,2646.77880000
1771660800000,1962.70000000,1971.18000000,1962.00000000,1969.00000000,7080.48190000
1771664400000,1969.01000000,1977.66000000,1967.20000000,1970.28000000,12055.13180000
1771668000000,1970.28000000,1974.88000000,1969.09000000,1974.17000000,6008.23940000
1771671600000,1974.17000000,1988.60000000,1973.85000000,1977.02000000,15667.89250000
1771675200000,1977.02000000,1978.17000000,1969.49000000,1975.99000000,6999.56330000
1771678800000,1975.99000000,1981.40000000,1972.63000000,1981.18000000,6317.42350000
1771682400000,1981.18000000,1995.56000000,1978.09000000,1987.52000000,24404.42090000
1771686000000,1987.51000000,1993.00000000,1984.25000000,1988.13000000,11101.62530000
1771689600000,1988.13000000,1989.64000000,1976.41000000,1986.33000000,13460.13350000
1771693200000,1986.34000000,1992.10000000,1984.26000000,1988.95000000,6840.05620000
1771696800000,1988.95000000,1995.31000000,1987.77000000,1991.97000000,7986.10330000
1771700400000,1991.97000000,1994.77000000,1987.86000000,1988.35000000,5053.46600000
1771704000000,1988.34000000,1990.41000000,1973.53000000,1974.14000000,9505.75520000
1771707600000,1974.14000000,1982.79000000,1970.00000000,1982.04000000,6233.46200000
1771711200000,1982.04000000,1982.47000000,1972.02000000,1974.40000000,6109.63670000
1771714800000,1974.39000000,1977.78000000,1971.08000000,1973.35000000,3447.67360000
1771718400000,1973.35000000,1975.60000000,1967.75000000,1972.87000000,6008.30150000
1771722000000,1972.87000000,1979.87000000,1972.61000000,1977.37000000,5083.13730000
1771725600000,1977.38000000,1982.99000000,1972.21000000,1972.23000000,4860.79580000
1771729200000,1972.23000000,1976.26000000,1967.40000000,1974.71000000,4955.89850000
1771732800000,1974.71000000,1976.16000000,1970.20000000,1973.62000000,4191.90920000
1771736400000,1973.63000000,1975.11000000,1971.06000000,1974.97000000,3675.85650000
1771740000000,1974.97000000,1979.54000000,1974.29000000,1976.05000000,4322.97720000
1771743600000,1976.06000000,1978.78000000,1974.58000000,1975.88000000,4020.65840000
1771747200000,1975.87000000,1977.05000000,1970.58000000,1973.39000000,3464.46990000
1771750800000,1973.40000000,1976.26000000,1971.72000000,1975.83000000,3255.75160000
1771754400000,1975.83000000,1980.01000000,1975.02000000,1977.50000000,4793.50560000
1771758000000,1977.51000000,1983.13000000,1977.51000000,1980.78000000,6265.08420000
1771761600000,1980.79000000,1981.60000000,1961.84000000,1966.37000000,12687.47590000
1771765200000,1966.37000000,1968.69000000,1945.00000000,1950.95000000,17873.02430000
1771768800000,1950.95000000,1954.60000000,1943.53000000,1950.64000000,10915.59280000
1771772400000,1950.65000000,1958.72000000,1945.86000000,1953.98000000,8948.80480000
1771776000000,1953.99000000,1955.56000000,1947.53000000,1952.53000000,10039.44990000
1771779600000,1952.52000000,1953.60000000,1935.00000000,1940.27000000,12200.52950000
1771783200000,1940.27000000,1944.11000000,1938.39000000,1942.95000000,4324.00720000
1771786800000,1942.95000000,1945.92000000,1940.05000000,1943.74000000,2450.50430000
1771790400000,1943.73000000,1945.98000000,1939.81000000,1940.99000000,2422.20640000
1771794000000,1941.00000000,1952.27000000,1941.00000000,1950.39000000,5948.99900000
1771797600000,1950.40000000,1960.89000000,1946.61000000,1958.54000000,6012.48200000
1771801200000,1958.53000000,1960.95000000,1948.62000000,1957.82000000,6604.22640000
1771804800000,1957.82000000,1958.33000000,1928.71000000,1929.42000000,18435.23980000
1771808400000,1929.42000000,1929.42000000,1847.46000000,1856.88000000,107679.14400000
1771812000000,1856.88000000,1868.67000000,1851.39000000,1863.24000000,24157.73760000
1771815600000,1863.25000000,1871.98000000,1856.17000000,1862.87000000,17198.76990000
1771819200000,1862.88000000,1864.94000000,1853.34000000,1860.17000000,11872.43870000
1771822800000,1860.17000000,1870.67000000,1860.00000000,1866.08000000,15346.92530000
1771826400000,1866.08000000,1883.20000000,1864.29000000,1879.52000000,17881.71230000
1771830000000,1879.52000000,1888.71000000,1876.93000000,1885.50000000,21104.99960000
1771833600000,1885.50000000,1889.77000000,1877.23000000,1880.62000000,12507.74690000
1771837200000,1880.63000000,1918.82000000,1880.63000000,1918.00000000,18360.47070000
1771840800000,1917.99000000,1928.19000000,1912.29000000,1913.94000000,23296.54450000
1771844400000,1913.95000000,1920.59000000,1911.10000000,1915.30000000,15298.79910000
1771848000000,1915.29000000,1926.53000000,1905.71000000,1919.99000000,29364.53850000
1771851600000,1920.00000000,1935.52000000,1918.78000000,1921.90000000,16082.05400000
1771855200000,1921.90000000,1925.48000000,1895.00000000,1906.92000000,25345.28720000
1771858800000,1906.92000000,1913.23000000,1892.68000000,1895.65000000,17508.22110000
1771862400000,1895.65000000,1900.18000000,1881.20000000,1884.72000000,27144.35340000
1771866000000,1884.73000000,1888.17000000,1837.13000000,1863.92000000,49519.88900000
1771869600000,1863.92000000,1874.12000000,1854.60000000,1857.75000000,23279.09070000
1771873200000,1857.75000000,1864.75000000,1847.20000000,1857.19000000,18636.57230000
1771876800000,1857.19000000,1862.49000000,1846.80000000,1860.56000000,14636.34650000
1771880400000,1860.55000000,1869.31000000,1858.56000000,1863.59000000,8570.39310000
1771884000000,1863.59000000,1870.00000000,1859.72000000,1859.93000000,6871.88350000
1771887600000,1859.94000000,1866.95000000,1850.95000000,1856.30000000,7260.32920000
1771891200000,1856.30000000,1869.58000000,1855.34000000,1867.96000000,9157.30620000
1771894800000,1867.95000000,1867.99000000,1811.81000000,1840.95000000,40396.05860000
1771898400000,1840.95000000,1854.46000000,1837.15000000,1843.54000000,12161.91000000
1771902000000,1843.54000000,1843.54000000,1823.24000000,1832.03000000,18172.79460000
1771905600000,1832.03000000,1833.82000000,1813.77000000,1830.81000000,19146.11980000
1771909200000,1830.80000000,1840.79000000,1814.01000000,1826.26000000,22890.47500000
1771912800000,1826.25000000,1831.35000000,1817.99000000,1820.86000000,12662.40300000
1771916400000,1820.87000000,1831.89000000,1815.23000000,1825.70000000,18837.26920000
1771920000000,1825.70000000,1836.18000000,1818.52000000,1831.57000000,15506.61590000
1771923600000,1831.56000000,1834.69000000,1815.22000000,1827.14000000,15818.86830000
1771927200000,1827.15000000,1829.68000000,1820.57000000,1825.88000000,13127.00180000
1771930800000,1825.88000000,1827.36000000,1818.08000000,1826.75000000,19078.33840000
1771934400000,1826.75000000,1830.29000000,1821.07000000,1823.92000000,11156.18800000
1771938000000,1823.92000000,1827.50000000,1800.00000000,1815.73000000,27668.23310000
1771941600000,1815.72000000,1847.99000000,1803.48000000,1834.73000000,40891.53990000
1771945200000,1834.73000000,1850.29000000,1828.46000000,1847.59000000,31496.78870000
1771948800000,1847.59000000,1863.33000000,1838.36000000,1858.56000000,27165.20430000
1771952400000,1858.57000000,1865.38000000,1849.55000000,1855.43000000,25214.29160000
1771956000000,1855.43000000,1860.67000000,1845.46000000,1855.08000000,12199.65860000
1771959600000,1855.08000000,1862.63000000,1847.05000000,1852.46000000,9800.18970000
1771963200000,1852.47000000,1862.36000000,1849.50000000,1858.58000000,6842.40440000
1771966800000,1858.57000000,1858.57000000,1845.41000000,1854.17000000,8846.67930000
1771970400000,1854.17000000,1864.11000000,1852.92000000,1860.56000000,7923.14680000
1771974000000,1860.56000000,1860.61000000,1851.63000000,1851.94000000,11904.54320000
1771977600000,1851.95000000,1856.68000000,1846.74000000,1851.98000000,5821.55120000
1771981200000,1851.98000000,1924.84000000,1850.49000000,1918.34000000,52073.99220000
1771984800000,1918.34000000,1944.86000000,1918.12000000,1920.97000000,30910.28200000
1771988400000,1920.97000000,1922.81000000,1903.35000000,1906.14000000,16453.46180000
1771992000000,1906.14000000,1914.35000000,1894.37000000,1906.30000000,16090.41730000
1771995600000,1906.31000000,1908.30000000,1878.02000000,1887.98000000,18671.36540000
1771999200000,1887.98000000,1896.71000000,1884.83000000,1885.05000000,9969.67510000
1772002800000,1885.06000000,1895.58000000,1882.44000000,1893.31000000,10031.50140000
1772006400000,1893.32000000,1913.90000000,1890.27000000,1910.29000000,13325.29260000
1772010000000,1910.29000000,1917.83000000,1907.49000000,1915.19000000,12124.81110000
1772013600000,1915.18000000,1923.43000000,1910.22000000,1912.61000000,10393.53160000
1772017200000,1912.62000000,1928.45000000,1907.76000000,1926.48000000,13682.71330000
1772020800000,1926.48000000,1956.79000000,1922.28000000,1953.43000000,28466.24330000
1772024400000,1953.44000000,1976.89000000,1952.47000000,1964.57000000,29844.23990000
1772028000000,1964.57000000,2001.65000000,1962.14000000,1997.38000000,46629.00120000
1772031600000,1997.38000000,2028.70000000,1986.72000000,2013.73000000,54106.00040000
1772035200000,2013.69000000,2049.18000000,2013.36000000,2046.33000000,41815.86190000
1772038800000,2046.34000000,2086.17000000,2044.28000000,2073.90000000,52395.62230000
1772042400000,2073.90000000,2081.20000000,2056.93000000,2074.12000000,30666.63170000
1772046000000,2074.11000000,2074.90000000,2060.05000000,2071.10000000,20148.64450000
1772049600000,2071.10000000,2083.99000000,2058.37000000,2075.00000000,28425.54920000
1772053200000,2074.99000000,2148.39000000,2065.84000000,2100.33000000,72931.05040000
1772056800000,2100.33000000,2115.41000000,2073.79000000,2083.15000000,34986.58860000
1772060400000,2083.14000000,2087.00000000,2034.39000000,2057.48000000,33015.40940000
1772064000000,2057.48000000,2076.60000000,2047.83000000,2062.36000000,22284.19840000
1772067600000,2062.36000000,2066.95000000,2049.74000000,2058.34000000,15006.95450000
1772071200000,2058.35000000,2059.06000000,2039.37000000,2053.28000000,12368.78590000
1772074800000,2053.28000000,2059.35000000,2047.35000000,2054.55000000,9377.37410000
1772078400000,2054.55000000,2082.81000000,2051.92000000,2075.01000000,23573.52540000
1772082000000,2075.00000000,2075.55000000,2056.70000000,2066.13000000,11872.47050000
1772085600000,2066.13000000,2076.50000000,2059.54000000,2062.54000000,12915.98000000
1772089200000,2062.54000000,2068.29000000,2051.55000000,2053.37000000,12926.63510000
1772092800000,2053.36000000,2059.00000000,2044.36000000,2054.43000000,18628.81110000
1772096400000,2054.43000000,2078.24000000,2052.79000000,2074.94000000,16397.10810000
1772100000000,2074.93000000,2083.33000000,2062.19000000,2065.31000000,11777.50460000
1772103600000,2065.31000000,2067.45000000,2053.46000000,2057.66000000,10700.83540000
1772107200000,2057.65000000,2071.76000000,2055.53000000,2070.00000000,8818.23510000
1772110800000,2069.99000000,2073.95000000,2061.09000000,2065.23000000,10459.46680000
1772114400000,2065.22000000,2077.81000000,2034.63000000,2051.19000000,38526.43650000
1772118000000,2051.19000000,2053.43000000,2011.56000000,2033.34000000,53604.68830000
1772121600000,2033.34000000,2037.78000000,1978.77000000,1983.80000000,46583.75660000
1772125200000,1983.80000000,1998.98000000,1982.30000000,1988.43000000,22310.03910000
1772128800000,1988.42000000,2009.45000000,1975.35000000,2004.23000000,23771.16830000
1772132400000,2004.23000000,2034.40000000,2003.58000000,2030.14000000,26957.79290000
1772136000000,2030.13000000,2042.75000000,2021.64000000,2023.67000000,16050.13300000
1772139600000,2023.67000000,2034.99000000,2018.33000000,2030.36000000,5486.34810000
1772143200000,2030.36000000,2037.51000000,2027.26000000,2033.29000000,4396.40270000
1772146800000,2033.29000000,2033.64000000,2024.38000000,2027.68000000,4988.70610000
1772150400000,2027.68000000,2030.86000000,2008.34000000,2014.79000000,7570.59450000
1772154000000,2014.79000000,2022.60000000,2000.02000000,2021.90000000,28681.50960000
1772157600000,2021.89000000,2034.52000000,2019.37000000,2026.00000000,8985.70770000
1772161200000,2026.01000000,2049.48000000,2019.50000000,2045.39000000,9221.79610000
1772164800000,2045.39000000,2063.52000000,2039.84000000,2042.64000000,21685.06350000
1772168400000,2042.64000000,2049.43000000,2038.71000000,2041.61000000,7895.43300000
1772172000000,2041.60000000,2042.95000000,2027.53000000,2035.91000000,13142.50530000
1772175600000,2035.92000000,2041.43000000,2022.16000000,2032.69000000,20364.88050000
1772179200000,2032.69000000,2045.93000000,2028.08000000,2033.38000000,12966.00150000
1772182800000,2033.39000000,2042.43000000,2008.41000000,2010.01000000,15280.48440000
1772186400000,2010.00000000,2013.69000000,1978.39000000,1980.80000000,32169.54420000
1772190000000,1980.80000000,1984.12000000,1953.37000000,1962.08000000,32125.25520000
1772193600000,1962.08000000,1969.00000000,1949.32000000,1959.92000000,21054.26310000
1772197200000,1959.91000000,1967.71000000,1938.82000000,1963.35000000,29787.95540000
1772200800000,1963.35000000,1964.30000000,1940.03000000,1942.95000000,27171.01230000
1772204400000,1942.94000000,1959.24000000,1940.62000000,1948.59000000,27110.31890000
1772208000000,1948.59000000,1948.86000000,1924.61000000,1927.15000000,24245.91060000
1772211600000,1927.14000000,1934.98000000,1907.48000000,1932.35000000,22942.99840000
1772215200000,1932.35000000,1933.06000000,1915.81000000,1918.02000000,9761.76610000
1772218800000,1918.02000000,1923.46000000,1912.32000000,1921.10000000,7072.28310000
1772222400000,1921.11000000,1926.78000000,1920.43000000,1923.14000000,6910.18110000
1772226000000,1923.16000000,1933.64000000,1917.11000000,1921.26000000,9233.38020000
1772229600000,1921.26000000,1927.72000000,1887.00000000,1921.40000000,25905.38380000
1772233200000,1921.39000000,1933.55000000,1919.96000000,1929.84000000,7403.00550000
1772236800000,1929.84000000,1937.17000000,1924.45000000,1932.40000000,7134.03550000
1772240400000,1932.41000000,1936.18000000,1919.80000000,1924.61000000,6271.23260000
1772244000000,1924.61000000,1932.54000000,1922.64000000,1930.36000000,3152.51860000
1772247600000,1930.36000000,1931.27000000,1920.61000000,1924.49000000,4541.76860000
1772251200000,1924.49000000,1931.62000000,1914.73000000,1925.12000000,6577.65950000
1772254800000,1925.12000000,1928.20000000,1914.56000000,1919.94000000,5792.26430000
1772258400000,1919.95000000,1920.25000000,1835.36000000,1842.45000000,78375.96360000
1772262000000,1842.46000000,1885.00000000,1835.55000000,1866.73000000,44514.72020000
1772265600000,1866.73000000,1868.76000000,1848.48000000,1852.48000000,20274.76320000
1772269200000,1852.47000000,1863.51000000,1845.05000000,1854.98000000,15840.99530000
1772272800000,1854.99000000,1868.45000000,1849.15000000,1865.09000000,14486.75130000
1772276400000,1865.09000000,1881.00000000,1861.68000000,1863.31000000,15745.27420000
1772280000000,1863.32000000,1874.20000000,1862.47000000,1868.53000000,8483.75750000
1772283600000,1868.53000000,1910.20000000,1865.25000000,1905.58000000,30939.71000000
1772287200000,1905.58000000,1915.95000000,1883.20000000,1887.75000000,32925.62590000
1772290800000,1887.76000000,1903.91000000,1873.83000000,1898.88000000,19462.89010000
1772294400000,1898.87000000,1910.20000000,1891.72000000,1903.98000000,9989.03480000
1772298000000,1903.97000000,1911.62000000,1886.02000000,1906.91000000,15394.34560000
1772301600000,1906.90000000,1947.00000000,1901.27000000,1936.08000000,23930.69350000
1772305200000,1936.08000000,1955.04000000,1920.38000000,1947.02000000,23857.50310000
1772308800000,1947.03000000,1972.44000000,1938.76000000,1965.96000000,23243.33400000
1772312400000,1965.96000000,1967.76000000,1945.39000000,1957.69000000,17733.40680000
1772316000000,1957.70000000,1984.99000000,1955.75000000,1965.48000000,25696.49410000
1772319600000,1965.48000000,1969.97000000,1956.84000000,1964.51000000,7316.24120000
1772323200000,1964.51000000,1969.28000000,1954.64000000,1962.66000000,8007.17190000
1772326800000,1962.67000000,2023.40000000,1943.58000000,2012.36000000,40313.92550000
1772330400000,2012.37000000,2054.80000000,2008.61000000,2033.05000000,62449.78480000
1772334000000,2033.04000000,2039.25000000,2017.00000000,2023.29000000,18009.68450000
1772337600000,2023.29000000,2030.30000000,1998.68000000,2015.70000000,21842.99120000
1772341200000,2015.71000000,2022.90000000,2009.70000000,2011.24000000,8628.29860000
1772344800000,2011.24000000,2012.67000000,1989.00000000,1998.41000000,24589.10070000
1772348400000,1998.41000000,2009.63000000,1993.00000000,2007.24000000,14865.81160000
1772352000000,2007.23000000,2010.18000000,1981.03000000,1986.00000000,15134.29250000
1772355600000,1986.01000000,1996.12000000,1974.83000000,1980.69000000,16432.50290000
1772359200000,1980.69000000,1993.03000000,1972.24000000,1984.81000000,13791.37850000
1772362800000,1984.81000000,1989.48000000,1981.96000000,1983.32000000,5850.39980000
1772366400000,1983.32000000,1988.00000000,1976.39000000,1978.20000000,6988.71400000
1772370000000,1978.21000000,2024.40000000,1968.60000000,2006.58000000,30654.94600000
1772373600000,2006.58000000,2028.00000000,1993.37000000,2000.10000000,26685.24770000
1772377200000,2000.11000000,2016.23000000,1992.35000000,1993.38000000,16085.66580000
1772380800000,1993.38000000,2009.38000000,1960.23000000,1974.03000000,32651.44220000
1772384400000,1974.02000000,1975.92000000,1953.30000000,1961.17000000,18424.61090000
1772388000000,1961.17000000,1997.53000000,1961.03000000,1975.82000000,27496.18100000
1772391600000,1975.82000000,1976.37000000,1946.55000000,1953.90000000,21414.91130000
1772395200000,1953.89000000,1955.01000000,1907.41000000,1914.26000000,34457.23730000
1772398800000,1914.27000000,1932.34000000,1912.61000000,1928.98000000,15745.29400000
1772402400000,1928.98000000,1971.01000000,1914.69000000,1924.86000000,30768.43610000
1772406000000,1924.86000000,1948.15000000,1918.70000000,1939.71000000,17908.81760000
1772409600000,1939.71000000,1967.49000000,1937.42000000,1960.86000000,15733.73560000
1772413200000,1960.87000000,1989.23000000,1959.64000000,1963.71000000,20874.03170000
1772416800000,1963.71000000,1966.16000000,1939.79000000,1955.63000000,17187.53170000
1772420400000,1955.63000000,1979.82000000,1948.35000000,1972.30000000,15261.33390000
1772424000000,1972.30000000,1980.32000000,1968.31000000,1972.94000000,9531.03250000
1772427600000,1972.94000000,1983.60000000,1961.61000000,1970.84000000,11376.13410000
1772431200000,1970.90000000,1971.20000000,1937.55000000,1943.31000000,19103.70640000
1772434800000,1943.31000000,1944.99000000,1925.53000000,1941.66000000,18656.50570000
1772438400000,1941.65000000,1951.14000000,1920.00000000,1949.34000000,20244.51960000
1772442000000,1949.33000000,1967.13000000,1946.85000000,1947.79000000,21443.54990000
1772445600000,1947.78000000,1956.18000000,1944.00000000,1952.25000000,7114.24230000
1772449200000,1952.24000000,1954.81000000,1935.54000000,1947.81000000,13102.96980000
1772452800000,1947.80000000,1948.98000000,1930.40000000,1938.12000000,8789.87690000
1772456400000,1938.11000000,1944.50000000,1922.55000000,1927.71000000,15816.27830000
1772460000000,1927.71000000,1985.48000000,1921.70000000,1979.75000000,58183.59230000
1772463600000,1979.75000000,2065.48000000,1974.36000000,2047.33000000,99017.37400000
1772467200000,2047.33000000,2090.00000000,2043.36000000,2064.33000000,60174.24890000
1772470800000,2064.33000000,2066.00000000,2025.58000000,2041.01000000,27258.71700000
1772474400000,2041.01000000,2041.12000000,2024.24000000,2029.40000000,16184.37550000
1772478000000,2029.40000000,2049.39000000,2017.15000000,2043.57000000,18799.57120000
1772481600000,2043.56000000,2057.70000000,2024.98000000,2035.50000000,20820.40380000
1772485200000,2035.50000000,2047.87000000,2029.35000000,2043.01000000,13737.18200000
1772488800000,2043.01000000,2058.59000000,2041.41000000,2053.82000000,11782.13160000
1772492400000,2053.82000000,2055.75000000,2024.32000000,2027.35000000,37213.33020000
1772496000000,2027.34000000,2038.94000000,2018.76000000,2035.46000000,28632.00740000
1772499600000,2035.46000000,2041.48000000,2019.53000000,2020.01000000,12962.58330000
1772503200000,2020.01000000,2022.89000000,1998.00000000,2013.67000000,21831.76570000
1772506800000,2013.68000000,2015.88000000,2005.33000000,2008.88000000,8961.61120000
1772510400000,2008.88000000,2013.66000000,1998.49000000,1999.82000000,10046.01290000
1772514000000,1999.81000000,2019.40000000,1987.50000000,1993.36000000,23376.12150000
1772517600000,1993.35000000,2001.86000000,1987.82000000,1999.27000000,9807.21080000
1772521200000,1999.28000000,2003.49000000,1993.43000000,1996.33000000,11518.46820000
1772524800000,1996.32000000,2000.53000000,1947.93000000,1953.10000000,36423.87030000
1772528400000,1953.10000000,1968.89000000,1939.10000000,1951.58000000,29942.95890000
1772532000000,1951.57000000,1964.08000000,1945.24000000,1958.05000000,14868.48660000
1772535600000,1958.05000000,1966.97000000,1952.11000000,1961.28000000,13420.82230000
1772539200000,1961.28000000,1990.07000000,1960.85000000,1967.57000000,23995.65030000
1772542800000,1967.58000000,1968.77000000,1943.73000000,1952.14000000,20300.89270000
1772546400000,1952.13000000,1977.31000000,1929.56000000,1942.78000000,56182.46040000
1772550000000,1942.78000000,1972.71000000,1932.04000000,1969.22000000,38417.98790000
1772553600000,1969.21000000,2014.12000000,1958.76000000,1983.98000000,54907.20080000
1772557200000,1983.98000000,1985.60000000,1959.38000000,1980.60000000,20094.39380000
1772560800000,1980.59000000,2000.32000000,1969.70000000,1988.20000000,17019.05890000
1772564400000,1988.21000000,1994.37000000,1976.97000000,1986.02000000,20447.23980000
1772568000000,1986.03000000,1989.80000000,1969.83000000,1978.34000000,9339.97930000
1772571600000,1978.34000000,1978.40000000,1959.35000000,1968.46000000,8093.79010000
1772575200000,1968.46000000,1988.20000000,1968.25000000,1983.31000000,7331.05260000
1772578800000,1983.30000000,2001.63000000,1981.25000000,1982.80000000,11408.22770000
1772582400000,1982.81000000,1986.79000000,1961.88000000,1976.68000000,13652.34610000
1772586000000,1976.69000000,1998.66000000,1970.18000000,1981.73000000,15208.22400000
1772589600000,1981.72000000,1982.79000000,1969.10000000,1979.24000000,9101.05680000
1772593200000,1979.23000000,1980.18000000,1945.08000000,1960.90000000,24378.10160000
1772596800000,1960.89000000,1964.65000000,1950.65000000,1960.25000000,10698.77880000
1772600400000,1960.26000000,1977.84000000,1955.79000000,1971.14000000,10275.53100000
1772604000000,1971.14000000,1986.49000000,1963.33000000,1980.33000000,12984.28220000
1772607600000,1980.34000000,2010.00000000,1974.64000000,2006.55000000,18528.99390000
1772611200000,2006.55000000,2066.66000000,2000.47000000,2063.71000000,60466.90330000
1772614800000,2063.71000000,2089.55000000,2055.18000000,2075.23000000,59530.17230000
1772618400000,2075.24000000,2092.90000000,2067.36000000,2072.34000000,35518.58510000
1772622000000,2072.33000000,2078.22000000,2046.77000000,2054.97000000,31815.41160000
1772625600000,2054.97000000,2059.29000000,2036.37000000,2054.33000000,34637.63360000
1772629200000,2054.34000000,2068.53000000,2052.79000000,2064.49000000,14580.99580000
1772632800000,2064.48000000,2110.00000000,2062.82000000,2080.00000000,64561.64280000
1772636400000,2079.99000000,2157.67000000,2079.09000000,2150.23000000,89214.30860000
1772640000000,2150.23000000,2165.75000000,2129.13000000,2142.39000000,58873.99250000
1772643600000,2142.39000000,2156.83000000,2130.17000000,2146.07000000,43422.74300000
1772647200000,2146.07000000,2164.38000000,2138.13000000,2163.18000000,20006.59600000
1772650800000,2163.18000000,2199.00000000,2161.01000000,2177.51000000,49507.37990000
1772654400000,2177.51000000,2179.66000000,2149.31000000,2150.13000000,18222.58480000
1772658000000,2150.13000000,2155.77000000,2142.25000000,2149.86000000,11687.01100000
1772661600000,2149.85000000,2164.16000000,2127.42000000,2132.11000000,15161.26180000
1772665200000,2132.11000000,2136.84000000,2116.67000000,2127.28000000,15610.27870000
1772668800000,2127.28000000,2135.36000000,2121.50000000,2128.13000000,14409.84720000
1772672400000,2128.14000000,2141.93000000,2107.57000000,2113.73000000,18721.18040000
1772676000000,2113.72000000,2134.09000000,2112.82000000,2121.85000000,12365.03210000
1772679600000,2121.85000000,2126.07000000,2107.50000000,2120.15000000,8560.34350000
1772683200000,2120.15000000,2144.20000000,2118.59000000,2137.36000000,15809.58770000
1772686800000,2137.35000000,2139.32000000,2114.03000000,2119.65000000,11146.25930000
1772690400000,2119.66000000,2130.92000000,2110.15000000,2128.23000000,8734.21920000
1772694000000,2128.22000000,2132.53000000,2095.71000000,2104.96000000,18349.14640000
1772697600000,2104.96000000,2118.82000000,2093.63000000,2117.64000000,17772.73030000
1772701200000,2117.64000000,2137.71000000,2116.54000000,2125.45000000,17983.02380000
1772704800000,2125.45000000,2163.66000000,2119.99000000,2156.15000000,21391.52760000
1772708400000,2156.14000000,2159.31000000,2133.50000000,2137.92000000,13375.45360000
1772712000000,2137.92000000,2142.95000000,2123.58000000,2138.25000000,15735.62770000
1772715600000,2138.25000000,2139.72000000,2109.18000000,2117.60000000,19573.75570000
1772719200000,2117.60000000,2131.65000000,2096.73000000,2119.17000000,30762.78290000
1772722800000,2119.18000000,2121.93000000,2067.54000000,2086.96000000,58446.59120000
1772726400000,2086.95000000,2087.42000000,2056.70000000,2080.17000000,28768.13940000
1772730000000,2080.17000000,2093.70000000,2054.75000000,2059.88000000,25380.21890000
1772733600000,2059.88000000,2078.38000000,2056.99000000,2076.59000000,12902.86480000
1772737200000,2076.60000000,2093.69000000,2072.38000000,2074.36000000,22325.85760000
1772740800000,2074.37000000,2098.67000000,2070.09000000,2092.43000000,15608.86190000
1772744400000,2092.42000000,2099.36000000,2075.77000000,2080.60000000,11396.44010000
1772748000000,2080.61000000,2085.00000000,2077.60000000,2080.11000000,4816.13850000
1772751600000,2080.11000000,2084.45000000,2069.72000000,2072.86000000,7822.18280000
1772755200000,2072.86000000,2080.39000000,2067.70000000,2075.02000000,9180.21010000
1772758800000,2075.03000000,2091.38000000,2061.79000000,2087.65000000,13630.64140000
1772762400000,2087.66000000,2093.33000000,2080.66000000,2083.89000000,7620.40220000
1772766000000,2083.89000000,2088.75000000,2075.28000000,2083.80000000,8645.16300000
1772769600000,2083.81000000,2085.88000000,2058.84000000,2070.86000000,14588.39210000
1772773200000,2070.87000000,2074.19000000,2059.36000000,2068.94000000,10611.93870000
1772776800000,2068.93000000,2080.53000000,2063.58000000,2074.03000000,7652.87440000
1772780400000,2074.04000000,2087.66000000,2068.79000000,2082.83000000,12517.34720000
1772784000000,2082.83000000,2082.83000000,2074.33000000,2075.96000000,7247.94810000
1772787600000,2075.96000000,2077.50000000,2045.79000000,2060.00000000,21572.25670000
1772791200000,2060.00000000,2069.43000000,2058.72000000,2063.40000000,8988.18360000
1772794800000,2063.41000000,2067.34000000,2049.85000000,2051.03000000,12852.71390000
1772798400000,2051.03000000,2055.00000000,2037.22000000,2048.52000000,19883.33800000
1772802000000,2048.52000000,2062.12000000,2019.35000000,2019.88000000,37363.79860000
1772805600000,2019.89000000,2024.35000000,1972.00000000,1981.55000000,77975.80630000
1772809200000,1981.55000000,1998.00000000,1966.24000000,1978.01000000,36805.79970000
1772812800000,1978.00000000,1984.97000000,1966.27000000,1971.29000000,26399.63060000
1772816400000,1971.28000000,1982.13000000,1955.95000000,1966.76000000,23860.43670000
1772820000000,1966.76000000,1983.46000000,1966.61000000,1974.62000000,15172.60680000
1772823600000,1974.62000000,1993.30000000,1974.62000000,1983.75000000,9611.94320000
1772827200000,1983.75000000,1988.69000000,1969.26000000,1978.63000000,14596.46690000
1772830800000,1978.64000000,1984.64000000,1971.51000000,1983.77000000,4970.52420000
1772834400000,1983.76000000,1989.91000000,1981.58000000,1987.22000000,4312.47840000
1772838000000,1987.23000000,1987.75000000,1977.03000000,1978.68000000,5536.85610000
1772841600000,1978.68000000,1983.27000000,1976.97000000,1981.45000000,3668.85350000
1772845200000,1981.45000000,1983.70000000,1976.25000000,1980.68000000,7091.56190000
1772848800000,1980.67000000,1984.63000000,1971.79000000,1983.52000000,7690.46140000
1772852400000,1983.53000000,1996.04000000,1979.83000000,1980.21000000,9533.45240000
1772856000000,1980.22000000,1980.22000000,1964.34000000,1975.35000000,9092.37200000
1772859600000,1975.35000000,1979.87000000,1972.46000000,1979.01000000,6131.98380000
1772863200000,1979.01000000,1979.01000000,1968.81000000,1971.76000000,9083.15260000
1772866800000,1971.77000000,1984.19000000,1967.07000000,1982.94000000,16455.66790000
1772870400000,1982.94000000,1987.62000000,1975.50000000,1978.03000000,9725.33450000
1772874000000,1978.02000000,1989.42000000,1975.38000000,1986.35000000,9442.47620000
1772877600000,1986.35000000,1988.68000000,1983.32000000,1984.36000000,4111.34100000
1772881200000,1984.36000000,1994.98000000,1982.19000000,1988.91000000,6240.14040000
1772884800000,1988.92000000,1990.95000000,1979.84000000,1982.51000000,4069.82130000
1772888400000,1982.51000000,1984.19000000,1977.64000000,1981.83000000,9076.37950000
1772892000000,1981.83000000,1990.25000000,1970.47000000,1987.00000000,9828.66700000
1772895600000,1987.01000000,1987.41000000,1976.22000000,1981.04000000,6476.32980000
1772899200000,1981.03000000,1981.03000000,1974.48000000,1977.26000000,5663.86000000
1772902800000,1977.26000000,1983.47000000,1976.19000000,1977.59000000,3883.32340000
1772906400000,1977.59000000,1977.59000000,1965.78000000,1971.23000000,7635.95970000
1772910000000,1971.22000000,1971.23000000,1948.09000000,1955.20000000,17780.51080000
1772913600000,1955.20000000,1968.78000000,1954.89000000,1966.42000000,5668.14030000
1772917200000,1966.42000000,1971.73000000,1963.97000000,1970.63000000,3666.46060000
1772920800000,1970.62000000,1971.03000000,1958.36000000,1966.46000000,4432.00220000
1772924400000,1966.47000000,1974.27000000,1965.49000000,1969.59000000,8011.56780000
1772928000000,1969.60000000,1977.35000000,1966.66000000,1968.91000000,6916.06100000
1772931600000,1968.92000000,1971.90000000,1963.51000000,1968.95000000,4903.02320000
1772935200000,1968.94000000,1969.98000000,1935.73000000,1942.34000000,30383.26880000
1772938800000,1942.34000000,1951.74000000,1941.54000000,1947.67000000,10074.52130000
1772942400000,1947.67000000,1953.37000000,1930.00000000,1938.40000000,34723.49010000
1772946000000,1938.40000000,1952.54000000,1938.00000000,1949.00000000,5846.95490000
1772949600000,1949.00000000,1952.33000000,1943.05000000,1948.05000000,5507.11030000
1772953200000,1948.05000000,1960.41000000,1947.19000000,1955.23000000,7266.61620000
1772956800000,1955.22000000,1960.59000000,1949.10000000,1959.73000000,5926.36350000
1772960400000,1959.73000000,1970.10000000,1956.77000000,1963.54000000,10306.86010000
1772964000000,1963.54000000,1979.80000000,1963.36000000,1974.18000000,41737.96950000
1772967600000,1974.17000000,1974.32000000,1944.85000000,1951.38000000,12980.45620000
1772971200000,1951.39000000,1954.67000000,1926.13000000,1946.29000000,43903.35690000
1772974800000,1946.28000000,1948.18000000,1925.06000000,1944.29000000,24068.54600000
1772978400000,1944.29000000,1950.58000000,1937.66000000,1945.52000000,8687.26840000
1772982000000,1945.52000000,1947.83000000,1937.50000000,1943.32000000,7003.06930000
1772985600000,1943.32000000,1944.97000000,1934.34000000,1936.87000000,5289.18200000
1772989200000,1936.87000000,1946.65000000,1933.10000000,1935.77000000,5606.91740000
1772992800000,1935.78000000,1937.04000000,1928.08000000,1930.27000000,12761.01180000
1772996400000,1930.28000000,1970.58000000,1928.24000000,1964.91000000,24494.58200000
1773000000000,1964.91000000,1971.95000000,1953.81000000,1958.86000000,7830.78860000
1773003600000,1958.87000000,1962.24000000,1944.53000000,1953.95000000,6632.18370000
1773007200000,1953.94000000,1953.94000000,1916.14000000,1943.20000000,58211.17080000
1773010800000,1943.20000000,1955.20000000,1935.58000000,1937.10000000,10128.95970000
1773014400000,1937.11000000,1966.14000000,1929.65000000,1950.99000000,17896.34220000
1773018000000,1950.99000000,1963.20000000,1942.72000000,1946.00000000,14979.52430000
1773021600000,1946.00000000,1963.20000000,1938.33000000,1959.66000000,12927.83190000
1773025200000,1959.66000000,2006.01000000,1959.08000000,1977.48000000,58780.55100000
1773028800000,1977.48000000,1989.56000000,1973.52000000,1977.31000000,10238.87980000
1773032400000,1977.31000000,2014.26000000,1976.39000000,2010.60000000,43830.63340000
1773036000000,2010.60000000,2012.70000000,1983.36000000,1985.00000000,15733.87560000
1773039600000,1985.01000000,1985.91000000,1963.45000000,1983.90000000,13845.41390000
1773043200000,1983.91000000,2000.00000000,1978.92000000,1996.81000000,15655.82010000
1773046800000,1996.81000000,2022.00000000,1986.77000000,2004.48000000,22759.61600000
1773050400000,2004.49000000,2007.05000000,1992.56000000,1995.41000000,17147.88720000
1773054000000,1995.41000000,1999.99000000,1980.93000000,1992.20000000,12567.48690000
1773057600000,1992.20000000,2013.74000000,1992.20000000,2002.19000000,12668.24880000
1773061200000,2002.19000000,2030.00000000,2001.13000000,2018.16000000,41754.94380000
1773064800000,2018.15000000,2032.84000000,2007.82000000,2022.29000000,39674.10340000
1773068400000,2022.27000000,2029.25000000,2013.97000000,2022.63000000,21397.25010000
1773072000000,2022.64000000,2039.29000000,2018.93000000,2027.53000000,18205.42910000
1773075600000,2027.54000000,2032.50000000,2005.76000000,2016.94000000,20457.18360000
1773079200000,2016.94000000,2022.90000000,2006.15000000,2012.10000000,12319.78200000
1773082800000,2012.11000000,2053.52000000,2010.00000000,2033.91000000,30136.55640000
1773086400000,2033.91000000,2037.30000000,2018.77000000,2025.89000000,9526.11720000
1773090000000,2025.89000000,2035.39000000,2022.19000000,2028.35000000,6364.98710000
1773093600000,2028.33000000,2031.32000000,1997.87000000,2002.53000000,56062.18810000
1773097200000,2002.52000000,2007.67000000,1989.12000000,1992.98000000,25894.83640000
1773100800000,1992.97000000,2022.50000000,1991.00000000,2015.37000000,30631.78010000
1773104400000,2015.37000000,2024.99000000,2006.23000000,2019.21000000,11925.19500000
1773108000000,2019.20000000,2054.19000000,2014.01000000,2042.40000000,27247.36110000
1773111600000,2042.40000000,2047.88000000,2022.63000000,2026.80000000,13229.46640000
1773115200000,2026.80000000,2047.31000000,2026.36000000,2045.70000000,10644.78860000
1773118800000,2045.69000000,2054.20000000,2039.75000000,2043.99000000,23562.78070000
1773122400000,2044.00000000,2049.34000000,2036.25000000,2043.76000000,11948.68250000
1773126000000,2043.77000000,2059.69000000,2040.09000000,2051.00000000,14222.03330000
1773129600000,2051.00000000,2070.50000000,2051.00000000,2057.27000000,23588.63040000
1773133200000,2057.27000000,2074.00000000,2055.72000000,2068.18000000,13752.44540000
1773136800000,2068.17000000,2069.22000000,2055.56000000,2062.86000000,8922.85270000
1773140400000,2062.86000000,2067.78000000,2051.16000000,2061.69000000,14186.13610000
1773144000000,2061.70000000,2062.09000000,2047.36000000,2049.82000000,12900.43310000
1773147600000,2049.82000000,2060.27000000,2024.04000000,2033.63000000,29276.77180000
1773151200000,2033.63000000,2080.27000000,2008.65000000,2075.19000000,55294.64680000
1773154800000,2075.19000000,2085.73000000,2059.23000000,2079.35000000,42497.34870000
1773158400000,2079.34000000,2088.19000000,2069.45000000,2080.72000000,18680.30370000
1773162000000,2080.71000000,2085.19000000,2058.33000000,2071.67000000,20761.37280000
1773165600000,2071.67000000,2073.13000000,2035.74000000,2039.68000000,30444.71510000
1773169200000,2039.68000000,2044.31000000,2027.16000000,2037.02000000,15745.21540000
1773172800000,2037.02000000,2047.45000000,2035.45000000,2042.56000000,7714.41610000
1773176400000,2042.56000000,2048.31000000,2018.00000000,2029.20000000,10882.77160000
1773180000000,2029.20000000,2032.82000000,2021.14000000,2027.64000000,8497.76700000
1773183600000,2027.63000000,2037.30000000,2027.55000000,2036.51000000,6853.95950000
1773187200000,2036.50000000,2041.71000000,2028.81000000,2037.68000000,10130.84120000
1773190800000,2037.68000000,2041.00000000,2028.62000000,2036.10000000,7117.22120000
1773194400000,2036.10000000,2039.05000000,2018.70000000,2026.71000000,11516.99430000
1773198000000,2026.70000000,2029.35000000,2018.13000000,2021.17000000,7998.29340000
1773201600000,2021.17000000,2041.39000000,2018.25000000,2039.08000000,8679.26460000
1773205200000,2039.08000000,2041.49000000,2011.37000000,2014.63000000,10074.12410000
1773208800000,2014.63000000,2026.00000000,2014.00000000,2024.30000000,8491.46410000
1773212400000,2024.31000000,2025.70000000,2007.17000000,2012.54000000,8583.07010000
1773216000000,2012.54000000,2025.72000000,2009.48000000,2023.76000000,14252.34330000
1773219600000,2023.75000000,2027.40000000,2014.51000000,2017.87000000,6669.77040000
1773223200000,2017.87000000,2031.30000000,2017.24000000,2028.68000000,6527.23290000
1773226800000,2028.68000000,2033.96000000,2015.83000000,2017.80000000,8797.75180000
1773230400000,2017.80000000,2035.50000000,2012.81000000,2023.09000000,16532.00460000
1773234000000,2023.09000000,2082.66000000,2021.67000000,2050.72000000,48997.14270000
1773237600000,2050.72000000,2077.59000000,2042.93000000,2062.68000000,42234.07840000
1773241200000,2062.68000000,2065.45000000,2030.03000000,2049.73000000,24389.63680000
1773244800000,2049.75000000,2072.43000000,2046.46000000,2067.01000000,18164.72120000
1773248400000,2067.02000000,2085.58000000,2057.69000000,2068.15000000,26324.51400000
1773252000000,2068.15000000,2079.66000000,2064.18000000,2076.51000000,16458.59480000
1773255600000,2076.50000000,2077.90000000,2068.58000000,2076.06000000,15265.91440000
1773259200000,2076.05000000,2076.19000000,2065.09000000,2068.40000000,7066.88360000
1773262800000,2068.41000000,2074.94000000,2063.46000000,2073.07000000,5855.36630000
1773266400000,2073.08000000,2084.53000000,2058.98000000,2061.76000000,10814.30450000
1773270000000,2061.76000000,2064.99000000,2045.20000000,2051.97000000,9119.72330000
1773273600000,2051.97000000,2058.16000000,2047.97000000,2055.78000000,5298.14460000
1773277200000,2055.78000000,2056.14000000,2042.95000000,2046.24000000,9032.44240000
1773280800000,2046.23000000,2047.93000000,2021.87000000,2024.67000000,16962.65090000
1773284400000,2024.66000000,2035.08000000,2017.59000000,2023.38000000,13070.29650000
1773288000000,2023.39000000,2029.73000000,2021.27000000,2023.09000000,6284.33230000
1773291600000,2023.08000000,2028.30000000,2019.33000000,2026.85000000,9624.64800000
1773295200000,2026.86000000,2031.80000000,2024.64000000,2030.38000000,6083.88100000
1773298800000,2030.38000000,2042.26000000,2025.66000000,2040.70000000,14231.79570000
1773302400000,2040.69000000,2052.59000000,2038.42000000,2047.80000000,13262.49130000
1773306000000,2047.79000000,2065.61000000,2038.49000000,2055.65000000,13504.82790000
1773309600000,2055.66000000,2075.49000000,2052.50000000,2069.86000000,16520.12670000
1773313200000,2069.87000000,2076.65000000,2058.21000000,2062.83000000,13187.27470000
1773316800000,2062.83000000,2071.08000000,2057.81000000,2065.37000000,9232.67060000
1773320400000,2065.37000000,2080.00000000,2051.44000000,2065.35000000,28335.13220000
1773324000000,2065.35000000,2095.00000000,2037.79000000,2045.35000000,48417.09530000
1773327600000,2045.34000000,2082.00000000,2039.05000000,2072.33000000,26030.90690000
1773331200000,2072.33000000,2078.09000000,2056.33000000,2069.63000000,22858.02530000
1773334800000,2069.62000000,2075.24000000,2055.32000000,2058.40000000,11673.47780000
1773338400000,2058.41000000,2062.10000000,2046.78000000,2048.78000000,16647.03990000
1773342000000,2048.77000000,2073.50000000,2045.42000000,2069.59000000,12389.29230000
1773345600000,2069.60000000,2073.81000000,2060.35000000,2062.57000000,5651.46740000
1773349200000,2062.58000000,2069.19000000,2057.28000000,2062.61000000,19369.79650000
1773352800000,2062.62000000,2067.54000000,2054.99000000,2065.30000000,25410.58400000
1773356400000,2065.30000000,2093.45000000,2064.64000000,2073.52000000,37429.41300000
1773360000000,2073.51000000,2148.80000000,2070.12000000,2119.19000000,85178.58330000
1773363600000,2119.19000000,2130.40000000,2111.72000000,2124.76000000,15741.65400000
1773367200000,2124.75000000,2127.12000000,2102.42000000,2105.81000000,13893.89200000
1773370800000,2105.81000000,2123.58000000,2102.20000000,2118.85000000,11965.20950000
1773374400000,2118.86000000,2120.06000000,2109.63000000,2111.68000000,5461.68990000
1773378000000,2111.67000000,2115.24000000,2103.54000000,2110.47000000,7222.65640000
1773381600000,2110.47000000,2113.00000000,2090.00000000,2095.94000000,20205.63240000
1773385200000,2095.95000000,2104.87000000,2092.75000000,2099.38000000,12306.28300000
1773388800000,2099.38000000,2117.00000000,2091.45000000,2100.05000000,17816.16410000
1773392400000,2100.05000000,2116.93000000,2096.04000000,2113.55000000,17352.77150000
1773396000000,2113.55000000,2133.30000000,2112.83000000,2126.87000000,20325.95460000
1773399600000,2126.88000000,2130.00000000,2118.18000000,2121.02000000,11322.58350000
1773403200000,2121.02000000,2153.17000000,2120.52000000,2146.63000000,32311.97480000
1773406800000,2146.64000000,2200.00000000,2141.61000000,2185.52000000,79297.74310000
1773410400000,2185.53000000,2209.03000000,2145.59000000,2151.14000000,69709.40650000
1773414000000,2151.15000000,2165.93000000,2125.14000000,2128.01000000,53218.54410000
1773417600000,2128.01000000,2143.33000000,2111.36000000,2133.91000000,29674.24120000
1773421200000,2133.91000000,2141.29000000,2090.28000000,2102.75000000,26775.07260000
1773424800000,2102.75000000,2108.87000000,2091.04000000,2100.93000000,17729.86760000
1773428400000,2100.92000000,2106.30000000,2096.50000000,2102.48000000,10276.31280000
1773432000000,2102.48000000,2114.00000000,2101.15000000,2111.37000000,5980.68060000
1773435600000,2111.37000000,2116.66000000,2101.47000000,2103.07000000,6766.92470000
1773439200000,2103.08000000,2104.72000000,2078.50000000,2088.97000000,24012.16410000
1773442800000,2088.96000000,2093.90000000,2085.54000000,2092.22000000,5111.03360000
1773446400000,2092.21000000,2095.21000000,2082.82000000,2085.32000000,10862.91620000
1773450000000,2085.32000000,2095.46000000,2081.39000000,2092.55000000,8566.59200000
1773453600000,2092.55000000,2095.91000000,2089.19000000,2092.39000000,3951.96580000
1773457200000,2092.39000000,2103.42000000,2092.38000000,2101.16000000,7940.30970000
1773460800000,2101.15000000,2106.09000000,2087.87000000,2090.42000000,9319.77590000
1773464400000,2090.43000000,2094.39000000,2085.71000000,2092.46000000,7074.98030000
1773468000000,2092.46000000,2092.46000000,2068.28000000,2078.02000000,15662.88880000
1773471600000,2078.02000000,2080.40000000,2075.65000000,2077.46000000,6134.19710000
1773475200000,2077.46000000,2081.64000000,2072.71000000,2074.34000000,6236.04660000
1773478800000,2074.35000000,2077.64000000,2063.73000000,2067.33000000,9384.43780000
1773482400000,2067.33000000,2068.88000000,2061.60000000,2066.24000000,5875.75970000
1773486000000,2066.24000000,2076.65000000,2065.85000000,2073.67000000,5365.30220000
1773489600000,2073.67000000,2077.87000000,2069.99000000,2075.44000000,5477.30790000
1773493200000,2075.44000000,2080.65000000,2073.00000000,2078.51000000,5090.12560000
1773496800000,2078.50000000,2080.52000000,2069.80000000,2071.22000000,7563.11660000
1773500400000,2071.23000000,2077.73000000,2070.00000000,2074.72000000,4297.16140000
1773504000000,2074.72000000,2078.79000000,2069.19000000,2077.54000000,4257.83460000
1773507600000,2077.54000000,2078.14000000,2073.50000000,2075.14000000,2302.59260000
1773511200000,2075.13000000,2078.14000000,2072.71000000,2076.91000000,1926.77550000
1773514800000,2076.91000000,2079.47000000,2074.77000000,2077.49000000,2284.87500000
1773518400000,2077.50000000,2087.27000000,2076.20000000,2086.01000000,4998.74460000
1773522000000,2086.01000000,2088.92000000,2081.65000000,2086.68000000,3530.65530000
1773525600000,2086.68000000,2088.30000000,2082.30000000,2084.45000000,3321.81290000
1773529200000,2084.45000000,2099.69000000,2084.19000000,2096.16000000,11074.40810000
1773532800000,2096.16000000,2096.77000000,2085.49000000,2088.00000000,5680.98960000
1773536400000,2088.00000000,2091.18000000,2083.35000000,2088.32000000,3987.64790000
1773540000000,2088.32000000,2107.91000000,2088.32000000,2101.99000000,13602.86550000
1773543600000,2101.99000000,2105.05000000,2093.53000000,2096.15000000,5347.81340000
1773547200000,2096.15000000,2104.34000000,2096.13000000,2104.34000000,3355.92520000
1773550800000,2104.34000000,2115.95000000,2102.01000000,2107.91000000,9171.69890000
1773554400000,2107.91000000,2111.28000000,2103.00000000,2107.76000000,3352.86520000
1773558000000,2107.76000000,2113.49000000,2103.46000000,2105.64000000,6266.79780000
1773561600000,2105.64000000,2113.00000000,2105.64000000,2112.93000000,4131.64640000
1773565200000,2112.93000000,2123.44000000,2112.83000000,2117.20000000,10018.39240000
1773568800000,2117.20000000,2121.49000000,2114.32000000,2119.14000000,3826.03290000
1773572400000,2119.14000000,2121.27000000,2115.04000000,2119.63000000,3043.63510000
1773576000000,2119.63000000,2119.83000000,2108.20000000,2109.59000000,4978.94060000
1773579600000,2109.60000000,2112.76000000,2086.34000000,2097.40000000,27709.34300000
1773583200000,2097.39000000,2099.20000000,2086.60000000,2096.99000000,7654.67600000
1773586800000,2096.99000000,2097.15000000,2090.02000000,2093.79000000,5532.45870000
1773590400000,2093.79000000,2098.86000000,2088.84000000,2091.56000000,4230.61560000
1773594000000,2091.57000000,2117.86000000,2091.20000000,2110.77000000,12688.58450000
1773597600000,2110.77000000,2113.53000000,2094.32000000,2099.14000000,7844.05540000
1773601200000,2099.15000000,2114.35000000,2096.47000000,2113.49000000,6704.33860000
1773604800000,2113.49000000,2139.00000000,2110.00000000,2129.05000000,14299.07540000
1773608400000,2129.06000000,2144.76000000,2123.75000000,2139.07000000,10594.88380000
1773612000000,2139.08000000,2192.49000000,2125.31000000,2184.35000000,52207.20250000
1773615600000,2184.36000000,2202.87000000,2165.20000000,2178.30000000,54595.45330000
1773619200000,2178.29000000,2187.33000000,2164.73000000,2171.23000000,18053.23910000
1773622800000,2171.23000000,2190.48000000,2165.00000000,2185.89000000,12499.72250000
1773626400000,2185.88000000,2189.43000000,2170.02000000,2180.49000000,12116.18940000
1773630000000,2180.48000000,2253.48000000,2177.38000000,2235.67000000,91298.94810000
1773633600000,2235.67000000,2278.00000000,2235.67000000,2263.30000000,74574.03430000
1773637200000,2263.30000000,2288.63000000,2256.80000000,2280.47000000,50113.02470000
1773640800000,2280.46000000,2281.31000000,2260.64000000,2261.70000000,26844.51550000
1773644400000,2261.70000000,2269.00000000,2245.63000000,2248.95000000,35430.22320000
1773648000000,2248.95000000,2258.83000000,2234.92000000,2243.54000000,27741.66380000
1773651600000,2243.54000000,2265.37000000,2239.82000000,2260.51000000,16719.28040000
1773655200000,2260.51000000,2279.00000000,2256.20000000,2278.30000000,28633.67510000
1773658800000,2278.30000000,2280.00000000,2266.00000000,2269.94000000,16228.07550000
1773662400000,2269.94000000,2303.64000000,2269.93000000,2279.28000000,51358.91560000
1773666000000,2279.28000000,2308.54000000,2272.35000000,2288.79000000,44699.85760000
1773669600000,2288.80000000,2304.81000000,2255.04000000,2288.00000000,50578.41640000
1773673200000,2287.99000000,2299.35000000,2270.17000000,2273.88000000,31399.43230000
1773676800000,2273.88000000,2300.22000000,2270.00000000,2297.03000000,21757.29740000
1773680400000,2297.03000000,2323.00000000,2293.49000000,2314.74000000,35717.62990000
1773684000000,2314.75000000,2346.16000000,2313.60000000,2321.46000000,45602.65510000
1773687600000,2321.46000000,2348.06000000,2318.43000000,2330.92000000,24597.73020000
1773691200000,2330.92000000,2347.53000000,2323.68000000,2345.31000000,13876.17830000
1773694800000,2345.31000000,2376.34000000,2343.63000000,2361.05000000,47279.33040000
1773698400000,2361.04000000,2386.02000000,2355.33000000,2357.83000000,37418.60290000
1773702000000,2357.83000000,2361.47000000,2330.00000000,2352.97000000,31354.13790000
1773705600000,2352.97000000,2376.66000000,2340.21000000,2357.62000000,56259.72300000
1773709200000,2357.62000000,2375.65000000,2346.72000000,2361.21000000,48190.32090000
1773712800000,2361.20000000,2361.88000000,2344.79000000,2351.30000000,20865.15300000
1773716400000,2351.31000000,2355.99000000,2308.03000000,2320.00000000,33726.42260000
1773720000000,2320.01000000,2330.00000000,2294.15000000,2311.50000000,42398.81480000
1773723600000,2311.49000000,2318.43000000,2297.91000000,2307.37000000,14141.17010000
1773727200000,2307.37000000,2325.13000000,2298.24000000,2315.34000000,14746.86860000
1773730800000,2315.35000000,2337.86000000,2315.35000000,2327.70000000,15496.42300000
1773734400000,2327.71000000,2335.35000000,2316.05000000,2320.66000000,12844.34300000
1773738000000,2320.67000000,2329.34000000,2307.00000000,2315.79000000,18557.21020000
1773741600000,2315.78000000,2317.09000000,2304.00000000,2312.94000000,13150.66230000
1773745200000,2312.94000000,2332.92000000,2311.77000000,2326.82000000,15268.09480000
1773748800000,2326.81000000,2335.00000000,2312.77000000,2315.42000000,14896.72180000
1773752400000,2315.42000000,2346.48000000,2313.41000000,2328.65000000,26349.22840000
1773756000000,2328.66000000,2348.94000000,2318.94000000,2343.45000000,29242.01350000
1773759600000,2343.45000000,2357.73000000,2304.27000000,2315.98000000,34576.09590000
1773763200000,2315.98000000,2336.96000000,2312.44000000,2326.84000000,17283.23550000
1773766800000,2326.85000000,2342.64000000,2320.60000000,2340.04000000,12222.79700000
1773770400000,2340.04000000,2342.70000000,2328.11000000,2332.98000000,10802.88680000
1773774000000,2332.98000000,2340.00000000,2317.00000000,2320.22000000,10125.50710000
1773777600000,2320.22000000,2330.39000000,2317.68000000,2327.88000000,7920.35140000
1773781200000,2327.88000000,2344.69000000,2327.88000000,2338.45000000,8452.16200000
1773784800000,2338.45000000,2342.11000000,2318.39000000,2329.54000000,8924.00820000
1773788400000,2329.54000000,2333.11000000,2316.78000000,2317.39000000,7390.88770000
1773792000000,2317.38000000,2325.66000000,2307.00000000,2324.24000000,11666.41740000
1773795600000,2324.24000000,2335.33000000,2323.17000000,2325.02000000,7119.27330000
1773799200000,2325.03000000,2341.30000000,2324.74000000,2331.49000000,8007.84540000
1773802800000,2331.48000000,2350.00000000,2328.65000000,2340.61000000,12961.33240000
1773806400000,2340.61000000,2342.00000000,2326.62000000,2327.51000000,6998.16370000
1773810000000,2327.50000000,2330.97000000,2313.81000000,2318.42000000,11045.55920000
1773813600000,2318.42000000,2331.14000000,2318.18000000,2322.73000000,7129.49660000
1773817200000,2322.73000000,2323.22000000,2311.53000000,2317.74000000,7584.76590000
1773820800000,2317.73000000,2325.50000000,2317.30000000,2322.59000000,4961.84450000
1773824400000,2322.59000000,2333.62000000,2321.87000000,2329.27000000,7538.46140000
1773828000000,2329.27000000,2331.99000000,2309.42000000,2312.83000000,14463.18910000
1773831600000,2312.83000000,2319.16000000,2263.43000000,2269.34000000,43820.64830000
1773835200000,2269.33000000,2270.50000000,2235.45000000,2237.49000000,41031.31030000
1773838800000,2237.50000000,2244.90000000,2223.69000000,2235.68000000,31025.66910000
1773842400000,2235.69000000,2237.21000000,2186.93000000,2190.27000000,51230.14830000
1773846000000,2190.26000000,2196.23000000,2168.97000000,2187.66000000,47106.99210000
1773849600000,2187.67000000,2190.93000000,2166.87000000,2181.00000000,25173.85300000
1773853200000,2181.00000000,2211.70000000,2176.99000000,2204.02000000,25927.78630000
1773856800000,2204.02000000,2220.00000000,2176.00000000,2181.20000000,32888.17530000
1773860400000,2181.20000000,2196.57000000,2178.81000000,2185.85000000,15080.65640000
1773864000000,2185.85000000,2194.78000000,2153.21000000,2187.36000000,33883.35540000
1773867600000,2187.36000000,2206.87000000,2185.66000000,2202.49000000,12999.51840000
1773871200000,2202.50000000,2203.50000000,2187.58000000,2194.41000000,10013.86030000
1773874800000,2194.41000000,2206.88000000,2188.77000000,2203.39000000,18382.56660000
1773878400000,2203.39000000,2208.28000000,2190.86000000,2193.34000000,12225.72700000
1773882000000,2193.33000000,2201.98000000,2187.24000000,2196.92000000,10063.23210000
1773885600000,2196.93000000,2205.00000000,2188.94000000,2196.68000000,6192.21360000
1773889200000,2196.69000000,2233.72000000,2196.69000000,2212.29000000,24098.45390000
1773892800000,2212.29000000,2213.11000000,2190.83000000,2193.61000000,9828.26500000
1773896400000,2193.62000000,2198.50000000,2186.67000000,2189.14000000,6929.88770000
1773900000000,2189.14000000,2195.70000000,2177.79000000,2180.64000000,16389.56260000
1773903600000,2180.65000000,2182.00000000,2143.14000000,2166.68000000,46063.57140000
1773907200000,2166.68000000,2170.99000000,2158.09000000,2160.66000000,14135.16190000
1773910800000,2160.65000000,2191.16000000,2159.99000000,2189.42000000,34822.21190000
1773914400000,2189.43000000,2192.07000000,2172.48000000,2172.76000000,8226.43870000
1773918000000,2172.76000000,2177.58000000,2165.83000000,2166.92000000,8602.23300000
1773921600000,2166.92000000,2167.48000000,2130.16000000,2132.45000000,24789.66120000
1773925200000,2132.45000000,2143.16000000,2110.90000000,2137.49000000,61210.53760000
1773928800000,2137.50000000,2147.26000000,2102.16000000,2121.68000000,44113.78350000
1773932400000,2121.67000000,2136.79000000,2099.38000000,2118.81000000,35200.33920000
1773936000000,2118.81000000,2121.95000000,2106.44000000,2115.09000000,34288.27590000
1773939600000,2115.08000000,2131.70000000,2104.87000000,2126.96000000,15221.90800000
1773943200000,2126.97000000,2129.48000000,2114.31000000,2125.04000000,7902.95610000
1773946800000,2125.04000000,2156.92000000,2125.04000000,2141.19000000,28980.15930000
1773950400000,2141.18000000,2152.80000000,2139.39000000,2146.35000000,8053.48300000
1773954000000,2146.35000000,2155.62000000,2145.16000000,2149.95000000,9694.91830000
1773957600000,2149.95000000,2152.36000000,2133.08000000,2140.08000000,12230.95410000
1773961200000,2140.08000000,2147.48000000,2130.57000000,2137.81000000,11527.74400000
1773964800000,2137.82000000,2149.00000000,2134.72000000,2145.60000000,9477.51980000
1773968400000,2145.61000000,2160.78000000,2145.10000000,2150.88000000,15224.70820000
1773972000000,2150.89000000,2151.77000000,2132.69000000,2144.44000000,12247.09880000
1773975600000,2144.45000000,2157.08000000,2143.61000000,2151.38000000,7545.43350000
1773979200000,2151.38000000,2159.24000000,2139.18000000,2148.38000000,10683.16390000
1773982800000,2148.39000000,2151.92000000,2137.73000000,2140.37000000,6696.94820000
1773986400000,2140.38000000,2141.78000000,2132.06000000,2136.61000000,7941.35500000
1773990000000,2136.61000000,2153.40000000,2121.25000000,2150.54000000,17958.48240000
1773993600000,2150.53000000,2176.84000000,2146.71000000,2164.20000000,21588.26210000
1773997200000,2164.19000000,2164.19000000,2134.95000000,2141.21000000,16374.62850000
1774000800000,2141.21000000,2151.27000000,2131.56000000,2148.38000000,10311.90470000
1774004400000,2148.38000000,2158.69000000,2135.00000000,2141.50000000,13415.60960000
1774008000000,2141.49000000,2152.74000000,2135.37000000,2141.13000000,8711.14230000
1774011600000,2141.13000000,2152.64000000,2123.18000000,2127.39000000,18804.52960000
1774015200000,2127.39000000,2147.74000000,2116.88000000,2129.30000000,25684.62910000
1774018800000,2129.30000000,2138.78000000,2120.33000000,2134.01000000,15282.99400000
1774022400000,2134.00000000,2144.76000000,2130.58000000,2137.31000000,10515.19380000
1774026000000,2137.32000000,2141.16000000,2119.72000000,2136.69000000,9903.94510000
1774029600000,2136.70000000,2137.67000000,2117.41000000,2123.29000000,12289.67190000
1774033200000,2123.29000000,2134.97000000,2117.50000000,2132.91000000,12300.93120000
1774036800000,2132.91000000,2137.00000000,2123.96000000,2133.25000000,6221.38720000
1774040400000,2133.25000000,2157.25000000,2130.83000000,2147.53000000,13961.40190000
1774044000000,2147.53000000,2168.00000000,2147.53000000,2154.71000000,12246.04320000
1774047600000,2154.70000000,2155.72000000,2143.16000000,2146.22000000,4769.19380000
1774051200000,2146.21000000,2156.77000000,2144.24000000,2153.30000000,6542.31280000
1774054800000,2153.30000000,2159.87000000,2147.35000000,2147.55000000,4294.07140000
1774058400000,2147.54000000,2156.32000000,2146.35000000,2154.90000000,2628.76810000
1774062000000,2154.89000000,2155.95000000,2150.99000000,2153.60000000,2251.58620000
1774065600000,2153.59000000,2158.19000000,2150.36000000,2151.75000000,4075.41410000
1774069200000,2151.76000000,2160.00000000,2151.75000000,2153.39000000,6665.25610000
1774072800000,2153.39000000,2156.49000000,2152.28000000,2155.80000000,2211.70650000
1774076400000,2155.81000000,2161.34000000,2153.72000000,2155.67000000,3541.80640000
1774080000000,2155.67000000,2157.22000000,2149.57000000,2154.00000000,3571.49940000
1774083600000,2153.99000000,2159.00000000,2153.80000000,2158.77000000,4558.63680000
1774087200000,2158.77000000,2159.52000000,2153.05000000,2154.34000000,2279.33260000
1774090800000,2154.34000000,2157.91000000,2153.00000000,2157.37000000,1630.66510000
1774094400000,2157.37000000,2160.62000000,2156.76000000,2157.98000000,2567.72160000
1774098000000,2157.98000000,2159.79000000,2155.00000000,2155.86000000,1853.68670000
1774101600000,2155.86000000,2168.27000000,2150.61000000,2152.13000000,8218.23460000
1774105200000,2152.13000000,2157.58000000,2146.45000000,2155.12000000,7311.51050000
1774108800000,2155.13000000,2155.58000000,2144.67000000,2146.65000000,5011.80880000
1774112400000,2146.64000000,2150.61000000,2142.01000000,2148.56000000,3222.34900000
1774116000000,2148.56000000,2155.64000000,2147.79000000,2151.46000000,2747.26980000
1774119600000,2151.47000000,2153.03000000,2149.06000000,2152.16000000,2984.21320000
1774123200000,2152.17000000,2156.59000000,2150.41000000,2155.67000000,2702.13360000
1774126800000,2155.67000000,2157.00000000,2152.21000000,2153.70000000,2883.62090000
1774130400000,2153.69000000,2153.69000000,2149.36000000,2149.94000000,2656.03820000
1774134000000,2149.93000000,2149.93000000,2070.78000000,2084.87000000,46149.82220000
1774137600000,2084.86000000,2095.43000000,2050.12000000,2087.67000000,60906.67930000
1774141200000,2087.68000000,2094.49000000,2082.00000000,2091.36000000,19598.97100000
1774144800000,2091.37000000,2109.36000000,2088.00000000,2102.29000000,14239.97200000
1774148400000,2102.29000000,2127.21000000,2098.09000000,2113.83000000,14776.02600000
1774152000000,2113.83000000,2122.94000000,2106.36000000,2119.39000000,12384.67090000
1774155600000,2119.39000000,2120.94000000,2112.71000000,2113.00000000,6294.29100000
1774159200000,2113.01000000,2113.34000000,2106.99000000,2108.76000000,5445.33230000
1774162800000,2108.76000000,2112.05000000,2092.35000000,2093.38000000,8519.33860000
1774166400000,2093.40000000,2095.89000000,2074.36000000,2086.50000000,19423.70110000
1774170000000,2086.50000000,2096.82000000,2079.90000000,2085.09000000,8961.74760000
1774173600000,2085.10000000,2086.95000000,2077.33000000,2081.45000000,4126.74860000
1774177200000,2081.44000000,2083.80000000,2066.97000000,2069.98000000,10550.33820000
1774180800000,2069.97000000,2088.44000000,2068.37000000,2082.44000000,9735.63950000
1774184400000,2082.44000000,2092.63000000,2072.77000000,2078.71000000,10405.01320000
1774188000000,2078.71000000,2085.19000000,2071.67000000,2078.14000000,8042.34380000
1774191600000,2078.14000000,2084.58000000,2075.67000000,2083.10000000,6131.29160000
1774195200000,2083.10000000,2084.45000000,2077.88000000,2082.09000000,4105.44240000
1774198800000,2082.10000000,2084.35000000,2077.41000000,2079.61000000,4053.78660000
1774202400000,2079.60000000,2080.41000000,2057.00000000,2072.27000000,10621.57860000
1774206000000,2072.26000000,2072.70000000,2054.35000000,2063.21000000,9191.56100000
1774209600000,2063.22000000,2072.25000000,2056.35000000,2058.58000000,7564.97800000
1774213200000,2058.58000000,2060.51000000,2026.00000000,2045.96000000,28928.48620000
1774216800000,2045.96000000,2065.65000000,2032.57000000,2062.67000000,18597.56790000
1774220400000,2062.68000000,2074.16000000,2051.27000000,2053.89000000,10465.05180000
1774224000000,2053.90000000,2063.08000000,2035.69000000,2043.31000000,16767.35440000
1774227600000,2043.31000000,2062.38000000,2039.46000000,2047.69000000,10349.84090000
1774231200000,2047.70000000,2070.24000000,2046.72000000,2063.42000000,13332.44560000
1774234800000,2063.42000000,2072.33000000,2051.67000000,2052.54000000,5643.84820000
1774238400000,2052.53000000,2066.21000000,2050.64000000,2065.47000000,5965.39240000
1774242000000,2065.47000000,2072.11000000,2060.71000000,2069.27000000,10766.36600000
1774245600000,2069.26000000,2069.26000000,2028.47000000,2037.30000000,19415.67570000
1774249200000,2037.31000000,2050.00000000,2023.04000000,2044.72000000,21368.59510000
1774252800000,2044.73000000,2059.16000000,2044.20000000,2048.02000000,12995.61970000
1774256400000,2048.01000000,2049.13000000,2028.20000000,2043.63000000,9832.21520000
1774260000000,2043.64000000,2054.04000000,2040.39000000,2049.04000000,7896.07380000
1774263600000,2049.04000000,2198.57000000,2049.04000000,2134.78000000,161423.30100000
1774267200000,2134.78000000,2147.85000000,2107.43000000,2144.27000000,57914.70740000
1774270800000,2144.27000000,2189.00000000,2140.11000000,2185.64000000,55730.55710000
1774274400000,2185.65000000,2192.44000000,2169.28000000,2181.16000000,41862.25590000
1774278000000,2181.16000000,2188.09000000,2124.75000000,2128.45000000,43736.40880000
1774281600000,2128.46000000,2142.72000000,2117.77000000,2135.88000000,35608.73500000
1774285200000,2135.88000000,2158.54000000,2124.57000000,2152.71000000,21257.74610000
1774288800000,2152.71000000,2171.76000000,2145.71000000,2168.72000000,17410.10430000
1774292400000,2168.72000000,2178.74000000,2150.48000000,2154.46000000,18734.49090000
1774296000000,2154.45000000,2166.81000000,2150.71000000,2161.49000000,6247.91100000
1774299600000,2161.49000000,2163.80000000,2154.57000000,2157.70000000,5220.54190000
1774303200000,2157.70000000,2159.61000000,2143.94000000,2152.81000000,7290.30820000
1774306800000,2152.80000000,2155.21000000,2140.71000000,2152.03000000,7737.94230000
1774310400000,2152.03000000,2156.22000000,2130.10000000,2143.22000000,12914.71350000
1774314000000,2143.22000000,2149.78000000,2124.26000000,2137.56000000,11048.73450000
1774317600000,2137.57000000,2145.92000000,2132.64000000,2135.86000000,9521.64740000
1774321200000,2135.87000000,2143.30000000,2130.70000000,2141.59000000,9582.55120000
1774324800000,2141.59000000,2152.03000000,2131.83000000,2136.33000000,7953.95180000
1774328400000,2136.32000000,2138.49000000,2128.84000000,2133.64000000,8181.00690000
1774332000000,2133.64000000,2146.35000000,2132.00000000,2145.30000000,7279.17890000
1774335600000,2145.30000000,2170.65000000,2144.13000000,2165.61000000,22660.92030000
1774339200000,2165.61000000,2167.37000000,2152.17000000,2155.06000000,11529.43860000
1774342800000,2155.07000000,2167.90000000,2147.36000000,2164.97000000,8784.85730000
1774346400000,2164.97000000,2164.98000000,2155.27000000,2161.25000000,6223.98100000
1774350000000,2161.25000000,2175.16000000,2152.13000000,2165.90000000,13602.47260000
1774353600000,2165.89000000,2170.52000000,2158.89000000,2162.44000000,7154.93270000
1774357200000,2162.43000000,2165.53000000,2130.46000000,2138.38000000,24657.58040000
1774360800000,2138.37000000,2148.31000000,2120.00000000,2133.98000000,32739.97750000
1774364400000,2133.98000000,2147.74000000,2131.50000000,2135.15000000,15780.51690000
1774368000000,2135.15000000,2140.57000000,2120.90000000,2127.20000000,14879.48070000
1774371600000,2127.20000000,2128.70000000,2103.02000000,2109.17000000,26735.32850000
1774375200000,2109.18000000,2127.90000000,2105.07000000,2118.92000000,11372.53550000
1774378800000,2118.92000000,2127.84000000,2114.37000000,2116.87000000,6567.43390000
1774382400000,2116.86000000,2154.50000000,2115.63000000,2148.48000000,21481.87240000
1774386000000,2148.48000000,2151.80000000,2140.46000000,2148.88000000,7038.73540000
1774389600000,2148.89000000,2155.82000000,2140.67000000,2145.61000000,9245.40860000
1774393200000,2145.60000000,2163.70000000,2143.00000000,2156.23000000,9766.21630000
1774396800000,2156.22000000,2168.63000000,2146.35000000,2161.77000000,13790.31820000
1774400400000,2161.76000000,2167.37000000,2156.94000000,2156.94000000,9043.87830000
1774404000000,2156.95000000,2161.50000000,2153.58000000,2155.50000000,6096.79800000
1774407600000,2155.51000000,2160.53000000,2147.00000000,2158.54000000,6297.56540000
1774411200000,2158.53000000,2167.75000000,2156.83000000,2166.32000000,5251.70810000
1774414800000,2166.31000000,2179.73000000,2164.46000000,2169.03000000,15481.42010000
1774418400000,2169.03000000,2173.19000000,2163.43000000,2163.81000000,9234.86750000
1774422000000,2163.82000000,2177.49000000,2159.81000000,2164.57000000,8969.42410000
1774425600000,2164.57000000,2191.93000000,2164.57000000,2176.64000000,20328.60380000
1774429200000,2176.64000000,2188.90000000,2175.16000000,2186.64000000,8039.82340000
1774432800000,2186.64000000,2189.04000000,2181.24000000,2185.27000000,7397.76320000
1774436400000,2185.26000000,2199.02000000,2179.48000000,2186.41000000,21000.82780000
1774440000000,2186.41000000,2195.09000000,2165.02000000,2183.31000000,25113.06940000
1774443600000,2183.31000000,2198.16000000,2179.71000000,2184.37000000,17244.45830000
1774447200000,2184.38000000,2188.02000000,2173.19000000,2174.14000000,14284.22140000
1774450800000,2174.14000000,2176.90000000,2147.67000000,2162.56000000,19968.09670000
1774454400000,2162.56000000,2186.85000000,2155.93000000,2173.83000000,21914.33420000
1774458000000,2173.83000000,2176.24000000,2160.66000000,2164.10000000,8858.84430000
1774461600000,2164.10000000,2173.35000000,2157.85000000,2162.38000000,7378.69720000
1774465200000,2162.37000000,2176.38000000,2159.48000000,2172.69000000,7961.63150000
1774468800000,2172.68000000,2173.03000000,2159.42000000,2166.49000000,3973.55620000
1774472400000,2166.49000000,2169.53000000,2161.79000000,2164.04000000,3328.58220000
1774476000000,2164.05000000,2183.50000000,2161.87000000,2174.53000000,8143.88980000
1774479600000,2174.54000000,2177.14000000,2164.74000000,2169.02000000,6539.14640000
1774483200000,2169.02000000,2172.19000000,2162.53000000,2166.69000000,7373.56140000
1774486800000,2166.69000000,2169.27000000,2160.00000000,2164.84000000,5711.01590000
1774490400000,2164.83000000,2165.79000000,2144.05000000,2149.97000000,9295.54090000
1774494000000,2149.96000000,2155.56000000,2144.65000000,2153.21000000,7146.54020000
1774497600000,2153.22000000,2154.58000000,2147.90000000,2149.71000000,3871.04840000
1774501200000,2149.71000000,2150.90000000,2113.63000000,2119.55000000,22710.75010000
1774504800000,2119.54000000,2125.01000000,2112.17000000,2121.86000000,9522.14120000
1774508400000,2121.86000000,2124.78000000,2112.87000000,2123.64000000,13110.83090000
1774512000000,2123.64000000,2126.89000000,2114.22000000,2119.64000000,9646.78530000
1774515600000,2119.65000000,2121.87000000,2074.96000000,2082.64000000,35575.40260000
1774519200000,2082.63000000,2083.89000000,2072.73000000,2078.65000000,13682.07730000
1774522800000,2078.65000000,2081.41000000,2062.94000000,2068.44000000,17572.43820000
1774526400000,2068.45000000,2075.66000000,2066.12000000,2073.60000000,14899.62630000
1774530000000,2073.60000000,2093.79000000,2069.46000000,2081.22000000,22740.71800000
1774533600000,2081.22000000,2085.84000000,2067.25000000,2076.27000000,15174.39470000
1774537200000,2076.28000000,2076.72000000,2052.01000000,2070.40000000,21444.28280000
1774540800000,2070.40000000,2070.95000000,2059.94000000,2060.90000000,11049.58350000
1774544400000,2060.90000000,2070.51000000,2045.17000000,2049.41000000,26059.42460000
1774548000000,2049.41000000,2055.83000000,2034.54000000,2047.17000000,18682.79430000
1774551600000,2047.18000000,2054.00000000,2039.59000000,2049.12000000,9753.39510000
1774555200000,2049.11000000,2080.42000000,2046.54000000,2064.89000000,22015.38820000
1774558800000,2064.89000000,2077.84000000,2060.29000000,2068.37000000,8042.05500000
1774562400000,2068.38000000,2072.91000000,2054.88000000,2065.88000000,7356.96240000
1774566000000,2065.89000000,2069.60000000,2056.35000000,2060.43000000,5573.86650000
1774569600000,2060.43000000,2067.66000000,2056.80000000,2065.03000000,5963.09130000
1774573200000,2065.03000000,2074.59000000,2063.33000000,2074.20000000,6464.48240000
1774576800000,2074.20000000,2077.19000000,2067.45000000,2068.28000000,4095.90820000
1774580400000,2068.28000000,2069.20000000,2059.33000000,2061.48000000,6219.84230000
1774584000000,2061.49000000,2062.01000000,2043.49000000,2053.12000000,11778.68360000
1774587600000,2053.11000000,2066.31000000,2052.28000000,2061.20000000,5500.97360000
1774591200000,2061.20000000,2068.07000000,2058.50000000,2062.71000000,8150.63660000
1774594800000,2062.71000000,2072.36000000,2059.99000000,2066.23000000,26687.90500000
1774598400000,2066.24000000,2069.60000000,2034.33000000,2047.93000000,27583.58010000
1774602000000,2047.91000000,2051.68000000,2036.48000000,2041.08000000,9816.36890000
1774605600000,2041.08000000,2044.52000000,1986.30000000,1991.67000000,50935.00550000
1774609200000,1991.67000000,1998.44000000,1983.02000000,1991.80000000,30939.92040000
1774612800000,1991.80000000,1994.85000000,1982.19000000,1989.44000000,20580.18890000
1774616400000,1989.45000000,1997.42000000,1971.00000000,1979.22000000,27609.08710000
1774620000000,1979.22000000,1989.54000000,1970.93000000,1989.39000000,26084.86950000
1774623600000,1989.39000000,2010.45000000,1983.42000000,1991.32000000,34599.22820000
1774627200000,1991.32000000,1992.27000000,1980.25000000,1986.50000000,15765.18690000
1774630800000,1986.50000000,1997.60000000,1974.90000000,1977.27000000,13776.89500000
1774634400000,1977.28000000,1986.29000000,1974.48000000,1984.43000000,11147.81670000
1774638000000,1984.43000000,1997.73000000,1978.94000000,1991.71000000,29660.83290000
1774641600000,1991.70000000,1996.31000000,1980.00000000,1986.04000000,9603.26050000
1774645200000,1986.05000000,1991.08000000,1984.36000000,1985.73000000,3983.90700000
1774648800000,1985.74000000,1987.23000000,1981.95000000,1985.52000000,2720.86420000
1774652400000,1985.51000000,1993.85000000,1980.54000000,1992.75000000,5204.99000000
1774656000000,1992.76000000,1995.16000000,1989.68000000,1992.59000000,4009.80130000
1774659600000,1992.60000000,1992.70000000,1984.93000000,1990.43000000,7775.32140000
1774663200000,1990.43000000,1993.69000000,1983.17000000,1987.32000000,3538.71910000
1774666800000,1987.32000000,1991.25000000,1987.13000000,1989.19000000,2671.97800000
1774670400000,1989.19000000,1992.51000000,1987.30000000,1990.80000000,2365.13140000
1774674000000,1990.80000000,1994.90000000,1988.32000000,1994.23000000,3194.69280000
1774677600000,1994.22000000,2007.00000000,1993.39000000,2000.95000000,8339.43580000
1774681200000,2000.95000000,2008.35000000,2000.68000000,2007.07000000,4419.20700000
1774684800000,2007.07000000,2008.34000000,1998.26000000,1999.24000000,4158.22270000
1774688400000,1999.24000000,1999.76000000,1995.60000000,1999.52000000,5307.54260000
1774692000000,1999.51000000,2004.57000000,1992.77000000,1996.69000000,5539.46690000
1774695600000,1996.69000000,2000.56000000,1995.86000000,1997.64000000,3232.39070000
1774699200000,1997.64000000,2004.50000000,1992.25000000,1999.67000000,6475.12600000
1774702800000,1999.67000000,2047.45000000,1999.30000000,2026.40000000,30427.16410000
1774706400000,2026.39000000,2028.99000000,2016.14000000,2020.84000000,13682.39200000
1774710000000,2020.83000000,2040.26000000,2018.40000000,2026.84000000,14625.41020000
1774713600000,2026.84000000,2030.23000000,2021.68000000,2024.78000000,4889.92700000
1774717200000,2024.79000000,2027.15000000,2016.50000000,2020.84000000,4857.71360000
1774720800000,2020.84000000,2024.66000000,2020.37000000,2021.80000000,1630.64040000
1774724400000,2021.79000000,2022.81000000,2017.01000000,2020.56000000,1332.26940000
1774728000000,2020.57000000,2026.48000000,2020.56000000,2024.59000000,2446.67790000
1774731600000,2024.60000000,2025.56000000,2006.69000000,2009.61000000,5915.67100000
1774735200000,2009.61000000,2013.14000000,2005.38000000,2011.89000000,4426.19400000
1774738800000,2011.88000000,2011.88000000,1989.64000000,1994.74000000,9570.71020000
1774742400000,1994.74000000,2000.00000000,1991.52000000,1999.16000000,4042.02470000
1774746000000,1999.16000000,2007.61000000,1997.78000000,2005.08000000,4379.19520000
1774749600000,2005.09000000,2010.55000000,2002.55000000,2008.93000000,3658.55400000
1774753200000,2008.93000000,2019.65000000,2007.04000000,2011.10000000,4533.48690000
1774756800000,2011.10000000,2012.72000000,2004.23000000,2005.85000000,2975.69750000
1774760400000,2005.84000000,2007.27000000,1997.67000000,2005.31000000,3321.97470000
1774764000000,2005.31000000,2008.33000000,2000.02000000,2004.98000000,2453.59880000
1774767600000,2004.98000000,2009.91000000,2000.04000000,2006.14000000,4077.18870000
1774771200000,2006.14000000,2007.50000000,2002.66000000,2004.26000000,2585.16820000
1774774800000,2004.26000000,2005.42000000,1994.50000000,1999.21000000,5200.95490000
1774778400000,1999.20000000,1999.20000000,1991.90000000,1995.89000000,3429.43060000
1774782000000,1995.90000000,2008.16000000,1995.22000000,2003.78000000,3852.26940000
1774785600000,2003.78000000,2004.90000000,1997.82000000,2001.68000000,2722.39900000
1774789200000,2001.68000000,2002.14000000,1983.56000000,1987.09000000,9261.10000000
1774792800000,1987.09000000,2002.35000000,1983.99000000,1994.17000000,6745.96910000
1774796400000,1994.17000000,1998.98000000,1986.32000000,1992.97000000,6503.20050000
1774800000000,1992.98000000,2003.61000000,1992.03000000,1997.82000000,6490.86160000
1774803600000,1997.82000000,2000.21000000,1987.60000000,1995.10000000,4682.23000000
1774807200000,1995.11000000,2002.00000000,1991.58000000,1997.33000000,3514.96680000
1774810800000,1997.33000000,2000.11000000,1994.36000000,1995.89000000,2275.97740000
1774814400000,1995.89000000,2009.48000000,1995.84000000,2002.50000000,4264.01690000
1774818000000,2002.49000000,2007.24000000,2001.50000000,2006.51000000,2530.38630000
1774821600000,2006.51000000,2006.51000000,1938.82000000,1973.99000000,50023.81550000
1774825200000,1973.99000000,1994.67000000,1973.63000000,1984.64000000,23202.27150000
1774828800000,1984.65000000,2023.73000000,1980.28000000,1997.25000000,27492.05630000
1774832400000,1997.27000000,2016.33000000,1997.19000000,2010.43000000,9665.34390000
1774836000000,2010.44000000,2043.50000000,2007.53000000,2029.93000000,23530.75280000
1774839600000,2029.93000000,2042.07000000,2027.50000000,2035.88000000,9341.43320000
1774843200000,2035.88000000,2053.00000000,2035.88000000,2048.39000000,12455.19140000
1774846800000,2048.39000000,2058.96000000,2045.14000000,2047.84000000,16018.93970000
1774850400000,2047.84000000,2052.00000000,2041.19000000,2042.46000000,8504.23010000
1774854000000,2042.46000000,2068.28000000,2041.54000000,2059.58000000,15282.55220000
1774857600000,2059.58000000,2075.00000000,2058.15000000,2062.33000000,16805.79390000
1774861200000,2062.32000000,2063.13000000,2053.87000000,2055.16000000,7642.11110000
1774864800000,2055.16000000,2058.30000000,2048.14000000,2057.78000000,6886.66890000
1774868400000,2057.78000000,2081.65000000,2057.78000000,2071.28000000,19292.89480000
1774872000000,2071.29000000,2078.89000000,2069.07000000,2074.54000000,8194.51250000
1774875600000,2074.54000000,2085.00000000,2058.17000000,2060.92000000,19118.94690000
1774879200000,2060.93000000,2076.16000000,2044.25000000,2071.64000000,27666.57520000
1774882800000,2071.65000000,2079.92000000,2061.91000000,2074.53000000,15215.14760000
1774886400000,2074.53000000,2074.99000000,2058.95000000,2066.18000000,10790.13790000
1774890000000,2066.18000000,2072.18000000,2032.00000000,2041.80000000,21395.35070000
1774893600000,2041.79000000,2044.11000000,2028.04000000,2032.61000000,13461.82630000
1774897200000,2032.60000000,2032.65000000,2013.33000000,2023.70000000,14591.09160000
1774900800000,2023.70000000,2027.78000000,2021.14000000,2023.20000000,5851.31630000
1774904400000,2023.19000000,2049.10000000,2021.16000000,2036.00000000,14400.40680000
1774908000000,2036.00000000,2044.22000000,2029.51000000,2033.08000000,5673.41190000
1774911600000,2033.07000000,2033.07000000,2013.92000000,2026.48000000,9027.74240000
1774915200000,2026.48000000,2041.04000000,2016.29000000,2036.65000000,11575.79930000
1774918800000,2036.65000000,2092.34000000,2032.27000000,2073.00000000,37952.00650000
1774922400000,2072.99000000,2082.92000000,2067.25000000,2073.09000000,9808.77040000
1774926000000,2073.08000000,2076.61000000,2061.87000000,2066.71000000,7165.56400000
1774929600000,2066.71000000,2072.24000000,2057.06000000,2060.87000000,9767.58650000
1774933200000,2060.87000000,2069.00000000,2054.77000000,2064.31000000,6966.46140000
1774936800000,2064.32000000,2064.95000000,2055.20000000,2062.33000000,7104.48970000
1774940400000,2062.33000000,2062.91000000,2042.31000000,2055.97000000,11011.04420000
1774944000000,2055.98000000,2059.20000000,2036.03000000,2040.10000000,10274.34560000
1774947600000,2040.11000000,2044.50000000,2012.64000000,2018.37000000,22808.23730000
1774951200000,2018.37000000,2030.28000000,2017.18000000,2026.50000000,9753.18300000
1774954800000,2026.50000000,2044.51000000,2023.00000000,2041.20000000,19943.77180000
1774958400000,2041.21000000,2057.92000000,2035.02000000,2047.78000000,15267.35660000
1774962000000,2047.78000000,2079.88000000,2047.78000000,2075.37000000,20810.59270000
1774965600000,2075.37000000,2092.00000000,2037.58000000,2045.94000000,38453.85250000
1774969200000,2045.94000000,2077.81000000,2045.65000000,2054.85000000,21417.64640000
1774972800000,2054.85000000,2108.52000000,2054.29000000,2091.70000000,46551.38320000
1774976400000,2091.70000000,2124.03000000,2088.88000000,2093.36000000,50852.97730000
1774980000000,2093.35000000,2115.14000000,2093.35000000,2099.89000000,18730.76120000
1774983600000,2099.88000000,2104.00000000,2092.23000000,2096.54000000,9937.14310000
1774987200000,2096.54000000,2111.01000000,2096.32000000,2107.66000000,9394.93890000
1774990800000,2107.66000000,2109.03000000,2093.12000000,2102.63000000,9418.00370000
1774994400000,2102.64000000,2104.27000000,2088.35000000,2096.51000000,8199.16510000
1774998000000,2096.52000000,2108.66000000,2093.21000000,2105.43000000,8732.82190000
1775001600000,2105.43000000,2117.79000000,2096.89000000,2114.72000000,11320.47240000
1775005200000,2114.73000000,2115.83000000,2091.40000000,2092.95000000,10566.25320000
1775008800000,2092.94000000,2096.38000000,2082.08000000,2088.45000000,8502.67790000
1775012400000,2088.46000000,2106.88000000,2088.46000000,2102.91000000,7586.59480000
1775016000000,2102.91000000,2116.46000000,2100.35000000,2111.26000000,7709.76950000
1775019600000,2111.26000000,2137.35000000,2106.42000000,2122.67000000,20075.22300000
1775023200000,2122.67000000,2156.23000000,2122.57000000,2151.23000000,30648.66700000
1775026800000,2151.24000000,2158.00000000,2130.20000000,2131.00000000,19745.36230000
1775030400000,2131.00000000,2142.93000000,2125.00000000,2136.96000000,18385.76830000
1775034000000,2136.95000000,2140.46000000,2128.12000000,2136.39000000,13657.71920000
1775037600000,2136.40000000,2137.93000000,2126.28000000,2132.65000000,7710.01820000
1775041200000,2132.64000000,2139.37000000,2130.71000000,2135.32000000,6480.74670000
1775044800000,2135.32000000,2152.00000000,2121.95000000,2130.82000000,21417.46130000
1775048400000,2130.82000000,2135.31000000,2108.72000000,2119.28000000,28757.32990000
1775052000000,2119.27000000,2130.60000000,2114.05000000,2126.81000000,16662.65820000
1775055600000,2126.82000000,2137.72000000,2122.20000000,2135.04000000,10423.56360000
1775059200000,2135.04000000,2152.51000000,2125.00000000,2146.09000000,19652.13300000
1775062800000,2146.10000000,2167.85000000,2133.96000000,2137.21000000,28614.94980000
1775066400000,2137.21000000,2137.87000000,2123.58000000,2129.23000000,14904.40130000
1775070000000,2129.23000000,2145.48000000,2128.00000000,2141.43000000,11467.58250000
1775073600000,2141.43000000,2147.67000000,2130.70000000,2143.92000000,8588.37050000
1775077200000,2143.92000000,2165.42000000,2143.32000000,2156.89000000,33515.88500000
1775080800000,2156.89000000,2158.80000000,2137.40000000,2139.95000000,36336.01720000
1775084400000,2139.96000000,2146.00000000,2135.50000000,2140.35000000,6497.75310000
1775088000000,2140.35000000,2159.37000000,2136.09000000,2156.14000000,12242.36500000
1775091600000,2156.14000000,2156.15000000,2090.00000000,2100.03000000,50106.95330000
1775095200000,2100.02000000,2100.02000000,2065.00000000,2073.89000000,25331.82900000
1775098800000,2073.90000000,2076.67000000,2046.48000000,2056.33000000,21103.37200000
1775102400000,2056.33000000,2058.45000000,2041.77000000,2044.56000000,12765.22090000
1775106000000,2044.57000000,2051.38000000,2038.63000000,2050.21000000,11421.89620000
1775109600000,2050.21000000,2053.71000000,2045.56000000,2050.09000000,11368.96200000
1775113200000,2050.09000000,2056.76000000,2044.29000000,2056.09000000,10318.06670000
1775116800000,2056.09000000,2056.09000000,2045.36000000,2046.29000000,7587.72130000
1775120400000,2046.30000000,2048.14000000,2039.27000000,2044.00000000,9339.01910000
1775124000000,2044.00000000,2045.05000000,2032.54000000,2038.79000000,9437.27180000
1775127600000,2038.80000000,2040.28000000,2024.73000000,2033.01000000,8412.95950000
1775131200000,2033.02000000,2034.03000000,2024.42000000,2026.98000000,11287.82090000
1775134800000,2026.98000000,2041.02000000,2017.04000000,2038.81000000,21851.06010000
1775138400000,2038.81000000,2072.22000000,2032.99000000,2063.82000000,38683.36190000
1775142000000,2063.82000000,2067.89000000,2048.60000000,2059.60000000,16999.30520000
1775145600000,2059.59000000,2077.64000000,2052.52000000,2063.31000000,19595.73820000
1775149200000,2063.32000000,2072.00000000,2044.50000000,2047.23000000,11148.01910000
1775152800000,2047.22000000,2063.00000000,2043.65000000,2058.32000000,8327.31950000
1775156400000,2058.33000000,2066.66000000,2054.97000000,2065.34000000,5853.87400000
1775160000000,2065.35000000,2074.16000000,2061.06000000,2068.19000000,7110.08450000
1775163600000,2068.20000000,2070.46000000,2056.11000000,2062.98000000,6195.64460000
1775167200000,2062.99000000,2064.94000000,2053.54000000,2060.03000000,5345.38700000
1775170800000,2060.04000000,2061.89000000,2054.00000000,2057.17000000,5039.58050000
1775174400000,2057.18000000,2059.63000000,2050.04000000,2053.01000000,3658.55800000
1775178000000,2053.01000000,2062.49000000,2045.40000000,2050.61000000,5957.67940000
1775181600000,2050.61000000,2059.73000000,2040.66000000,2052.48000000,13641.76470000
1775185200000,2052.47000000,2057.22000000,2050.08000000,2054.23000000,4604.57880000
1775188800000,2054.22000000,2057.80000000,2048.89000000,2054.53000000,3535.10920000
1775192400000,2054.52000000,2064.58000000,2047.35000000,2057.12000000,6946.45330000
1775196000000,2057.12000000,2066.61000000,2054.98000000,2063.66000000,6719.28570000
1775199600000,2063.66000000,2075.17000000,2062.20000000,2065.85000000,7270.40930000
1775203200000,2065.84000000,2072.00000000,2058.89000000,2060.96000000,9649.38930000
1775206800000,2060.97000000,2064.06000000,2057.03000000,2061.35000000,4821.55710000
1775210400000,2061.35000000,2061.35000000,2053.46000000,2059.90000000,4051.99020000
1775214000000,2059.91000000,2064.76000000,2057.94000000,2062.64000000,2874.69160000
1775217600000,2062.64000000,2081.76000000,2045.08000000,2049.84000000,15335.52970000
1775221200000,2049.85000000,2051.18000000,2041.65000000,2048.17000000,7950.33940000
1775224800000,2048.17000000,2057.12000000,2045.32000000,2054.59000000,6038.13700000
1775228400000,2054.59000000,2057.77000000,2049.34000000,2051.26000000,5407.96890000
1775232000000,2051.26000000,2056.54000000,2049.84000000,2054.70000000,4063.95950000
1775235600000,2054.70000000,2055.40000000,2043.78000000,2050.36000000,4212.25810000
1775239200000,2050.36000000,2053.34000000,2048.06000000,2049.26000000,1876.58410000
1775242800000,2049.26000000,2054.11000000,2045.21000000,2052.68000000,2549.04120000
1775246400000,2052.69000000,2055.00000000,2052.00000000,2052.75000000,2868.28060000
1775250000000,2052.75000000,2060.92000000,2052.67000000,2058.42000000,4888.68920000
1775253600000,2058.41000000,2059.72000000,2049.58000000,2051.79000000,3624.05700000
1775257200000,2051.80000000,2054.10000000,2049.23000000,2053.83000000,3720.32800000
1775260800000,2053.83000000,2053.86000000,2051.50000000,2052.26000000,1675.19230000
1775264400000,2052.26000000,2053.80000000,2049.57000000,2051.27000000,1681.62410000
1775268000000,2051.27000000,2053.30000000,2047.92000000,2050.13000000,2584.52020000
1775271600000,2050.13000000,2052.08000000,2049.77000000,2050.05000000,1091.46060000
1775275200000,2050.05000000,2051.62000000,2048.41000000,2051.21000000,1310.63560000
1775278800000,2051.21000000,2054.89000000,2050.38000000,2053.79000000,1818.13010000
1775282400000,2053.79000000,2058.00000000,2052.81000000,2056.46000000,3204.66630000
1775286000000,2056.46000000,2057.37000000,2051.60000000,2053.82000000,2841.94820000
1775289600000,2053.82000000,2055.44000000,2049.84000000,2050.57000000,2363.45390000
1775293200000,2050.57000000,2051.90000000,2049.42000000,2050.43000000,2862.97010000
1775296800000,2050.43000000,2054.92000000,2047.89000000,2054.32000000,3612.05800000
1775300400000,2054.32000000,2055.03000000,2051.30000000,2051.84000000,2783.26120000
1775304000000,2051.84000000,2053.17000000,2048.26000000,2050.15000000,2573.99120000
1775307600000,2050.15000000,2055.00000000,2050.00000000,2053.59000000,6453.81020000
1775311200000,2053.58000000,2054.68000000,2044.63000000,2053.10000000,4750.00240000
1775314800000,2053.10000000,2062.02000000,2052.35000000,2056.29000000,7667.36070000
1775318400000,2056.29000000,2062.10000000,2053.38000000,2055.75000000,4189.81730000
1775322000000,2055.75000000,2058.29000000,2053.07000000,2056.98000000,2934.07250000
1775325600000,2056.98000000,2058.34000000,2055.01000000,2055.15000000,1692.27540000
1775329200000,2055.15000000,2084.00000000,2055.14000000,2064.71000000,16701.05270000
1775332800000,2064.71000000,2064.89000000,2059.60000000,2062.81000000,3522.60880000
1775336400000,2062.80000000,2071.75000000,2062.63000000,2068.83000000,3423.69330000
1775340000000,2068.84000000,2072.15000000,2067.99000000,2069.14000000,2168.20040000
1775343600000,2069.14000000,2069.24000000,2062.64000000,2065.52000000,2597.63510000
1775347200000,2065.51000000,2065.63000000,2060.33000000,2062.10000000,1941.35680000
1775350800000,2062.10000000,2062.46000000,2057.17000000,2057.37000000,2413.27580000
1775354400000,2057.37000000,2059.91000000,2054.15000000,2059.86000000,2686.18000000
1775358000000,2059.86000000,2060.55000000,2055.37000000,2056.64000000,1326.44160000
1775361600000,2056.64000000,2058.09000000,2054.11000000,2055.16000000,1157.13560000
1775365200000,2055.16000000,2056.83000000,2047.21000000,2048.60000000,4342.69950000
1775368800000,2048.60000000,2048.93000000,2027.75000000,2038.32000000,11035.04620000
1775372400000,2038.32000000,2042.59000000,2034.48000000,2037.29000000,3661.49890000
1775376000000,2037.29000000,2039.94000000,2035.91000000,2039.16000000,1960.87700000
1775379600000,2039.17000000,2046.00000000,2038.87000000,2044.42000000,2359.04320000
1775383200000,2044.41000000,2052.53000000,2042.44000000,2044.74000000,3003.58780000
1775386800000,2044.74000000,2045.83000000,2040.52000000,2042.32000000,1592.54270000
1775390400000,2042.31000000,2042.31000000,2021.50000000,2028.36000000,9845.98310000
1775394000000,2028.37000000,2037.75000000,2025.71000000,2036.63000000,4872.83930000
1775397600000,2036.63000000,2043.32000000,2035.19000000,2038.49000000,5390.77830000
1775401200000,2038.49000000,2069.89000000,2034.58000000,2053.85000000,17245.05400000
1775404800000,2053.85000000,2059.30000000,2050.29000000,2052.15000000,4008.31590000
1775408400000,2052.15000000,2062.54000000,2048.69000000,2062.53000000,7871.23740000
1775412000000,2062.54000000,2066.60000000,2057.10000000,2062.99000000,4214.35470000
1775415600000,2062.99000000,2069.95000000,2058.25000000,2062.37000000,5296.46340000
1775419200000,2062.38000000,2075.11000000,2062.00000000,2068.91000000,6169.08520000
1775422800000,2068.90000000,2069.12000000,2056.73000000,2060.01000000,6449.90690000
1775426400000,2060.01000000,2088.00000000,2050.00000000,2085.79000000,16148.68820000
1775430000000,2085.78000000,2123.49000000,2082.35000000,2110.17000000,32360.92840000
1775433600000,2110.17000000,2135.39000000,2110.17000000,2121.99000000,21652.17800000
1775437200000,2122.00000000,2124.53000000,2112.48000000,2115.12000000,12502.56810000
1775440800000,2115.11000000,2147.24000000,2114.59000000,2133.59000000,22030.86130000
1775444400000,2133.59000000,2137.27000000,2126.59000000,2129.35000000,9676.80700000
1775448000000,2129.35000000,2134.77000000,2125.12000000,2131.06000000,9092.35700000
1775451600000,2131.06000000,2134.62000000,2128.42000000,2131.29000000,5374.91360000
1775455200000,2131.29000000,2139.00000000,2120.04000000,2127.53000000,13310.85250000
1775458800000,2127.53000000,2141.00000000,2122.83000000,2134.90000000,12354.03520000
1775462400000,2134.91000000,2147.95000000,2133.42000000,2138.48000000,11262.78560000
1775466000000,2138.48000000,2174.79000000,2138.47000000,2150.97000000,36268.14460000
1775469600000,2150.97000000,2157.50000000,2149.36000000,2153.27000000,9506.30970000
1775473200000,2153.27000000,2153.70000000,2146.61000000,2151.53000000,7937.84890000
1775476800000,2151.53000000,2154.52000000,2142.31000000,2143.59000000,9671.60990000
1775480400000,2143.59000000,2149.41000000,2137.91000000,2145.99000000,15191.19110000
1775484000000,2146.00000000,2165.74000000,2137.76000000,2156.71000000,33151.51140000
1775487600000,2156.72000000,2169.60000000,2155.50000000,2164.65000000,17897.00080000
1775491200000,2164.65000000,2168.72000000,2140.45000000,2140.62000000,16868.23490000
1775494800000,2140.62000000,2141.00000000,2123.60000000,2134.95000000,22223.35520000
1775498400000,2134.96000000,2148.51000000,2131.60000000,2144.84000000,9169.63970000
1775502000000,2144.84000000,2145.94000000,2135.94000000,2144.25000000,8437.46770000
1775505600000,2144.25000000,2155.06000000,2140.45000000,2148.81000000,5786.15480000
1775509200000,2148.80000000,2148.80000000,2137.73000000,2139.54000000,4290.07620000
1775512800000,2139.54000000,2140.95000000,2105.41000000,2105.41000000,16021.25980000
1775516400000,2105.41000000,2110.39000000,2087.50000000,2107.16000000,26377.12640000
1775520000000,2107.16000000,2120.14000000,2105.63000000,2112.66000000,12222.89260000
1775523600000,2112.66000000,2120.10000000,2097.30000000,2099.51000000,11345.21910000
1775527200000,2099.51000000,2111.63000000,2093.64000000,2106.84000000,8048.49420000
1775530800000,2106.84000000,2109.89000000,2103.77000000,2108.37000000,3191.62870000
1775534400000,2108.37000000,2119.21000000,2103.68000000,2114.22000000,5021.83240000
1775538000000,2114.23000000,2114.61000000,2103.73000000,2105.52000000,4524.17730000
1775541600000,2105.53000000,2106.58000000,2096.69000000,2104.25000000,7241.37610000
1775545200000,2104.26000000,2106.29000000,2098.90000000,2104.04000000,7285.99350000
1775548800000,2104.03000000,2117.37000000,2103.29000000,2114.84000000,8502.54800000
1775552400000,2114.85000000,2133.83000000,2114.13000000,2128.26000000,12479.30510000
1775556000000,2128.26000000,2131.38000000,2085.79000000,2089.32000000,18999.82530000
1775559600000,2089.31000000,2094.03000000,2082.35000000,2089.58000000,12699.79880000
1775563200000,2089.58000000,2093.17000000,2074.09000000,2086.99000000,19553.83140000
1775566800000,2086.99000000,2093.17000000,2074.50000000,2074.97000000,13582.91740000
1775570400000,2074.98000000,2081.46000000,2060.24000000,2069.44000000,25857.80800000
1775574000000,2069.44000000,2083.75000000,2064.76000000,2080.06000000,17554.40560000
1775577600000,2080.07000000,2090.14000000,2077.52000000,2083.76000000,10529.98940000
1775581200000,2083.75000000,2115.17000000,2079.80000000,2099.50000000,16296.70870000
1775584800000,2099.49000000,2101.39000000,2082.43000000,2086.30000000,7595.35850000
1775588400000,2086.29000000,2116.65000000,2084.04000000,2113.39000000,20780.07570000
1775592000000,2113.39000000,2125.59000000,2110.68000000,2115.53000000,14390.75850000
1775595600000,2115.52000000,2153.00000000,2115.52000000,2145.04000000,30017.52650000
1775599200000,2145.05000000,2219.88000000,2145.05000000,2219.77000000,80299.78260000
1775602800000,2219.78000000,2273.87000000,2215.73000000,2240.01000000,92072.55590000
1775606400000,2240.01000000,2251.39000000,2228.24000000,2236.08000000,30356.80400000
1775610000000,2236.09000000,2242.77000000,2230.45000000,2234.06000000,13860.13810000
1775613600000,2234.07000000,2247.42000000,2230.76000000,2237.28000000,18487.90760000
1775617200000,2237.28000000,2239.46000000,2232.00000000,2234.68000000,8578.47720000
1775620800000,2234.68000000,2252.50000000,2234.68000000,2240.77000000,17282.87550000
1775624400000,2240.76000000,2245.10000000,2238.30000000,2240.70000000,8255.30090000
1775628000000,2240.70000000,2253.86000000,2235.49000000,2246.01000000,15941.32220000
1775631600000,2246.01000000,2260.76000000,2244.63000000,2253.76000000,18276.51120000
1775635200000,2253.76000000,2259.51000000,2250.44000000,2256.48000000,13992.25590000
1775638800000,2256.47000000,2263.35000000,2245.99000000,2249.59000000,19365.39090000
1775642400000,2249.59000000,2253.86000000,2242.39000000,2242.67000000,7002.82620000
1775646000000,2242.66000000,2254.72000000,2237.12000000,2247.23000000,11966.13720000
1775649600000,2247.23000000,2259.33000000,2242.67000000,2255.88000000,15657.04210000
1775653200000,2255.88000000,2270.55000000,2231.58000000,2236.06000000,38245.61580000
1775656800000,2236.05000000,2240.94000000,2186.61000000,2195.22000000,55465.70110000
1775660400000,2195.23000000,2218.35000000,2193.46000000,2215.45000000,20114.67240000
1775664000000,2215.44000000,2225.41000000,2211.23000000,2220.76000000,13088.31140000
1775667600000,2220.77000000,2239.50000000,2213.03000000,2231.88000000,14675.70310000
1775671200000,2231.87000000,2232.65000000,2199.32000000,2201.41000000,15484.30270000
1775674800000,2201.40000000,2211.74000000,2197.70000000,2211.04000000,10287.99080000
1775678400000,2211.03000000,2216.66000000,2205.84000000,2209.81000000,5117.01710000
1775682000000,2209.81000000,2222.55000000,2207.90000000,2214.53000000,7141.00160000
1775685600000,2214.54000000,2215.15000000,2186.97000000,2189.87000000,12489.34560000
1775689200000,2189.86000000,2193.95000000,2179.78000000,2190.00000000,13584.98150000
1775692800000,2190.00000000,2193.79000000,2179.30000000,2183.03000000,9626.20870000
1775696400000,2183.03000000,2185.27000000,2162.00000000,2178.69000000,15127.91650000
1775700000000,2178.68000000,2185.50000000,2174.01000000,2181.69000000,5982.58380000
1775703600000,2181.69000000,2183.98000000,2175.60000000,2182.49000000,4172.26350000
1775707200000,2182.49000000,2182.49000000,2176.42000000,2177.64000000,4180.20730000
1775710800000,2177.64000000,2188.99000000,2175.60000000,2182.17000000,7702.85290000
1775714400000,2182.18000000,2186.13000000,2175.60000000,2181.51000000,4273.85140000
1775718000000,2181.52000000,2185.78000000,2180.02000000,2181.14000000,8099.17890000
1775721600000,2181.14000000,2190.72000000,2176.37000000,2186.37000000,8257.82560000
1775725200000,2186.36000000,2197.70000000,2179.72000000,2194.14000000,8927.17600000
1775728800000,2194.13000000,2196.22000000,2188.08000000,2190.70000000,8945.76650000
1775732400000,2190.69000000,2193.13000000,2178.31000000,2180.26000000,7213.81480000
1775736000000,2180.26000000,2186.98000000,2174.27000000,2183.34000000,9640.07170000
1775739600000,2183.33000000,2186.54000000,2158.19000000,2165.22000000,16119.36720000
1775743200000,2165.23000000,2182.19000000,2157.31000000,2177.63000000,13247.79700000
1775746800000,2177.64000000,2225.00000000,2169.51000000,2217.99000000,37016.12470000
1775750400000,2218.00000000,2229.40000000,2193.00000000,2208.33000000,19736.85310000
1775754000000,2208.33000000,2225.47000000,2206.43000000,2222.75000000,16732.24960000
1775757600000,2222.75000000,2223.69000000,2200.64000000,2206.86000000,9466.94000000
1775761200000,2206.86000000,2224.52000000,2204.39000000,2216.42000000,11262.99730000
1775764800000,2216.42000000,2222.00000000,2210.31000000,2213.08000000,9292.94520000
1775768400000,2213.08000000,2226.34000000,2207.54000000,2210.78000000,7702.12430000
1775772000000,2210.79000000,2246.00000000,2197.50000000,2197.69000000,20803.39170000
1775775600000,2197.69000000,2201.09000000,2183.33000000,2190.20000000,11787.44260000
1775779200000,2190.17000000,2197.39000000,2181.95000000,2195.17000000,8145.10580000
1775782800000,2195.17000000,2204.10000000,2176.10000000,2194.70000000,12958.41220000
1775786400000,2194.69000000,2198.62000000,2187.01000000,2189.12000000,5478.44370000
1775790000000,2189.11000000,2192.38000000,2182.68000000,2186.06000000,6591.33300000
1775793600000,2186.05000000,2199.34000000,2185.95000000,2195.71000000,8449.68040000
1775797200000,2195.71000000,2203.11000000,2192.49000000,2196.90000000,6931.58700000
1775800800000,2196.91000000,2198.44000000,2184.00000000,2186.20000000,7494.44170000
1775804400000,2186.21000000,2188.57000000,2176.40000000,2179.28000000,8738.28840000
1775808000000,2179.27000000,2190.11000000,2177.13000000,2185.86000000,7505.45620000
1775811600000,2185.85000000,2197.58000000,2185.83000000,2196.03000000,7897.33550000
1775815200000,2196.04000000,2198.29000000,2190.66000000,2197.24000000,5030.08780000
1775818800000,2197.25000000,2224.28000000,2197.22000000,2215.65000000,27238.35390000
1775822400000,2215.66000000,2228.51000000,2208.18000000,2218.90000000,21377.24330000
1775826000000,2218.90000000,2225.51000000,2208.40000000,2223.08000000,13705.71940000
1775829600000,2223.08000000,2254.27000000,2220.43000000,2242.76000000,39205.51950000
1775833200000,2242.76000000,2257.99000000,2220.36000000,2224.27000000,21462.26550000
1775836800000,2224.28000000,2247.42000000,2221.46000000,2245.36000000,14371.20530000
1775840400000,2245.37000000,2249.45000000,2239.29000000,2248.42000000,8726.55750000
1775844000000,2248.41000000,2251.90000000,2239.06000000,2249.33000000,8296.79030000
1775847600000,2249.32000000,2256.00000000,2243.52000000,2253.17000000,6307.86920000
1775851200000,2253.17000000,2257.14000000,2243.03000000,2255.33000000,10016.34720000
1775854800000,2255.33000000,2255.68000000,2242.34000000,2254.87000000,6229.95270000
1775858400000,2254.88000000,2255.49000000,2235.41000000,2242.24000000,7568.27120000
1775862000000,2242.25000000,2245.66000000,2239.31000000,2245.05000000,3172.81910000
1775865600000,2245.06000000,2245.06000000,2235.92000000,2238.77000000,5000.16180000
1775869200000,2238.77000000,2246.50000000,2234.81000000,2244.20000000,5117.03790000
1775872800000,2244.20000000,2252.15000000,2242.20000000,2248.19000000,4262.15070000
1775876400000,2248.19000000,2250.78000000,2235.77000000,2237.17000000,4975.75540000
1775880000000,2237.18000000,2242.93000000,2235.45000000,2240.97000000,5020.10240000
1775883600000,2240.98000000,2241.71000000,2229.00000000,2232.79000000,8378.00910000
1775887200000,2232.79000000,2236.73000000,2229.62000000,2235.66000000,5777.13980000
1775890800000,2235.68000000,2236.51000000,2230.58000000,2232.60000000,3302.08890000
1775894400000,2232.60000000,2235.43000000,2232.14000000,2232.90000000,4658.76290000
1775898000000,2232.89000000,2249.31000000,2232.24000000,2243.83000000,10245.69740000
1775901600000,2243.84000000,2245.12000000,2237.70000000,2240.46000000,3647.15280000
1775905200000,2240.42000000,2247.00000000,2238.67000000,2246.11000000,4110.21450000
1775908800000,2246.12000000,2246.71000000,2241.16000000,2245.50000000,2702.35590000
1775912400000,2245.49000000,2245.50000000,2233.72000000,2239.76000000,6483.54400000
1775916000000,2239.75000000,2244.10000000,2238.39000000,2242.10000000,2755.41280000
1775919600000,2242.10000000,2256.11000000,2241.39000000,2249.54000000,7055.52610000
1775923200000,2249.54000000,2274.42000000,2246.53000000,2258.68000000,12794.99990000
1775926800000,2258.68000000,2265.49000000,2253.87000000,2260.01000000,7292.93730000
1775930400000,2260.01000000,2311.53000000,2257.34000000,2305.44000000,37997.90820000
1775934000000,2305.43000000,2329.93000000,2305.31000000,2315.96000000,31171.26320000
1775937600000,2315.96000000,2317.14000000,2288.32000000,2298.32000000,18271.89490000
1775941200000,2298.32000000,2304.13000000,2292.35000000,2299.36000000,7471.70000000
1775944800000,2299.35000000,2308.00000000,2289.03000000,2296.88000000,7556.80340000
1775948400000,2296.89000000,2296.89000000,2276.47000000,2284.99000000,8736.78460000
1775952000000,2285.00000000,2288.24000000,2273.00000000,2285.72000000,11950.96320000
1775955600000,2285.72000000,2288.57000000,2209.14000000,2219.05000000,47252.79350000
1775959200000,2219.05000000,2234.35000000,2207.06000000,2223.43000000,16377.12740000
1775962800000,2223.42000000,2227.15000000,2211.99000000,2213.71000000,15756.57710000
1775966400000,2213.70000000,2216.50000000,2209.08000000,2212.16000000,11540.83920000
1775970000000,2212.17000000,2219.96000000,2208.32000000,2217.28000000,7916.32330000
1775973600000,2217.28000000,2220.87000000,2214.71000000,2216.07000000,3635.76620000
1775977200000,2216.08000000,2220.48000000,2212.20000000,2218.02000000,4551.11700000
1775980800000,2218.02000000,2219.04000000,2211.92000000,2214.00000000,5164.47800000
1775984400000,2214.00000000,2216.08000000,2211.44000000,2214.19000000,5214.32020000
1775988000000,2214.20000000,2217.24000000,2194.32000000,2201.66000000,10789.86510000
1775991600000,2201.65000000,2207.41000000,2197.54000000,2204.62000000,5559.10000000
1775995200000,2204.62000000,2208.22000000,2188.00000000,2194.76000000,12882.00710000
1775998800000,2194.76000000,2199.17000000,2185.17000000,2186.98000000,15286.36970000
1776002400000,2186.98000000,2193.53000000,2178.69000000,2180.86000000,16800.01450000
1776006000000,2180.88000000,2188.89000000,2175.00000000,2186.47000000,8622.28980000
1776009600000,2186.47000000,2190.43000000,2183.09000000,2187.09000000,4674.39270000
1776013200000,2187.09000000,2205.00000000,2187.09000000,2203.17000000,7545.51780000
1776016800000,2203.18000000,2207.23000000,2199.56000000,2200.60000000,5588.70320000
1776020400000,2200.60000000,2205.20000000,2197.40000000,2198.27000000,3607.89640000
1776024000000,2198.27000000,2218.13000000,2193.34000000,2213.53000000,8794.32350000
1776027600000,2213.54000000,2217.71000000,2205.19000000,2211.24000000,4865.70700000
1776031200000,2211.24000000,2211.26000000,2183.99000000,2199.37000000,16989.26680000
1776034800000,2199.36000000,2199.36000000,2186.35000000,2191.65000000,6791.12340000
1776038400000,2191.64000000,2208.32000000,2187.20000000,2205.18000000,10357.55720000
1776042000000,2205.18000000,2209.05000000,2200.55000000,2203.69000000,5431.06290000
1776045600000,2203.68000000,2205.84000000,2192.49000000,2194.22000000,5454.46070000
1776049200000,2194.23000000,2195.80000000,2190.10000000,2194.36000000,5212.39770000
1776052800000,2194.36000000,2199.14000000,2187.58000000,2190.26000000,4948.90150000
1776056400000,2190.25000000,2191.35000000,2182.22000000,2191.34000000,7155.08990000
1776060000000,2191.34000000,2201.45000000,2190.32000000,2198.49000000,11369.65340000
1776063600000,2198.49000000,2199.76000000,2183.11000000,2186.56000000,9718.11810000
1776067200000,2186.57000000,2189.65000000,2180.00000000,2185.28000000,7895.18990000
1776070800000,2185.28000000,2195.34000000,2185.28000000,2188.08000000,3884.42260000
1776074400000,2188.08000000,2188.78000000,2179.00000000,2183.41000000,4548.17630000
1776078000000,2183.41000000,2190.96000000,2182.45000000,2187.33000000,4289.76660000
1776081600000,2187.33000000,2200.00000000,2175.68000000,2192.25000000,16772.63370000
1776085200000,2192.30000000,2215.62000000,2181.40000000,2215.47000000,30435.37990000
1776088800000,2215.46000000,2235.03000000,2203.45000000,2234.18000000,31071.83240000
1776092400000,2234.18000000,2236.43000000,2199.52000000,2209.28000000,25979.51650000
1776096000000,2209.28000000,2234.62000000,2200.00000000,2225.86000000,16260.31530000
1776099600000,2225.85000000,2242.90000000,2222.50000000,2225.13000000,12050.67550000
1776103200000,2225.12000000,2233.63000000,2218.53000000,2232.23000000,6657.79520000
1776106800000,2232.22000000,2268.88000000,2227.72000000,2262.33000000,29841.87280000
1776110400000,2262.33000000,2263.48000000,2247.50000000,2252.49000000,14180.55200000
1776114000000,2252.49000000,2266.66000000,2249.62000000,2260.07000000,8155.70340000
1776117600000,2260.07000000,2363.94000000,2259.81000000,2352.74000000,95874.80420000
1776121200000,2352.74000000,2394.71000000,2341.53000000,2369.46000000,86324.95150000
1776124800000,2369.46000000,2375.90000000,2359.55000000,2361.00000000,27078.10450000
1776128400000,2361.01000000,2373.42000000,2354.60000000,2368.70000000,21849.82710000
1776132000000,2368.70000000,2378.06000000,2366.22000000,2367.62000000,14924.98640000
1776135600000,2367.62000000,2370.53000000,2361.55000000,2365.50000000,10579.93450000
1776139200000,2365.50000000,2368.38000000,2361.81000000,2364.33000000,7975.39350000
1776142800000,2364.34000000,2369.55000000,2354.76000000,2355.49000000,15577.02300000
1776146400000,2355.49000000,2376.68000000,2355.49000000,2373.08000000,13857.34490000
1776150000000,2373.08000000,2389.99000000,2370.59000000,2377.91000000,26446.35960000
1776153600000,2377.92000000,2396.03000000,2374.04000000,2387.61000000,24928.21010000
1776157200000,2387.62000000,2394.73000000,2382.82000000,2387.14000000,13416.58330000
1776160800000,2387.14000000,2387.85000000,2373.00000000,2375.08000000,13047.61410000
1776164400000,2375.08000000,2377.91000000,2367.61000000,2374.53000000,14778.91880000
1776168000000,2374.54000000,2377.74000000,2368.56000000,2373.94000000,12278.35950000
1776171600000,2373.95000000,2395.97000000,2372.67000000,2391.50000000,37056.20130000
1776175200000,2391.51000000,2415.50000000,2352.59000000,2353.05000000,64481.53430000
1776178800000,2353.05000000,2372.12000000,2332.72000000,2364.63000000,41191.30330000
1776182400000,2364.62000000,2371.48000000,2329.56000000,2334.00000000,20715.85340000
1776186000000,2334.00000000,2345.49000000,2323.66000000,2338.37000000,14195.98390000
1776189600000,2338.37000000,2344.69000000,2309.28000000,2313.89000000,22655.02830000
1776193200000,2313.89000000,2322.73000000,2302.90000000,2313.32000000,15604.02320000
1776196800000,2313.32000000,2322.73000000,2308.53000000,2315.10000000,6539.07350000
1776200400000,2315.10000000,2326.21000000,2314.87000000,2323.72000000,6233.43850000
1776204000000,2323.72000000,2332.35000000,2311.75000000,2314.99000000,9731.04970000
1776207600000,2314.99000000,2326.65000000,2314.32000000,2322.44000000,4965.23540000
1776211200000,2322.44000000,2342.76000000,2321.63000000,2333.81000000,10921.30590000
1776214800000,2333.80000000,2342.60000000,2331.18000000,2335.66000000,7454.84210000
1776218400000,2335.66000000,2338.02000000,2317.56000000,2324.77000000,6851.78010000
1776222000000,2324.78000000,2329.39000000,2320.57000000,2328.81000000,3673.61850000
1776225600000,2328.82000000,2334.70000000,2328.00000000,2333.44000000,4920.32180000
1776229200000,2333.43000000,2338.23000000,2314.00000000,2319.45000000,8570.87570000
1776232800000,2319.44000000,2321.02000000,2314.99000000,2317.37000000,6070.70590000
1776236400000,2317.37000000,2323.53000000,2308.50000000,2316.62000000,11943.64050000
1776240000000,2316.62000000,2333.00000000,2314.07000000,2327.40000000,16606.89010000
1776243600000,2327.40000000,2329.62000000,2318.47000000,2319.95000000,4819.84860000
1776247200000,2319.95000000,2328.52000000,2312.15000000,2316.64000000,7926.80660000
1776250800000,2316.65000000,2339.42000000,2316.65000000,2337.43000000,10421.23820000
1776254400000,2337.42000000,2340.00000000,2329.66000000,2332.98000000,8755.66660000
1776258000000,2332.97000000,2334.76000000,2317.54000000,2326.94000000,11829.02490000
1776261600000,2326.93000000,2344.88000000,2321.94000000,2338.40000000,16587.65340000
1776265200000,2338.41000000,2349.46000000,2320.77000000,2332.04000000,18184.49270000
1776268800000,2332.03000000,2349.87000000,2329.10000000,2341.48000000,11622.97010000
1776272400000,2341.48000000,2358.82000000,2339.65000000,2348.66000000,16815.81820000
1776276000000,2348.66000000,2359.96000000,2346.34000000,2358.66000000,10732.06480000
1776279600000,2358.66000000,2385.61000000,2357.37000000,2375.05000000,20867.75120000
1776283200000,2375.05000000,2376.31000000,2353.72000000,2362.95000000,11389.33600000
1776286800000,2362.95000000,2363.50000000,2348.58000000,2361.30000000,9619.64810000
1776290400000,2361.29000000,2380.45000000,2360.33000000,2363.45000000,17952.23430000
1776294000000,2363.46000000,2363.46000000,2349.60000000,2359.95000000,13652.10340000
1776297600000,2359.94000000,2363.54000000,2349.93000000,2360.58000000,5089.60250000
1776301200000,2360.58000000,2360.58000000,2345.04000000,2352.06000000,5778.73420000
1776304800000,2352.06000000,2369.59000000,2350.01000000,2356.68000000,8626.07750000
1776308400000,2356.67000000,2365.88000000,2355.91000000,2357.86000000,4878.30620000
1776312000000,2357.85000000,2364.00000000,2348.38000000,2354.13000000,6478.98310000
1776315600000,2354.14000000,2361.79000000,2349.59000000,2356.86000000,7640.46110000
1776319200000,2356.86000000,2360.57000000,2349.77000000,2356.01000000,6083.57090000
1776322800000,2356.02000000,2357.56000000,2335.72000000,2341.52000000,12827.09050000
1776326400000,2341.52000000,2345.98000000,2334.65000000,2339.11000000,9100.11260000
1776330000000,2339.12000000,2348.40000000,2337.79000000,2338.09000000,10880.17820000
1776333600000,2338.09000000,2340.21000000,2328.64000000,2332.42000000,12442.87260000
1776337200000,2332.42000000,2336.26000000,2329.80000000,2335.67000000,6294.78180000
1776340800000,2335.68000000,2349.45000000,2334.99000000,2340.44000000,8984.21950000
1776344400000,2340.44000000,2351.80000000,2290.57000000,2308.29000000,42907.13490000
1776348000000,2308.28000000,2316.34000000,2285.10000000,2309.97000000,39904.12630000
1776351600000,2309.96000000,2349.84000000,2308.50000000,2339.01000000,30320.21110000
1776355200000,2339.01000000,2348.69000000,2309.96000000,2316.76000000,22375.27140000
1776358800000,2316.77000000,2329.48000000,2310.00000000,2325.79000000,11322.73430000
1776362400000,2325.80000000,2346.66000000,2320.40000000,2343.10000000,19719.01570000
1776366000000,2343.11000000,2361.96000000,2334.66000000,2359.70000000,19102.82170000
1776369600000,2359.69000000,2364.68000000,2341.51000000,2350.23000000,17899.25980000
1776373200000,2350.23000000,2356.53000000,2336.25000000,2341.17000000,7555.30100000
1776376800000,2341.18000000,2350.56000000,2339.30000000,2342.60000000,7404.24630000
1776380400000,2342.59000000,2355.00000000,2341.61000000,2348.17000000,5345.82450000
1776384000000,2348.16000000,2350.90000000,2341.00000000,2344.40000000,5096.95850000
1776387600000,2344.39000000,2349.00000000,2327.34000000,2335.38000000,9065.63510000
1776391200000,2335.37000000,2338.74000000,2324.93000000,2331.75000000,3963.81430000
1776394800000,2331.75000000,2331.77000000,2323.83000000,2325.52000000,3875.57350000
1776398400000,2325.53000000,2333.73000000,2324.21000000,2328.96000000,3921.16270000
1776402000000,2328.96000000,2329.36000000,2317.43000000,2319.29000000,10909.57990000
1776405600000,2319.29000000,2332.40000000,2317.49000000,2331.09000000,8766.87310000
1776409200000,2331.10000000,2342.02000000,2330.09000000,2334.16000000,7881.14810000
1776412800000,2334.15000000,2359.27000000,2332.98000000,2354.87000000,14930.48640000
1776416400000,2354.87000000,2377.00000000,2348.28000000,2359.10000000,22969.89450000
1776420000000,2359.10000000,2361.10000000,2336.45000000,2344.01000000,18019.50180000
1776423600000,2344.01000000,2356.96000000,2343.08000000,2354.99000000,9954.56480000
1776427200000,2355.00000000,2382.66000000,2349.40000000,2371.97000000,25552.74350000
1776430800000,2371.97000000,2440.45000000,2366.80000000,2437.05000000,108132.45910000
1776434400000,2437.05000000,2456.93000000,2426.31000000,2447.25000000,58878.89860000
1776438000000,2447.25000000,2449.99000000,2433.16000000,2441.96000000,28271.78520000
1776441600000,2441.96000000,2464.91000000,2441.49000000,2451.30000000,25909.31160000
1776445200000,2451.31000000,2452.50000000,2422.08000000,2440.42000000,21460.12780000
1776448800000,2440.42000000,2442.68000000,2415.41000000,2419.99000000,18100.87430000
1776452400000,2420.00000000,2432.92000000,2417.17000000,2427.92000000,11328.05380000
1776456000000,2427.92000000,2435.29000000,2417.01000000,2426.78000000,7432.07330000
1776459600000,2426.76000000,2433.48000000,2418.71000000,2429.49000000,10249.19910000
1776463200000,2429.49000000,2444.34000000,2422.78000000,2433.52000000,41952.26470000
1776466800000,2433.52000000,2433.52000000,2415.47000000,2419.00000000,15108.37780000
1776470400000,2419.00000000,2423.58000000,2410.06000000,2420.99000000,9442.65150000
1776474000000,2420.99000000,2427.64000000,2416.80000000,2420.99000000,6314.68790000
1776477600000,2421.00000000,2424.85000000,2416.83000000,2419.20000000,5207.85750000
1776481200000,2419.21000000,2419.83000000,2399.54000000,2405.04000000,8107.56330000
1776484800000,2405.03000000,2410.48000000,2399.52000000,2407.48000000,4894.96020000
1776488400000,2407.48000000,2413.54000000,2405.83000000,2408.95000000,2586.22780000
1776492000000,2408.94000000,2411.87000000,2405.52000000,2410.00000000,2945.39830000
1776495600000,2410.00000000,2411.12000000,2401.67000000,2403.71000000,4515.40910000
1776499200000,2403.71000000,2404.85000000,2367.39000000,2380.57000000,25832.00670000
1776502800000,2380.57000000,2380.93000000,2369.75000000,2376.04000000,9571.88610000
1776506400000,2376.03000000,2376.03000000,2353.88000000,2359.34000000,18142.56560000
1776510000000,2359.34000000,2360.47000000,2343.44000000,2352.96000000,14433.39940000
1776513600000,2352.96000000,2362.50000000,2351.15000000,2357.93000000,8121.27240000
1776517200000,2357.92000000,2360.07000000,2345.25000000,2355.13000000,9779.73650000
1776520800000,2355.13000000,2366.00000000,2349.72000000,2365.23000000,26117.51870000
1776524400000,2365.23000000,2369.66000000,2359.11000000,2363.64000000,13336.98520000
1776528000000,2363.64000000,2375.14000000,2357.57000000,2360.87000000,12285.75880000
1776531600000,2360.86000000,2364.87000000,2355.00000000,2361.46000000,10741.11450000
1776535200000,2361.47000000,2363.64000000,2339.92000000,2347.44000000,11078.94770000
1776538800000,2347.45000000,2356.02000000,2346.49000000,2348.59000000,5076.68510000
1776542400000,2348.59000000,2354.90000000,2344.96000000,2352.62000000,3744.84460000
1776546000000,2352.61000000,2355.33000000,2347.74000000,2355.33000000,4154.63680000
1776549600000,2355.32000000,2359.46000000,2348.63000000,2356.53000000,2745.88380000
1776553200000,2356.54000000,2359.50000000,2349.68000000,2350.32000000,2563.39130000
1776556800000,2350.33000000,2355.30000000,2344.35000000,2349.09000000,3439.11310000
1776560400000,2349.09000000,2353.00000000,2341.66000000,2348.03000000,5285.19010000
1776564000000,2348.04000000,2349.20000000,2333.44000000,2338.25000000,8271.24630000
1776567600000,2338.24000000,2344.09000000,2332.10000000,2339.77000000,3295.83010000
1776571200000,2339.77000000,2346.11000000,2321.62000000,2333.34000000,9557.85180000
1776574800000,2333.34000000,2338.68000000,2329.00000000,2332.76000000,4832.87000000
1776578400000,2332.75000000,2333.12000000,2321.88000000,2327.20000000,14717.58520000
1776582000000,2327.20000000,2327.32000000,2300.00000000,2316.03000000,25296.44480000
1776585600000,2316.03000000,2320.96000000,2311.20000000,2318.69000000,6286.53820000
1776589200000,2318.69000000,2319.36000000,2306.42000000,2310.24000000,4969.14520000
1776592800000,2310.24000000,2320.15000000,2306.73000000,2318.01000000,3803.10010000
1776596400000,2318.02000000,2331.13000000,2317.53000000,2329.38000000,8216.74050000
1776600000000,2329.38000000,2337.24000000,2325.00000000,2331.29000000,10647.45650000
1776603600000,2331.29000000,2350.24000000,2330.85000000,2338.67000000,12823.58290000
1776607200000,2338.67000000,2343.12000000,2327.35000000,2338.09000000,6753.58510000
1776610800000,2338.09000000,2341.49000000,2315.29000000,2330.80000000,7442.09470000
1776614400000,2330.80000000,2331.34000000,2304.70000000,2311.68000000,10427.61440000
1776618000000,2311.68000000,2317.81000000,2294.50000000,2296.59000000,19133.87430000
1776621600000,2296.58000000,2301.25000000,2287.62000000,2295.78000000,16668.74810000
1776625200000,2295.78000000,2304.78000000,2294.42000000,2299.65000000,7573.47190000
1776628800000,2299.66000000,2300.00000000,2273.51000000,2280.61000000,19343.70540000
1776632400000,2280.61000000,2290.34000000,2274.98000000,2276.09000000,7305.18820000
1776636000000,2276.08000000,2276.08000000,2252.72000000,2269.79000000,28519.85710000
1776639600000,2269.78000000,2270.40000000,2256.33000000,2263.27000000,11475.99360000
1776643200000,2263.28000000,2283.14000000,2259.67000000,2280.01000000,12643.26390000
1776646800000,2280.02000000,2294.30000000,2278.20000000,2286.17000000,7563.37050000
1776650400000,2286.16000000,2287.63000000,2272.25000000,2277.43000000,5859.75750000
1776654000000,2277.43000000,2288.58000000,2276.08000000,2286.56000000,3966.85700000
1776657600000,2286.55000000,2286.55000000,2278.84000000,2283.39000000,5327.07770000
1776661200000,2283.39000000,2283.39000000,2263.18000000,2270.21000000,8416.40300000
1776664800000,2270.21000000,2289.00000000,2268.78000000,2286.17000000,7027.73890000
1776668400000,2286.17000000,2332.88000000,2283.02000000,2298.80000000,38704.94300000
1776672000000,2298.81000000,2308.65000000,2289.82000000,2294.09000000,14250.25420000
1776675600000,2294.08000000,2313.64000000,2293.30000000,2309.06000000,8516.30250000
1776679200000,2309.06000000,2320.00000000,2303.23000000,2303.39000000,7456.35010000
1776682800000,2303.39000000,2312.33000000,2300.00000000,2308.42000000,7390.65870000
1776686400000,2308.42000000,2323.02000000,2304.46000000,2318.88000000,11999.44750000
1776690000000,2318.88000000,2326.36000000,2301.53000000,2310.82000000,17038.13650000
1776693600000,2310.82000000,2321.98000000,2283.00000000,2290.90000000,33102.91230000
1776697200000,2290.91000000,2319.00000000,2278.38000000,2313.91000000,23294.03760000
1776700800000,2313.92000000,2315.01000000,2298.76000000,2300.07000000,9601.38920000
1776704400000,2300.07000000,2322.40000000,2297.97000000,2317.06000000,12548.22860000
1776708000000,2317.06000000,2344.19000000,2317.06000000,2334.23000000,23517.31050000
1776711600000,2334.24000000,2336.43000000,2327.27000000,2331.78000000,7765.57460000
1776715200000,2331.78000000,2340.15000000,2325.33000000,2337.59000000,8921.23420000
1776718800000,2337.58000000,2346.78000000,2315.21000000,2321.65000000,14498.16360000
1776722400000,2321.64000000,2328.52000000,2316.75000000,2319.40000000,5121.24710000
1776726000000,2319.40000000,2319.40000000,2307.74000000,2313.85000000,6469.40720000
1776729600000,2313.84000000,2324.70000000,2311.66000000,2321.94000000,5640.51030000
1776733200000,2321.94000000,2326.64000000,2312.66000000,2315.16000000,5266.91320000
1776736800000,2315.16000000,2315.72000000,2306.45000000,2308.34000000,5528.16090000
1776740400000,2308.34000000,2312.90000000,2300.01000000,2311.62000000,6345.60650000
1776744000000,2311.62000000,2315.87000000,2304.06000000,2314.59000000,3834.09530000
1776747600000,2314.59000000,2320.69000000,2312.65000000,2314.07000000,3741.65060000
1776751200000,2314.07000000,2327.05000000,2308.01000000,2317.36000000,5716.02880000
1776754800000,2317.37000000,2324.98000000,2311.56000000,2318.48000000,9653.59860000
1776758400000,2318.48000000,2338.75000000,2314.00000000,2323.43000000,8919.82730000
1776762000000,2323.42000000,2327.65000000,2318.37000000,2325.69000000,5091.06950000
1776765600000,2325.70000000,2337.27000000,2325.33000000,2331.15000000,7326.51330000
1776769200000,2331.15000000,2331.29000000,2316.14000000,2320.45000000,9302.95820000
1776772800000,2320.45000000,2324.68000000,2294.39000000,2308.54000000,16334.84290000
1776776400000,2308.54000000,2317.37000000,2301.00000000,2312.77000000,9222.59730000
1776780000000,2312.77000000,2327.50000000,2295.00000000,2299.35000000,13991.75380000
1776783600000,2299.35000000,2310.72000000,2290.35000000,2310.24000000,12568.85120000
1776787200000,2310.25000000,2324.73000000,2306.51000000,2307.45000000,12280.46910000
1776790800000,2307.44000000,2319.61000000,2284.19000000,2306.21000000,18658.58830000
1776794400000,2306.20000000,2313.33000000,2300.29000000,2312.72000000,7991.70760000
1776798000000,2312.72000000,2332.00000000,2287.30000000,2298.41000000,23355.84380000
1776801600000,2298.42000000,2325.88000000,2296.04000000,2314.56000000,19563.42900000
1776805200000,2314.55000000,2318.00000000,2309.41000000,2312.56000000,4222.53470000
1776808800000,2312.56000000,2316.76000000,2301.90000000,2311.35000000,5248.75930000
1776812400000,2311.35000000,2329.47000000,2310.92000000,2327.14000000,6839.66750000
1776816000000,2327.15000000,2330.82000000,2322.62000000,2325.58000000,5576.63570000
1776819600000,2325.57000000,2328.73000000,2312.95000000,2322.37000000,6606.13810000
1776823200000,2322.37000000,2375.23000000,2320.22000000,2370.34000000,35435.16150000
1776826800000,2370.35000000,2379.66000000,2358.49000000,2363.62000000,19156.44860000
1776830400000,2363.63000000,2369.54000000,2358.41000000,2363.81000000,8422.83550000
1776834000000,2363.82000000,2413.83000000,2361.85000000,2396.81000000,55731.40600000
1776837600000,2396.81000000,2397.06000000,2389.44000000,2393.37000000,12010.93630000
1776841200000,2393.38000000,2397.62000000,2383.33000000,2389.97000000,13184.76810000
1776844800000,2389.98000000,2393.91000000,2383.00000000,2388.22000000,13789.85850000
1776848400000,2388.22000000,2394.27000000,2385.00000000,2387.51000000,7492.28800000
1776852000000,2387.52000000,2393.68000000,2385.15000000,2390.20000000,7644.11270000
1776855600000,2390.21000000,2400.78000000,2386.51000000,2398.44000000,12475.11320000
1776859200000,2398.44000000,2407.03000000,2396.16000000,2404.92000000,14367.42690000
1776862800000,2404.91000000,2423.00000000,2401.27000000,2417.40000000,28321.24160000
1776866400000,2417.40000000,2423.75000000,2391.50000000,2403.17000000,26739.82270000
1776870000000,2403.17000000,2413.89000000,2390.90000000,2403.83000000,29310.33460000
1776873600000,2403.84000000,2413.75000000,2384.17000000,2386.14000000,19934.19910000
1776877200000,2386.15000000,2402.50000000,2386.15000000,2399.21000000,11859.30390000
1776880800000,2399.21000000,2404.69000000,2395.09000000,2396.91000000,7000.26110000
1776884400000,2396.92000000,2407.24000000,2389.18000000,2397.79000000,11527.44790000
1776888000000,2397.80000000,2402.34000000,2390.81000000,2391.92000000,8758.46240000
1776891600000,2391.91000000,2406.11000000,2391.88000000,2402.55000000,7026.73450000
1776895200000,2402.55000000,2405.38000000,2394.09000000,2400.09000000,5897.79860000
1776898800000,2400.08000000,2400.48000000,2373.95000000,2374.07000000,11438.39040000
1776902400000,2374.08000000,2382.00000000,2342.80000000,2372.96000000,36491.31200000
1776906000000,2372.96000000,2372.97000000,2360.72000000,2366.79000000,7971.35870000
1776909600000,2366.79000000,2366.86000000,2344.35000000,2351.96000000,16562.40790000
1776913200000,2351.96000000,2353.44000000,2331.50000000,2340.81000000,15181.03670000
1776916800000,2340.82000000,2348.66000000,2337.12000000,2347.84000000,6876.07420000
1776920400000,2347.84000000,2352.61000000,2340.19000000,2348.77000000,9395.09870000
1776924000000,2348.77000000,2358.93000000,2348.77000000,2354.43000000,11877.43830000
1776927600000,2354.44000000,2356.85000000,2340.00000000,2344.43000000,11195.04510000
1776931200000,2344.43000000,2345.00000000,2335.00000000,2339.92000000,17537.38050000
1776934800000,2339.91000000,2339.91000000,2313.58000000,2316.25000000,27426.25660000
1776938400000,2316.24000000,2319.17000000,2305.61000000,2314.09000000,19663.98240000
1776942000000,2314.09000000,2331.99000000,2314.09000000,2328.97000000,13523.41820000
1776945600000,2328.96000000,2335.23000000,2320.81000000,2328.87000000,11828.32310000
1776949200000,2328.88000000,2332.50000000,2315.23000000,2319.82000000,12436.93990000
1776952800000,2319.81000000,2335.12000000,2316.07000000,2334.24000000,13699.86440000
1776956400000,2334.24000000,2343.58000000,2324.15000000,2333.26000000,14842.77270000
1776960000000,2333.26000000,2335.76000000,2323.39000000,2326.38000000,8034.79630000
1776963600000,2326.39000000,2329.24000000,2285.42000000,2310.42000000,45125.73740000
1776967200000,2310.42000000,2319.04000000,2304.42000000,2305.31000000,14250.70260000
1776970800000,2305.30000000,2318.97000000,2300.70000000,2312.88000000,11612.54760000
1776974400000,2312.87000000,2329.48000000,2312.74000000,2325.37000000,10663.50080000
1776978000000,2325.36000000,2328.85000000,2320.73000000,2321.66000000,6005.62480000
1776981600000,2321.66000000,2338.79000000,2321.66000000,2331.97000000,8475.76960000
1776985200000,2331.97000000,2333.18000000,2323.71000000,2330.26000000,5968.30380000
1776988800000,2330.27000000,2337.50000000,2326.68000000,2332.48000000,5575.83740000
1776992400000,2332.47000000,2334.23000000,2318.69000000,2332.84000000,6039.29360000
1776996000000,2332.83000000,2335.39000000,2315.05000000,2319.91000000,6028.72690000
1776999600000,2319.90000000,2322.84000000,2301.35000000,2308.64000000,9361.03530000
1777003200000,2308.63000000,2311.75000000,2300.50000000,2306.16000000,6882.21180000
1777006800000,2306.16000000,2317.35000000,2300.22000000,2314.74000000,8521.93140000
1777010400000,2314.75000000,2316.87000000,2308.71000000,2309.20000000,5049.95380000
1777014000000,2309.21000000,2316.85000000,2308.48000000,2311.63000000,8194.84320000
1777017600000,2311.63000000,2322.99000000,2307.49000000,2315.24000000,11658.19710000
1777021200000,2315.24000000,2315.79000000,2303.74000000,2310.18000000,6774.43960000
1777024800000,2310.19000000,2319.06000000,2306.00000000,2316.02000000,4784.86630000
1777028400000,2316.01000000,2332.26000000,2316.01000000,2328.10000000,12651.41710000
1777032000000,2328.10000000,2331.85000000,2318.53000000,2325.25000000,9855.01360000
1777035600000,2325.26000000,2331.67000000,2310.99000000,2317.32000000,9015.93960000
1777039200000,2317.32000000,2318.40000000,2304.07000000,2313.41000000,13688.63770000
1777042800000,2313.42000000,2329.73000000,2301.61000000,2323.81000000,14252.13950000
1777046400000,2323.81000000,2324.23000000,2310.00000000,2316.67000000,6290.78270000
1777050000000,2316.66000000,2322.00000000,2308.82000000,2319.60000000,7562.05370000
1777053600000,2319.59000000,2321.41000000,2310.01000000,2319.92000000,5197.76710000
1777057200000,2319.93000000,2325.00000000,2319.22000000,2321.60000000,5615.64820000
1777060800000,2321.59000000,2328.16000000,2315.38000000,2326.47000000,6361.60580000
1777064400000,2326.47000000,2327.52000000,2312.60000000,2315.18000000,7039.30940000
1777068000000,2315.19000000,2316.17000000,2307.20000000,2311.92000000,6034.22040000
1777071600000,2311.93000000,2316.05000000,2311.93000000,2314.99000000,1451.74690000
1777075200000,2314.98000000,2316.05000000,2311.27000000,2316.04000000,1576.45570000
1777078800000,2316.04000000,2321.36000000,2315.46000000,2318.00000000,2215.44040000
1777082400000,2318.01000000,2319.27000000,2314.78000000,2317.40000000,2081.62260000
1777086000000,2317.41000000,2320.43000000,2315.12000000,2318.43000000,1765.54010000
1777089600000,2318.44000000,2319.01000000,2316.15000000,2316.79000000,1445.56850000
1777093200000,2316.80000000,2316.80000000,2313.30000000,2316.01000000,1473.45620000
1777096800000,2316.01000000,2317.64000000,2314.89000000,2316.01000000,1591.22200000
1777100400000,2316.00000000,2318.81000000,2314.26000000,2316.48000000,1817.90790000
1777104000000,2316.48000000,2320.92000000,2315.92000000,2319.44000000,1641.03740000
1777107600000,2319.43000000,2323.21000000,2317.17000000,2319.12000000,4665.14040000
1777111200000,2319.11000000,2322.74000000,2318.93000000,2320.56000000,2081.20430000
1777114800000,2320.57000000,2320.57000000,2311.20000000,2313.64000000,3083.41510000
1777118400000,2313.65000000,2317.02000000,2311.88000000,2313.55000000,3479.13910000
1777122000000,2313.56000000,2317.88000000,2313.56000000,2316.25000000,2342.79180000
1777125600000,2316.25000000,2318.94000000,2315.27000000,2316.02000000,3122.02400000
1777129200000,2316.03000000,2318.68000000,2303.00000000,2308.09000000,6697.52290000
1777132800000,2308.08000000,2311.03000000,2300.55000000,2309.53000000,10410.57620000
1777136400000,2309.54000000,2313.62000000,2307.34000000,2309.36000000,4362.47310000
1777140000000,2309.36000000,2313.98000000,2308.28000000,2311.55000000,2819.96310000
1777143600000,2311.55000000,2312.31000000,2307.12000000,2310.06000000,2083.67420000
1777147200000,2310.06000000,2313.21000000,2308.85000000,2313.20000000,1361.61270000
1777150800000,2313.21000000,2317.35000000,2312.86000000,2315.80000000,2432.52740000
1777154400000,2315.79000000,2320.42000000,2315.09000000,2317.75000000,1894.66460000
1777158000000,2317.76000000,2319.86000000,2316.92000000,2319.50000000,1694.23940000
1777161600000,2319.49000000,2320.06000000,2312.00000000,2315.37000000,2339.57590000
1777165200000,2315.37000000,2317.88000000,2313.48000000,2313.85000000,2629.48890000
1777168800000,2313.84000000,2318.40000000,2313.58000000,2315.15000000,1662.72680000
1777172400000,2315.15000000,2316.35000000,2306.72000000,2310.00000000,3380.93360000
1777176000000,2309.99000000,2319.76000000,2308.97000000,2317.74000000,2619.15570000
1777179600000,2317.73000000,2336.48000000,2317.57000000,2327.84000000,15716.82870000
1777183200000,2327.85000000,2333.27000000,2327.46000000,2329.99000000,4332.56420000
1777186800000,2330.00000000,2332.25000000,2328.58000000,2331.24000000,2312.78480000
1777190400000,2331.25000000,2337.68000000,2330.49000000,2332.38000000,4685.46080000
1777194000000,2332.37000000,2335.59000000,2329.66000000,2334.69000000,2480.19170000
1777197600000,2334.68000000,2336.32000000,2331.70000000,2332.95000000,2898.43610000
1777201200000,2332.95000000,2337.50000000,2332.75000000,2335.95000000,2047.14790000
1777204800000,2335.96000000,2336.40000000,2324.19000000,2328.89000000,4449.03660000
1777208400000,2328.90000000,2336.00000000,2328.11000000,2335.22000000,3739.86650000
1777212000000,2335.21000000,2352.44000000,2333.64000000,2346.20000000,12976.67370000
1777215600000,2346.20000000,2348.93000000,2344.23000000,2348.05000000,3342.30380000
1777219200000,2348.06000000,2349.43000000,2342.91000000,2342.92000000,3916.77880000
1777222800000,2342.92000000,2349.99000000,2340.56000000,2349.43000000,3116.55930000
1777226400000,2349.42000000,2369.01000000,2347.42000000,2361.99000000,16174.02880000
1777230000000,2361.99000000,2376.35000000,2359.55000000,2367.40000000,11849.38690000
1777233600000,2367.40000000,2372.68000000,2362.50000000,2362.50000000,5233.96550000
1777237200000,2362.51000000,2370.33000000,2348.47000000,2364.34000000,11912.71110000
1777240800000,2364.34000000,2380.00000000,2353.53000000,2361.89000000,17014.56380000
1777244400000,2361.88000000,2378.61000000,2356.73000000,2369.44000000,13760.45200000
1777248000000,2369.45000000,2392.00000000,2359.46000000,2390.76000000,13606.04920000
1777251600000,2390.56000000,2404.37000000,2377.56000000,2394.61000000,20709.39020000
1777255200000,2394.60000000,2397.00000000,2387.29000000,2392.16000000,6638.13620000
1777258800000,2392.16000000,2400.43000000,2390.57000000,2394.85000000,7687.05960000
1777262400000,2394.85000000,2396.05000000,2380.45000000,2382.84000000,8734.80510000
1777266000000,2382.84000000,2383.46000000,2319.31000000,2323.18000000,40068.40220000
1777269600000,2323.17000000,2329.13000000,2312.71000000,2321.00000000,13665.93190000
1777273200000,2321.01000000,2323.82000000,2315.00000000,2316.01000000,9210.59830000
1777276800000,2316.00000000,2319.68000000,2309.13000000,2319.68000000,12143.72230000
1777280400000,2319.68000000,2325.52000000,2315.59000000,2322.19000000,9530.39600000
1777284000000,2322.19000000,2323.97000000,2318.87000000,2320.14000000,3965.49050000
1777287600000,2320.14000000,2322.84000000,2316.84000000,2320.39000000,3965.89780000
1777291200000,2320.39000000,2320.96000000,2312.59000000,2314.11000000,6575.78630000
1777294800000,2314.10000000,2320.76000000,2303.50000000,2312.28000000,17353.16980000
1777298400000,2312.28000000,2329.82000000,2308.69000000,2314.75000000,14991.19660000
1777302000000,2314.75000000,2315.16000000,2266.09000000,2275.07000000,46951.25790000
1777305600000,2275.07000000,2280.60000000,2270.04000000,2278.12000000,12121.63400000
1777309200000,2278.13000000,2292.91000000,2278.12000000,2287.08000000,18597.60270000
1777312800000,2287.09000000,2292.09000000,2284.50000000,2288.75000000,7485.64920000
1777316400000,2288.75000000,2291.08000000,2274.98000000,2289.14000000,8112.40690000
1777320000000,2289.15000000,2296.36000000,2289.08000000,2291.70000000,5969.88120000
1777323600000,2291.69000000,2292.40000000,2287.00000000,2287.33000000,3065.78920000
1777327200000,2287.34000000,2295.70000000,2284.66000000,2294.36000000,4214.83020000
1777330800000,2294.36000000,2308.61000000,2291.16000000,2303.67000000,4998.77530000
1777334400000,2303.66000000,2310.88000000,2299.47000000,2306.77000000,5364.78870000
1777338000000,2306.76000000,2308.76000000,2297.78000000,2298.61000000,4184.58680000
1777341600000,2298.61000000,2301.01000000,2280.99000000,2289.11000000,7908.45280000
1777345200000,2289.10000000,2291.00000000,2282.39000000,2290.94000000,3711.45680000
1777348800000,2290.93000000,2294.60000000,2283.32000000,2288.57000000,5863.04480000
1777352400000,2288.58000000,2296.91000000,2286.71000000,2288.13000000,10496.12340000
1777356000000,2288.13000000,2291.00000000,2270.53000000,2277.63000000,10739.73810000
1777359600000,2277.63000000,2288.65000000,2270.65000000,2287.99000000,9917.56090000
1777363200000,2288.00000000,2291.64000000,2283.86000000,2287.07000000,6065.71220000
1777366800000,2287.07000000,2288.51000000,2276.67000000,2282.27000000,7654.63360000
1777370400000,2282.26000000,2287.63000000,2280.84000000,2284.51000000,6577.07730000
1777374000000,2284.51000000,2285.36000000,2270.36000000,2275.32000000,12432.16900000
1777377600000,2275.32000000,2281.29000000,2271.59000000,2278.23000000,6214.52580000
1777381200000,2278.23000000,2286.20000000,2258.24000000,2276.36000000,19869.02930000
1777384800000,2276.37000000,2276.63000000,2261.00000000,2273.44000000,14378.68830000
1777388400000,2273.44000000,2280.61000000,2269.22000000,2279.76000000,9305.20190000
1777392000000,2279.76000000,2288.38000000,2274.38000000,2286.18000000,9159.16950000
1777395600000,2286.18000000,2293.38000000,2278.99000000,2290.73000000,8094.15210000
1777399200000,2290.73000000,2298.31000000,2287.90000000,2296.96000000,7249.18620000
1777402800000,2296.96000000,2305.55000000,2290.26000000,2301.96000000,8930.41070000
1777406400000,2301.96000000,2305.95000000,2295.52000000,2295.55000000,3554.34460000
1777410000000,2295.55000000,2297.20000000,2285.75000000,2290.12000000,5268.45650000
1777413600000,2290.12000000,2294.50000000,2285.48000000,2286.18000000,2436.75930000
1777417200000,2286.17000000,2290.18000000,2284.15000000,2289.42000000,2556.95150000
1777420800000,2289.42000000,2294.24000000,2285.38000000,2292.40000000,4053.35050000
1777424400000,2292.41000000,2297.30000000,2278.84000000,2292.45000000,10251.44960000
1777428000000,2292.45000000,2295.61000000,2284.68000000,2288.88000000,7158.86380000
1777431600000,2288.87000000,2316.36000000,2287.61000000,2311.52000000,18471.98190000
1777435200000,2311.53000000,2342.50000000,2309.33000000,2327.32000000,26313.90110000
1777438800000,2327.32000000,2333.22000000,2322.83000000,2329.19000000,12864.95100000
1777442400000,2329.19000000,2336.64000000,2320.24000000,2324.58000000,9480.45910000
1777446000000,2324.59000000,2330.31000000,2321.70000000,2323.73000000,6478.98450000
1777449600000,2323.74000000,2329.03000000,2321.11000000,2325.33000000,4136.26410000
1777453200000,2325.33000000,2346.66000000,2322.74000000,2339.72000000,12808.42460000
1777456800000,2339.71000000,2346.95000000,2330.01000000,2333.68000000,9453.42700000
1777460400000,2333.67000000,2336.00000000,2328.79000000,2331.74000000,8275.19710000
1777464000000,2331.74000000,2331.94000000,2307.40000000,2316.13000000,16486.42900000
1777467600000,2316.13000000,2318.15000000,2289.94000000,2303.03000000,18372.55950000
1777471200000,2303.02000000,2308.29000000,2293.86000000,2299.39000000,14483.77040000
1777474800000,2299.40000000,2301.24000000,2263.10000000,2272.51000000,31727.41000000
1777478400000,2272.50000000,2279.27000000,2263.35000000,2267.47000000,19698.28950000
1777482000000,2267.48000000,2283.33000000,2266.30000000,2283.12000000,11615.55670000
1777485600000,2283.12000000,2285.92000000,2220.36000000,2239.41000000,56466.68440000
1777489200000,2239.41000000,2242.44000000,2225.00000000,2233.70000000,17551.98580000
1777492800000,2233.69000000,2248.73000000,2230.49000000,2240.42000000,12588.21290000
1777496400000,2240.42000000,2264.80000000,2238.59000000,2253.13000000,15432.46060000
1777500000000,2253.14000000,2259.01000000,2250.19000000,2257.78000000,5462.71960000
1777503600000,2257.77000000,2260.30000000,2250.35000000,2252.90000000,5444.76880000
1777507200000,2252.90000000,2275.00000000,2249.47000000,2272.46000000,9779.81740000
1777510800000,2272.45000000,2279.00000000,2267.06000000,2269.35000000,8290.37380000
1777514400000,2269.36000000,2273.14000000,2236.36000000,2245.13000000,12671.65920000
1777518000000,2245.12000000,2256.82000000,2243.89000000,2253.24000000,5318.36810000
1777521600000,2253.24000000,2254.27000000,2236.89000000,2238.97000000,7758.48710000
1777525200000,2238.98000000,2248.31000000,2231.64000000,2242.76000000,8319.89810000
1777528800000,2242.76000000,2252.49000000,2241.86000000,2248.03000000,6064.24860000
1777532400000,2248.03000000,2262.23000000,2243.71000000,2260.31000000,11236.23760000
1777536000000,2260.31000000,2263.21000000,2255.27000000,2256.65000000,10003.37900000
1777539600000,2256.65000000,2271.11000000,2256.00000000,2261.86000000,6145.31950000
1777543200000,2261.86000000,2265.74000000,2256.78000000,2262.01000000,5283.39230000
1777546800000,2262.00000000,2273.70000000,2252.07000000,2258.18000000,9303.83330000
1777550400000,2258.18000000,2271.07000000,2257.74000000,2265.45000000,6154.98150000
1777554000000,2265.46000000,2272.56000000,2254.74000000,2263.90000000,10742.92680000
1777557600000,2263.90000000,2271.07000000,2245.82000000,2262.01000000,14497.19110000
1777561200000,2262.00000000,2275.13000000,2257.65000000,2265.70000000,6476.88280000
1777564800000,2265.70000000,2267.16000000,2255.80000000,2257.24000000,3880.30640000
1777568400000,2257.24000000,2260.47000000,2251.62000000,2258.14000000,4889.14400000
1777572000000,2258.13000000,2265.29000000,2254.55000000,2259.84000000,4110.25940000
1777575600000,2259.84000000,2267.09000000,2258.13000000,2261.99000000,4771.37880000
1777579200000,2261.98000000,2267.32000000,2260.56000000,2264.34000000,3286.64660000
1777582800000,2264.34000000,2264.65000000,2254.00000000,2256.29000000,3541.84040000
1777586400000,2256.29000000,2261.34000000,2252.42000000,2254.25000000,2399.15250000
1777590000000,2254.25000000,2259.01000000,2254.00000000,2257.51000000,2268.55330000
1777593600000,2257.51000000,2266.00000000,2257.21000000,2260.00000000,3813.14050000
1777597200000,2260.00000000,2270.56000000,2260.00000000,2267.75000000,4214.43020000
1777600800000,2267.75000000,2270.00000000,2265.00000000,2266.94000000,3090.67620000
1777604400000,2266.94000000,2295.00000000,2266.25000000,2282.87000000,15806.44670000
1777608000000,2282.87000000,2285.89000000,2277.56000000,2280.12000000,5118.51530000
1777611600000,2280.11000000,2286.75000000,2278.28000000,2283.26000000,3488.17170000
1777615200000,2283.26000000,2286.66000000,2272.09000000,2277.45000000,8129.98310000
1777618800000,2277.46000000,2281.10000000,2273.14000000,2279.48000000,6175.19670000
1777622400000,2279.50000000,2288.50000000,2277.44000000,2286.92000000,5887.10330000
1777626000000,2286.93000000,2287.10000000,2279.87000000,2282.07000000,3605.49890000
1777629600000,2282.08000000,2285.88000000,2277.06000000,2282.53000000,3877.87370000
1777633200000,2282.53000000,2293.00000000,2281.71000000,2286.45000000,5323.84300000
1777636800000,2286.46000000,2311.49000000,2284.15000000,2301.36000000,21967.89140000
1777640400000,2301.37000000,2324.00000000,2301.37000000,2318.22000000,20286.22010000
1777644000000,2318.22000000,2325.28000000,2301.42000000,2308.04000000,20163.37100000
1777647600000,2308.03000000,2316.74000000,2298.77000000,2307.64000000,12397.24200000
1777651200000,2307.64000000,2314.21000000,2298.17000000,2301.94000000,14505.20020000
1777654800000,2301.95000000,2313.53000000,2298.71000000,2311.76000000,5191.87020000
1777658400000,2311.76000000,2312.50000000,2303.45000000,2304.76000000,3781.96250000
1777662000000,2304.77000000,2307.84000000,2302.20000000,2304.85000000,2921.47090000
1777665600000,2304.85000000,2305.86000000,2278.98000000,2285.19000000,9002.03650000
1777669200000,2285.18000000,2294.25000000,2283.58000000,2292.68000000,6643.54010000
1777672800000,2292.67000000,2299.35000000,2291.00000000,2293.50000000,3376.53720000
1777676400000,2293.50000000,2296.23000000,2289.00000000,2295.63000000,2314.33360000
1777680000000,2295.63000000,2299.30000000,2292.91000000,2297.60000000,2566.81160000
1777683600000,2297.59000000,2300.98000000,2295.88000000,2298.63000000,2462.39890000
1777687200000,2298.62000000,2308.34000000,2295.43000000,2303.31000000,3153.61240000
1777690800000,2303.31000000,2308.34000000,2301.01000000,2304.44000000,2768.53770000
1777694400000,2304.43000000,2304.91000000,2299.59000000,2301.26000000,2155.28250000
1777698000000,2301.26000000,2301.52000000,2296.62000000,2299.47000000,2997.22670000
1777701600000,2299.46000000,2306.35000000,2297.09000000,2305.58000000,2532.16710000
1777705200000,2305.59000000,2306.16000000,2301.01000000,2301.02000000,2421.68910000
1777708800000,2301.01000000,2304.44000000,2299.05000000,2303.35000000,1949.33970000
1777712400000,2303.34000000,2307.78000000,2303.34000000,2305.13000000,2145.83690000
1777716000000,2305.13000000,2305.96000000,2302.41000000,2303.54000000,2130.67770000
1777719600000,2303.54000000,2304.99000000,2300.25000000,2302.10000000,2172.60550000
1777723200000,2302.09000000,2305.92000000,2301.36000000,2303.52000000,2299.23950000
1777726800000,2303.53000000,2311.83000000,2303.53000000,2308.08000000,4502.62890000
1777730400000,2308.08000000,2308.59000000,2305.23000000,2306.69000000,2719.95750000
1777734000000,2306.69000000,2310.10000000,2305.32000000,2309.19000000,2150.03510000
1777737600000,2309.18000000,2313.98000000,2307.96000000,2309.31000000,3799.92580000
1777741200000,2309.31000000,2310.25000000,2305.69000000,2305.90000000,1534.34770000
1777744800000,2305.90000000,2311.57000000,2304.08000000,2310.30000000,3982.29350000
1777748400000,2310.31000000,2312.79000000,2309.17000000,2311.08000000,1676.52470000
1777752000000,2311.08000000,2311.84000000,2309.59000000,2311.58000000,1484.94420000
1777755600000,2311.59000000,2343.60000000,2310.79000000,2325.62000000,17150.54570000
1777759200000,2325.62000000,2328.36000000,2317.88000000,2327.00000000,8792.74860000
1777762800000,2326.99000000,2326.99000000,2313.98000000,2316.97000000,6039.09540000
1777766400000,2316.97000000,2317.69000000,2308.90000000,2313.98000000,5842.40010000
1777770000000,2313.98000000,2314.09000000,2303.43000000,2304.14000000,4580.86880000
1777773600000,2304.14000000,2306.83000000,2299.38000000,2303.41000000,4664.48700000
1777777200000,2303.41000000,2304.00000000,2300.00000000,2301.90000000,4381.12390000
1777780800000,2301.90000000,2304.37000000,2297.59000000,2301.53000000,3019.38370000
1777784400000,2301.53000000,2305.56000000,2301.26000000,2304.11000000,1981.33040000
1777788000000,2304.11000000,2306.38000000,2299.69000000,2304.49000000,2420.70560000
1777791600000,2304.50000000,2314.01000000,2304.42000000,2309.28000000,3800.11250000
1777795200000,2309.28000000,2312.67000000,2307.65000000,2308.28000000,1870.38400000
1777798800000,2308.29000000,2322.27000000,2307.49000000,2316.47000000,5985.39310000
1777802400000,2316.48000000,2316.73000000,2311.32000000,2311.54000000,2373.36200000
1777806000000,2311.54000000,2327.50000000,2310.52000000,2319.63000000,7325.98670000
1777809600000,2319.63000000,2332.61000000,2319.63000000,2325.71000000,9087.05960000
1777813200000,2325.71000000,2328.74000000,2320.61000000,2322.21000000,3616.52980000
1777816800000,2322.22000000,2329.60000000,2321.19000000,2328.28000000,4002.72230000
1777820400000,2328.28000000,2333.91000000,2324.96000000,2328.44000000,4767.78140000
1777824000000,2328.45000000,2335.00000000,2322.38000000,2328.41000000,5781.03150000
1777827600000,2328.40000000,2335.35000000,2324.11000000,2331.85000000,5608.76030000
1777831200000,2331.85000000,2333.60000000,2328.29000000,2330.98000000,2263.69050000
1777834800000,2330.98000000,2337.87000000,2328.47000000,2335.59000000,5542.65120000
1777838400000,2335.60000000,2344.35000000,2328.28000000,2329.58000000,14443.59230000
1777842000000,2329.58000000,2334.18000000,2315.00000000,2324.27000000,8154.99100000
1777845600000,2324.27000000,2356.92000000,2324.26000000,2343.89000000,25346.82920000
1777849200000,2343.89000000,2347.47000000,2319.96000000,2322.65000000,14213.25730000
1777852800000,2322.65000000,2322.65000000,2309.24000000,2319.00000000,12348.56990000
1777856400000,2319.00000000,2354.02000000,2312.98000000,2351.20000000,17681.89730000
1777860000000,2351.21000000,2387.99000000,2345.41000000,2374.73000000,52188.87670000
1777863600000,2374.73000000,2391.00000000,2371.74000000,2385.12000000,32108.65260000
1777867200000,2385.11000000,2398.93000000,2384.37000000,2390.12000000,21582.92970000
1777870800000,2390.12000000,2391.28000000,2375.26000000,2376.19000000,17415.08910000
1777874400000,2376.19000000,2378.42000000,2354.20000000,2368.41000000,20127.19190000
1777878000000,2368.41000000,2373.87000000,2362.51000000,2362.80000000,10295.30820000
1777881600000,2362.79000000,2365.11000000,2357.30000000,2360.04000000,9858.63130000
1777885200000,2360.04000000,2371.09000000,2358.04000000,2368.71000000,8607.63500000
1777888800000,2368.72000000,2369.89000000,2314.25000000,2338.36000000,57424.27630000
1777892400000,2338.35000000,2343.62000000,2332.91000000,2337.59000000,9840.48950000
1777896000000,2337.59000000,2343.78000000,2333.04000000,2335.53000000,7733.18190000
1777899600000,2335.53000000,2344.53000000,2325.71000000,2336.53000000,17747.97410000
1777903200000,2336.53000000,2381.80000000,2327.47000000,2371.39000000,36557.22850000
1777906800000,2371.40000000,2374.38000000,2336.01000000,2350.10000000,41176.80860000
1777910400000,2350.11000000,2365.00000000,2336.63000000,2355.28000000,23191.64950000
1777914000000,2355.27000000,2379.52000000,2353.84000000,2370.09000000,18853.82440000
1777917600000,2370.10000000,2374.86000000,2357.02000000,2361.41000000,12397.37820000
1777921200000,2361.42000000,2364.35000000,2353.52000000,2356.52000000,7858.59210000
1777924800000,2356.52000000,2359.12000000,2347.77000000,2350.15000000,5105.17740000
1777928400000,2350.14000000,2364.59000000,2350.14000000,2360.89000000,3844.63450000
1777932000000,2360.89000000,2365.91000000,2353.95000000,2354.58000000,5172.54170000
1777935600000,2354.58000000,2354.58000000,2344.83000000,2347.16000000,3902.26010000
1777939200000,2347.17000000,2359.00000000,2344.93000000,2358.83000000,4815.83220000
1777942800000,2358.83000000,2364.49000000,2355.10000000,2361.82000000,4711.32650000
1777946400000,2361.81000000,2377.80000000,2359.10000000,2367.72000000,10448.21310000
1777950000000,2367.72000000,2389.38000000,2364.71000000,2382.43000000,23394.28190000
1777953600000,2382.43000000,2386.00000000,2376.04000000,2381.11000000,9427.60930000
1777957200000,2381.10000000,2390.74000000,2376.88000000,2380.19000000,13610.81160000
1777960800000,2380.19000000,2381.51000000,2367.35000000,2378.85000000,12310.88700000
1777964400000,2378.84000000,2388.56000000,2375.81000000,2380.59000000,13689.63260000
1777968000000,2380.59000000,2384.62000000,2373.00000000,2376.81000000,7058.71600000
1777971600000,2376.82000000,2376.96000000,2366.76000000,2369.60000000,6990.99070000
1777975200000,2369.60000000,2379.34000000,2367.30000000,2378.41000000,7091.04500000
1777978800000,2378.42000000,2383.49000000,2372.95000000,2379.89000000,8240.20180000
1777982400000,2379.89000000,2390.47000000,2376.34000000,2388.52000000,11730.36560000
1777986000000,2388.52000000,2399.50000000,2383.50000000,2388.72000000,26443.45700000
1777989600000,2388.71000000,2392.36000000,2369.17000000,2378.78000000,27223.16590000
1777993200000,2378.78000000,2387.93000000,2375.50000000,2381.31000000,13411.52150000
1777996800000,2381.30000000,2383.38000000,2361.00000000,2365.94000000,17932.14440000
1778000400000,2365.94000000,2369.92000000,2359.71000000,2362.80000000,9807.30240000
1778004000000,2362.81000000,2374.78000000,2362.81000000,2372.28000000,8710.19090000
1778007600000,2372.28000000,2376.73000000,2369.33000000,2371.94000000,4461.63510000
1778011200000,2371.94000000,2387.00000000,2371.21000000,2382.41000000,11866.11530000
1778014800000,2382.41000000,2388.54000000,2368.90000000,2375.43000000,9166.37060000
1778018400000,2375.43000000,2381.68000000,2354.34000000,2367.51000000,14184.53710000
1778022000000,2367.51000000,2369.75000000,2355.00000000,2360.77000000,9910.37770000
1778025600000,2360.76000000,2367.72000000,2355.00000000,2364.63000000,9670.61290000
1778029200000,2364.63000000,2376.99000000,2362.75000000,2373.19000000,8948.27430000
1778032800000,2373.20000000,2373.70000000,2360.00000000,2369.75000000,6539.21280000
1778036400000,2369.75000000,2380.87000000,2368.08000000,2376.80000000,7896.70320000
1778040000000,2376.81000000,2379.40000000,2361.25000000,2366.08000000,7910.60150000
1778043600000,2366.08000000,2366.99000000,2355.00000000,2365.03000000,11450.57820000
1778047200000,2365.03000000,2371.29000000,2361.00000000,2370.52000000,6311.32670000
1778050800000,2370.53000000,2375.00000000,2368.57000000,2371.74000000,7842.16610000
1778054400000,2371.74000000,2396.19000000,2369.16000000,2394.33000000,18454.83800000
1778058000000,2394.32000000,2418.39000000,2384.80000000,2412.76000000,47718.37650000
1778061600000,2412.77000000,2414.43000000,2405.18000000,2410.20000000,17192.89720000
1778065200000,2410.20000000,2423.74000000,2408.34000000,2410.47000000,30434.93490000
1778068800000,2410.47000000,2413.59000000,2400.55000000,2405.11000000,22282.12910000
1778072400000,2405.11000000,2405.11000000,2365.01000000,2368.51000000,42551.56330000
1778076000000,2368.52000000,2373.29000000,2346.68000000,2359.23000000,51777.31810000
1778079600000,2359.23000000,2366.00000000,2354.98000000,2359.10000000,20851.53100000
1778083200000,2359.10000000,2367.47000000,2350.56000000,2358.08000000,19002.55030000
1778086800000,2358.09000000,2360.99000000,2347.71000000,2349.70000000,13561.19730000
1778090400000,2349.71000000,2352.55000000,2338.00000000,2345.00000000,18017.07740000
1778094000000,2345.00000000,2350.00000000,2342.14000000,2348.50000000,9241.85520000
1778097600000,2348.49000000,2357.04000000,2345.23000000,2350.94000000,13484.21910000
1778101200000,2350.94000000,2357.45000000,2345.83000000,2354.52000000,10416.75860000
1778104800000,2354.52000000,2355.05000000,2344.99000000,2347.28000000,8076.53310000
1778108400000,2347.28000000,2351.34000000,2338.28000000,2350.84000000,11034.06130000
1778112000000,2350.84000000,2352.30000000,2329.05000000,2329.65000000,13622.32340000
1778115600000,2329.66000000,2335.00000000,2314.16000000,2327.41000000,18902.74930000
1778119200000,2327.40000000,2327.95000000,2313.89000000,2321.88000000,19439.19490000
1778122800000,2321.89000000,2326.20000000,2315.74000000,2322.39000000,11540.04970000
1778126400000,2322.39000000,2327.52000000,2317.80000000,2327.51000000,10417.53780000
1778130000000,2327.51000000,2333.97000000,2327.02000000,2331.08000000,10970.91920000
1778133600000,2331.08000000,2338.57000000,2320.00000000,2337.13000000,14009.38160000
1778137200000,2337.14000000,2346.89000000,2336.72000000,2344.59000000,16120.17130000
1778140800000,2344.59000000,2346.60000000,2332.00000000,2333.73000000,15120.56010000
1778144400000,2333.73000000,2337.11000000,2326.83000000,2329.05000000,13919.74830000
1778148000000,2329.04000000,2331.63000000,2317.35000000,2326.78000000,13596.46650000
1778151600000,2326.78000000,2331.59000000,2325.45000000,2329.94000000,11503.00690000
1778155200000,2329.94000000,2337.13000000,2329.04000000,2333.01000000,12385.89480000
1778158800000,2333.02000000,2333.02000000,2305.40000000,2314.32000000,39011.66860000
1778162400000,2314.32000000,2318.75000000,2289.51000000,2298.98000000,46781.22340000
1778166000000,2298.98000000,2304.52000000,2285.95000000,2294.82000000,31328.16540000
1778169600000,2294.82000000,2298.20000000,2285.37000000,2291.81000000,28001.19370000
1778173200000,2291.81000000,2301.25000000,2280.10000000,2299.60000000,28378.65800000
1778176800000,2299.61000000,2304.00000000,2291.27000000,2296.19000000,23860.34860000
1778180400000,2296.18000000,2297.09000000,2287.88000000,2295.98000000,18517.28170000
1778184000000,2295.98000000,2302.57000000,2287.94000000,2289.10000000,34000.85840000
1778187600000,2289.10000000,2294.29000000,2281.29000000,2287.68000000,12799.08630000
1778191200000,2287.68000000,2290.24000000,2281.04000000,2287.03000000,16424.34290000
1778194800000,2287.03000000,2293.24000000,2286.11000000,2291.06000000,8871.10700000
1778198400000,2291.06000000,2294.28000000,2283.66000000,2286.83000000,9997.27810000
1778202000000,2286.83000000,2289.31000000,2280.28000000,2285.06000000,10079.19810000
1778205600000,2285.06000000,2285.71000000,2268.00000000,2279.15000000,18687.35910000
1778209200000,2279.15000000,2281.60000000,2265.61000000,2278.76000000,15605.19080000
1778212800000,2278.77000000,2284.54000000,2276.50000000,2281.63000000,9647.49550000
1778216400000,2281.63000000,2284.00000000,2275.97000000,2275.97000000,11633.25800000
1778220000000,2275.98000000,2278.50000000,2268.60000000,2275.22000000,31348.26990000
1778223600000,2275.23000000,2282.69000000,2267.15000000,2281.35000000,21264.44150000
1778227200000,2281.37000000,2289.13000000,2280.15000000,2283.56000000,17210.39140000
1778230800000,2283.56000000,2292.12000000,2280.35000000,2284.34000000,15015.73970000
1778234400000,2284.34000000,2290.96000000,2281.17000000,2287.94000000,15731.50780000
1778238000000,2287.95000000,2298.01000000,2287.95000000,2295.38000000,17761.49840000
1778241600000,2295.38000000,2302.00000000,2282.46000000,2284.53000000,16435.04080000
1778245200000,2284.53000000,2287.00000000,2269.96000000,2276.46000000,28468.80060000
1778248800000,2276.46000000,2292.66000000,2273.32000000,2285.72000000,25640.10370000
1778252400000,2285.72000000,2294.44000000,2274.94000000,2293.20000000,14657.39700000
1778256000000,2293.20000000,2294.37000000,2286.42000000,2289.93000000,13453.99680000
1778259600000,2289.93000000,2315.63000000,2289.39000000,2304.86000000,23598.57360000
1778263200000,2304.87000000,2321.22000000,2304.87000000,2313.49000000,19654.01220000
1778266800000,2313.49000000,2320.36000000,2312.48000000,2316.05000000,19777.93800000
1778270400000,2316.06000000,2317.00000000,2305.36000000,2306.65000000,26417.62090000
1778274000000,2306.64000000,2314.94000000,2304.21000000,2314.63000000,14078.50610000
1778277600000,2314.62000000,2319.15000000,2310.26000000,2310.98000000,12732.97210000
1778281200000,2310.98000000,2310.98000000,2303.19000000,2307.06000000,12138.56810000
1778284800000,2307.07000000,2312.03000000,2304.19000000,2308.55000000,11551.95400000
1778288400000,2308.55000000,2318.45000000,2308.23000000,2314.22000000,10857.77670000
1778292000000,2314.23000000,2320.30000000,2313.80000000,2317.07000000,9468.17300000
1778295600000,2317.07000000,2320.77000000,2312.60000000,2315.33000000,7290.81510000
1778299200000,2315.33000000,2325.33000000,2311.27000000,2312.35000000,27184.84100000
1778302800000,2312.35000000,2318.29000000,2310.90000000,2314.82000000,5918.43340000
1778306400000,2314.82000000,2319.59000000,2312.95000000,2314.35000000,10307.91160000
1778310000000,2314.35000000,2318.56000000,2311.34000000,2314.69000000,8349.90500000
1778313600000,2314.69000000,2320.53000000,2314.23000000,2317.16000000,8698.33080000
1778317200000,2317.16000000,2317.52000000,2311.37000000,2313.28000000,6746.95800000
1778320800000,2313.28000000,2315.03000000,2310.24000000,2312.50000000,4778.59190000
1778324400000,2312.49000000,2315.56000000,2312.49000000,2314.57000000,5435.84730000
1778328000000,2314.56000000,2318.27000000,2313.24000000,2316.54000000,5219.30630000
1778331600000,2316.54000000,2316.55000000,2311.69000000,2314.34000000,4773.33480000
1778335200000,2314.34000000,2315.32000000,2305.21000000,2308.27000000,8247.08320000
1778338800000,2308.27000000,2317.64000000,2300.00000000,2317.63000000,12866.05550000
1778342400000,2317.64000000,2325.28000000,2315.29000000,2319.99000000,15466.00990000
1778346000000,2320.00000000,2333.61000000,2320.00000000,2329.45000000,21099.49220000
1778349600000,2329.46000000,2338.37000000,2328.80000000,2330.22000000,11248.54600000
1778353200000,2330.23000000,2333.10000000,2326.54000000,2332.01000000,9103.60020000
1778356800000,2332.02000000,2332.81000000,2327.26000000,2329.18000000,5902.36180000
1778360400000,2329.17000000,2331.55000000,2328.62000000,2330.82000000,6093.51710000
1778364000000,2330.82000000,2333.47000000,2327.22000000,2329.89000000,6868.12510000
1778367600000,2329.89000000,2331.96000000,2324.70000000,2326.44000000,6954.18710000
1778371200000,2326.43000000,2329.71000000,2321.16000000,2323.89000000,7913.82340000
1778374800000,2323.90000000,2324.97000000,2318.33000000,2323.67000000,9455.72550000
1778378400000,2323.68000000,2328.00000000,2320.08000000,2327.94000000,7197.48560000
1778382000000,2327.94000000,2332.91000000,2323.70000000,2327.76000000,8711.10210000
1778385600000,2327.75000000,2330.98000000,2326.10000000,2328.27000000,7716.13430000
1778389200000,2328.28000000,2330.00000000,2326.51000000,2327.30000000,6244.92760000
1778392800000,2327.30000000,2330.75000000,2326.65000000,2329.30000000,6968.68380000
1778396400000,2329.31000000,2332.09000000,2327.36000000,2327.36000000,6034.60590000
1778400000000,2327.36000000,2331.83000000,2326.16000000,2330.15000000,7669.50070000
1778403600000,2330.16000000,2333.59000000,2326.92000000,2328.22000000,6313.07100000
1778407200000,2328.23000000,2328.82000000,2323.38000000,2325.46000000,7346.51570000
1778410800000,2325.46000000,2327.42000000,2319.00000000,2322.58000000,7550.91180000
1778414400000,2322.59000000,2325.35000000,2320.87000000,2324.12000000,5841.89520000
1778418000000,2324.12000000,2331.99000000,2323.28000000,2329.80000000,11818.96590000
1778421600000,2329.80000000,2335.00000000,2326.94000000,2330.90000000,11780.75080000
1778425200000,2330.90000000,2351.66000000,2330.90000000,2347.56000000,22485.36560000
1778428800000,2347.56000000,2350.85000000,2340.11000000,2350.00000000,17749.15020000
1778432400000,2349.99000000,2368.00000000,2345.40000000,2364.10000000,114535.23660000
1778436000000,2364.11000000,2366.79000000,2356.63000000,2358.54000000,11161.52800000
1778439600000,2358.53000000,2366.79000000,2351.25000000,2365.54000000,10978.64510000
1778443200000,2365.54000000,2369.86000000,2311.83000000,2328.76000000,30933.28060000
1778446800000,2328.76000000,2336.85000000,2324.02000000,2330.80000000,15363.92270000
1778450400000,2330.79000000,2377.64000000,2327.92000000,2373.78000000,33668.53410000
1778454000000,2373.78000000,2382.53000000,2367.95000000,2371.27000000,22683.10010000
1778457600000,2371.26000000,2374.92000000,2344.59000000,2352.35000000,19323.69840000
1778461200000,2352.36000000,2365.58000000,2345.33000000,2358.54000000,9293.83150000
1778464800000,2358.54000000,2360.79000000,2343.38000000,2345.39000000,9280.18670000
1778468400000,2345.40000000,2345.40000000,2320.01000000,2330.56000000,22426.55500000
1778472000000,2330.56000000,2335.99000000,2326.66000000,2332.85000000,10862.77750000
1778475600000,2332.85000000,2340.49000000,2332.05000000,2335.30000000,9834.66590000
1778479200000,2335.29000000,2342.44000000,2330.05000000,2333.48000000,9215.66800000
1778482800000,2333.49000000,2333.49000000,2328.25000000,2330.54000000,5396.16460000
1778486400000,2330.55000000,2334.66000000,2326.66000000,2330.48000000,7149.02020000
1778490000000,2330.48000000,2338.61000000,2330.26000000,2336.08000000,4110.15030000
1778493600000,2336.07000000,2339.90000000,2329.93000000,2329.94000000,5470.28460000
1778497200000,2329.93000000,2335.80000000,2327.43000000,2335.80000000,4609.63100000
1778500800000,2335.80000000,2338.89000000,2328.79000000,2329.50000000,7140.95350000
1778504400000,2329.51000000,2332.86000000,2314.77000000,2322.32000000,15820.00730000
1778508000000,2322.31000000,2328.80000000,2304.00000000,2316.48000000,18307.60630000
1778511600000,2316.48000000,2335.60000000,2313.40000000,2333.48000000,13019.65860000
1778515200000,2333.48000000,2341.21000000,2327.38000000,2329.78000000,15011.53990000
1778518800000,2329.79000000,2343.83000000,2323.68000000,2336.71000000,10465.53710000
1778522400000,2336.71000000,2344.35000000,2334.55000000,2335.35000000,10798.42890000
1778526000000,2335.35000000,2344.00000000,2331.92000000,2340.43000000,7110.35870000
1778529600000,2340.44000000,2345.44000000,2336.27000000,2338.15000000,7593.57020000
1778533200000,2338.16000000,2342.49000000,2336.36000000,2340.71000000,5121.32530000
1778536800000,2340.71000000,2345.68000000,2336.63000000,2341.43000000,5867.56760000
1778540400000,2341.43000000,2342.23000000,2335.08000000,2339.87000000,3732.86810000
1778544000000,2339.88000000,2340.85000000,2332.13000000,2333.54000000,5083.89580000
1778547600000,2333.54000000,2335.66000000,2295.01000000,2311.41000000,27250.34840000
1778551200000,2311.40000000,2317.00000000,2307.20000000,2315.89000000,8716.19700000
1778554800000,2315.89000000,2317.31000000,2307.20000000,2309.37000000,5742.04840000
1778558400000,2309.36000000,2314.49000000,2305.65000000,2310.92000000,5344.51110000
1778562000000,2310.92000000,2314.08000000,2309.74000000,2310.12000000,6159.88590000
1778565600000,2310.13000000,2313.84000000,2302.63000000,2303.89000000,8109.01350000
1778569200000,2303.90000000,2304.82000000,2291.63000000,2295.20000000,15768.30220000
1778572800000,2295.20000000,2296.27000000,2280.00000000,2288.01000000,25800.43160000
1778576400000,2288.00000000,2295.30000000,2281.10000000,2292.84000000,11101.25730000
1778580000000,2292.84000000,2293.88000000,2281.42000000,2286.20000000,14416.28190000
1778583600000,2286.21000000,2287.09000000,2278.57000000,2287.01000000,9074.82740000
1778587200000,2287.02000000,2294.01000000,2281.14000000,2288.97000000,10709.24510000
1778590800000,2288.97000000,2292.51000000,2268.88000000,2271.99000000,17980.85570000
1778594400000,2271.99000000,2281.89000000,2262.37000000,2269.18000000,18461.40510000
1778598000000,2269.18000000,2274.38000000,2256.67000000,2261.85000000,16513.77230000
1778601600000,2261.86000000,2271.24000000,2256.27000000,2263.83000000,11372.99980000
1778605200000,2263.83000000,2278.00000000,2263.83000000,2276.59000000,6397.29530000
1778608800000,2276.60000000,2284.60000000,2274.67000000,2279.30000000,6729.21040000
1778612400000,2279.31000000,2287.43000000,2279.15000000,2285.09000000,5237.42830000
1778616000000,2285.10000000,2287.39000000,2281.32000000,2285.04000000,3679.29570000
1778619600000,2285.05000000,2287.64000000,2282.81000000,2285.40000000,3407.41660000
1778623200000,2285.41000000,2291.37000000,2282.24000000,2282.34000000,4370.61330000
1778626800000,2282.34000000,2284.18000000,2273.88000000,2274.96000000,5554.57010000
1778630400000,2274.97000000,2286.79000000,2273.34000000,2281.56000000,4782.35350000
1778634000000,2281.56000000,2295.29000000,2280.99000000,2289.98000000,8336.96210000
1778637600000,2289.99000000,2299.89000000,2286.96000000,2293.99000000,6723.59220000
1778641200000,2293.99000000,2303.77000000,2292.44000000,2301.77000000,5786.80430000
1778644800000,2301.76000000,2309.00000000,2298.47000000,2306.67000000,5667.69910000
1778648400000,2306.68000000,2307.48000000,2295.63000000,2297.76000000,6007.47380000
1778652000000,2297.77000000,2305.13000000,2297.26000000,2301.84000000,4402.67540000
1778655600000,2301.84000000,2303.03000000,2296.95000000,2301.07000000,4164.75970000
1778659200000,2301.07000000,2316.96000000,2300.73000000,2316.64000000,11302.72900000
1778662800000,2316.65000000,2323.36000000,2314.45000000,2321.19000000,12175.56180000
1778666400000,2321.18000000,2321.60000000,2305.55000000,2308.46000000,7214.56200000
1778670000000,2308.46000000,2308.91000000,2299.00000000,2301.82000000,8961.86030000
1778673600000,2301.83000000,2307.54000000,2270.01000000,2284.35000000,21804.24650000
1778677200000,2284.35000000,2288.31000000,2258.51000000,2262.80000000,25468.68090000
1778680800000,2262.80000000,2270.97000000,2251.05000000,2267.39000000,23727.93780000
1778684400000,2267.39000000,2270.25000000,2234.13000000,2236.49000000,30418.87820000
1778688000000,2236.48000000,2253.35000000,2235.48000000,2250.75000000,23968.62560000
1778691600000,2250.75000000,2261.77000000,2250.75000000,2258.31000000,9344.96910000
1778695200000,2258.32000000,2268.49000000,2258.32000000,2259.68000000,14360.44090000
1778698800000,2259.67000000,2260.71000000,2250.56000000,2256.53000000,7585.25440000
1778702400000,2256.53000000,2264.46000000,2256.43000000,2263.75000000,4878.86970000
1778706000000,2263.76000000,2264.07000000,2253.70000000,2255.79000000,3683.17320000
1778709600000,2255.80000000,2260.55000000,2251.00000000,2259.60000000,4213.45890000
1778713200000,2259.59000000,2261.79000000,2254.83000000,2258.65000000,3474.16150000
1778716800000,2258.66000000,2269.37000000,2258.14000000,2266.58000000,6486.75700000
1778720400000,2266.58000000,2269.37000000,2259.90000000,2264.91000000,4348.59640000
1778724000000,2264.90000000,2266.75000000,2247.71000000,2251.53000000,8195.26170000
1778727600000,2251.54000000,2255.00000000,2238.64000000,2242.14000000,9365.14620000
1778731200000,2242.14000000,2258.25000000,2239.54000000,2256.70000000,5139.32020000
1778734800000,2256.69000000,2273.71000000,2255.53000000,2268.44000000,10348.16300000
1778738400000,2268.44000000,2275.20000000,2266.86000000,2267.71000000,8095.97770000
1778742000000,2267.72000000,2270.79000000,2263.88000000,2265.48000000,5020.07280000
1778745600000,2265.49000000,2270.99000000,2262.05000000,2266.36000000,7411.15370000
1778749200000,2266.35000000,2267.72000000,2252.76000000,2257.80000000,8310.43770000
1778752800000,2257.80000000,2265.51000000,2255.84000000,2262.14000000,7115.75910000
1778756400000,2262.13000000,2264.00000000,2252.53000000,2253.81000000,8187.75990000
1778760000000,2253.81000000,2263.24000000,2248.00000000,2261.48000000,8236.37440000
1778763600000,2261.48000000,2265.32000000,2248.43000000,2249.42000000,15476.06020000
1778767200000,2249.42000000,2289.00000000,2246.13000000,2286.99000000,22674.60060000
1778770800000,2287.00000000,2299.70000000,2280.63000000,2298.48000000,22364.74920000
1778774400000,2298.48000000,2318.66000000,2293.96000000,2316.36000000,28595.75390000
1778778000000,2316.35000000,2319.33000000,2296.57000000,2308.18000000,20630.79280000
1778781600000,2308.17000000,2316.78000000,2303.00000000,2309.63000000,11885.17140000
1778785200000,2309.64000000,2312.22000000,2297.50000000,2298.34000000,10168.44990000
1778788800000,2298.34000000,2301.43000000,2288.70000000,2298.08000000,8543.81950000
1778792400000,2298.08000000,2300.27000000,2290.00000000,2297.19000000,6869.12930000
1778796000000,2297.20000000,2301.67000000,2295.20000000,2298.16000000,4426.49120000
1778799600000,2298.16000000,2298.16000000,2280.18000000,2283.25000000,8785.03810000
1778803200000,2283.26000000,2300.29000000,2281.78000000,2291.39000000,9357.08660000
1778806800000,2291.39000000,2294.74000000,2274.06000000,2275.45000000,14053.43480000
1778810400000,2275.46000000,2279.26000000,2260.45000000,2276.37000000,21187.19740000
1778814000000,2276.37000000,2279.64000000,2267.98000000,2273.34000000,12349.30000000
1778817600000,2273.35000000,2273.91000000,2262.74000000,2263.33000000,5390.79150000
1778821200000,2263.33000000,2267.00000000,2237.95000000,2245.41000000,25297.90030000
1778824800000,2245.40000000,2256.92000000,2243.80000000,2255.35000000,8254.69430000
1778828400000,2255.36000000,2271.64000000,2253.63000000,2265.11000000,11363.63770000
1778832000000,2265.11000000,2265.42000000,2250.00000000,2257.56000000,10928.00660000
1778835600000,2257.56000000,2260.00000000,2250.82000000,2254.50000000,5542.76330000
1778839200000,2254.50000000,2264.49000000,2252.35000000,2262.44000000,7868.50400000
1778842800000,2262.44000000,2263.95000000,2257.26000000,2257.57000000,6432.37800000
1778846400000,2257.56000000,2260.72000000,2251.14000000,2254.29000000,7355.91210000
1778850000000,2254.29000000,2254.29000000,2210.31000000,2213.68000000,42412.99390000
1778853600000,2213.69000000,2223.79000000,2205.11000000,2213.35000000,36623.71700000
1778857200000,2213.35000000,2223.96000000,2209.79000000,2222.85000000,11937.23920000
1778860800000,2222.86000000,2231.11000000,2218.90000000,2224.59000000,11576.29530000
1778864400000,2224.59000000,2232.88000000,2224.26000000,2229.47000000,8834.43470000
1778868000000,2229.47000000,2232.86000000,2224.97000000,2228.36000000,6715.79590000
1778871600000,2228.35000000,2228.42000000,2222.27000000,2223.35000000,5728.01310000
1778875200000,2223.35000000,2226.13000000,2216.99000000,2220.14000000,6208.49650000
1778878800000,2220.13000000,2225.08000000,2215.00000000,2216.99000000,5279.62430000
1778882400000,2217.00000000,2225.01000000,2216.99000000,2224.18000000,5017.08960000
1778886000000,2224.18000000,2226.29000000,2222.88000000,2224.66000000,2821.24460000
1778889600000,2224.65000000,2231.51000000,2223.81000000,2227.00000000,3301.80640000
1778893200000,2226.99000000,2230.85000000,2223.53000000,2229.62000000,2980.28520000
1778896800000,2229.62000000,2231.50000000,2227.00000000,2229.91000000,2565.15920000
1778900400000,2229.91000000,2230.64000000,2227.11000000,2228.01000000,2329.58100000
1778904000000,2228.00000000,2228.96000000,2218.35000000,2225.98000000,4171.07140000
1778907600000,2225.99000000,2227.13000000,2222.69000000,2225.37000000,2311.45520000
1778911200000,2225.38000000,2226.89000000,2209.70000000,2215.45000000,8055.16700000
1778914800000,2215.46000000,2215.81000000,2182.00000000,2194.81000000,38322.88800000
1778918400000,2194.81000000,2196.87000000,2192.01000000,2193.26000000,6028.14630000
1778922000000,2193.26000000,2193.85000000,2162.60000000,2173.57000000,27888.78430000
1778925600000,2173.57000000,2175.00000000,2162.55000000,2173.85000000,18882.44850000
1778929200000,2173.85000000,2181.00000000,2173.85000000,2176.10000000,13389.52100000
1778932800000,2176.11000000,2179.26000000,2173.18000000,2176.50000000,8013.18970000
1778936400000,2176.50000000,2180.00000000,2172.30000000,2177.12000000,8775.79860000
1778940000000,2177.12000000,2188.16000000,2173.51000000,2179.93000000,11130.76090000
1778943600000,2179.92000000,2183.79000000,2176.90000000,2180.00000000,10245.23400000
1778947200000,2180.00000000,2183.52000000,2170.50000000,2174.11000000,13727.57610000
1778950800000,2174.11000000,2180.79000000,2174.11000000,2178.91000000,3445.35750000
1778954400000,2178.91000000,2185.22000000,2176.36000000,2181.35000000,3877.53290000
1778958000000,2181.35000000,2182.77000000,2179.23000000,2179.57000000,2125.66200000
1778961600000,2179.57000000,2182.90000000,2179.57000000,2181.45000000,1871.61780000
1778965200000,2181.45000000,2183.54000000,2180.94000000,2182.39000000,1877.71500000
1778968800000,2182.39000000,2183.28000000,2179.77000000,2180.47000000,1852.32980000
1778972400000,2180.46000000,2183.03000000,2179.35000000,2180.77000000,2119.48830000
1778976000000,2180.77000000,2185.60000000,2174.08000000,2177.59000000,4798.11360000
1778979600000,2177.60000000,2183.60000000,2167.98000000,2169.18000000,9613.59510000
1778983200000,2169.17000000,2176.25000000,2169.17000000,2174.50000000,3805.47050000
1778986800000,2174.51000000,2184.50000000,2174.26000000,2181.70000000,4100.26570000
1778990400000,2181.71000000,2190.37000000,2181.14000000,2187.61000000,5607.16940000
1778994000000,2187.61000000,2195.00000000,2185.63000000,2185.91000000,4862.89710000
1778997600000,2185.91000000,2188.00000000,2181.70000000,2185.02000000,3780.42180000
1779001200000,2185.02000000,2188.49000000,2182.53000000,2186.64000000,3050.49990000
1779004800000,2186.63000000,2187.06000000,2183.12000000,2185.95000000,2632.74650000
1779008400000,2185.95000000,2191.38000000,2185.91000000,2190.23000000,2889.17470000
1779012000000,2190.22000000,2198.14000000,2190.22000000,2194.28000000,5616.85750000
1779015600000,2194.29000000,2194.72000000,2188.00000000,2192.00000000,4451.99910000
1779019200000,2192.00000000,2198.04000000,2191.34000000,2194.30000000,3964.15530000
1779022800000,2194.30000000,2194.93000000,2187.29000000,2192.12000000,4823.52270000
1779026400000,2192.12000000,2192.39000000,2178.39000000,2186.64000000,6752.41170000
1779030000000,2186.64000000,2188.84000000,2181.20000000,2186.51000000,3341.19700000
1779033600000,2186.51000000,2189.12000000,2182.15000000,2182.51000000,2827.40530000
1779037200000,2182.52000000,2184.95000000,2176.63000000,2183.67000000,4289.41980000
1779040800000,2183.68000000,2188.50000000,2179.13000000,2188.49000000,2741.36400000
1779044400000,2188.50000000,2193.62000000,2187.56000000,2192.53000000,2510.04600000
1779048000000,2192.54000000,2193.68000000,2186.98000000,2189.55000000,2455.05330000
1779051600000,2189.55000000,2194.82000000,2187.24000000,2191.81000000,2300.40230000
1779055200000,2191.80000000,2191.80000000,2174.01000000,2179.69000000,11039.91880000
1779058800000,2179.70000000,2179.70000000,2091.48000000,2131.00000000,72862.70780000
1779062400000,2131.00000000,2132.00000000,2104.99000000,2115.46000000,33448.58020000
1779066000000,2115.47000000,2121.33000000,2106.50000000,2117.54000000,16339.63000000
1779069600000,2117.54000000,2124.00000000,2112.78000000,2116.64000000,9170.89860000
1779073200000,2116.65000000,2123.91000000,2115.89000000,2118.44000000,7975.82250000
1779076800000,2118.44000000,2125.50000000,2114.24000000,2124.85000000,6837.71620000
1779080400000,2124.85000000,2125.83000000,2117.00000000,2118.25000000,6453.77770000
1779084000000,2118.25000000,2121.00000000,2110.00000000,2119.03000000,9048.74900000
1779087600000,2119.04000000,2123.99000000,2112.07000000,2120.82000000,9795.75520000
1779091200000,2120.82000000,2124.05000000,2117.48000000,2121.57000000,6329.88020000
1779094800000,2121.57000000,2121.93000000,2116.03000000,2116.88000000,4262.85060000
1779098400000,2116.88000000,2117.59000000,2112.65000000,2114.55000000,6334.93780000
1779102000000,2114.56000000,2139.75000000,2110.50000000,2133.90000000,15910.73190000
1779105600000,2133.90000000,2157.24000000,2133.90000000,2151.01000000,25623.84350000
1779109200000,2151.02000000,2151.41000000,2120.25000000,2130.91000000,25177.85510000
1779112800000,2130.90000000,2130.90000000,2098.01000000,2110.32000000,31644.55940000
1779116400000,2110.32000000,2111.30000000,2093.77000000,2107.48000000,31279.27440000
1779120000000,2107.49000000,2111.19000000,2090.56000000,2097.71000000,18252.34440000
1779123600000,2097.71000000,2110.19000000,2095.33000000,2108.21000000,10461.84630000
1779127200000,2108.21000000,2109.12000000,2077.23000000,2081.32000000,29604.62770000
1779130800000,2081.31000000,2128.49000000,2079.64000000,2125.07000000,35288.42710000
1779134400000,2125.07000000,2131.03000000,2115.01000000,2117.61000000,10615.76070000
1779138000000,2117.62000000,2142.67000000,2114.59000000,2137.38000000,14324.13220000
1779141600000,2137.39000000,2142.57000000,2130.50000000,2135.74000000,12285.91810000
1779145200000,2135.73000000,2139.17000000,2127.75000000,2130.08000000,5410.47440000
1779148800000,2130.08000000,2146.95000000,2128.44000000,2135.88000000,7752.77330000
1779152400000,2135.88000000,2138.40000000,2123.71000000,2124.92000000,8258.80950000
1779156000000,2124.92000000,2135.67000000,2118.60000000,2123.31000000,7646.15330000
1779159600000,2123.30000000,2134.61000000,2122.06000000,2131.30000000,5007.29460000
1779163200000,2131.30000000,2136.65000000,2128.22000000,2133.88000000,4628.43930000
1779166800000,2133.88000000,2137.74000000,2123.61000000,2135.21000000,7384.82640000
1779170400000,2135.21000000,2140.31000000,2132.71000000,2137.52000000,5544.42310000
1779174000000,2137.52000000,2145.00000000,2135.29000000,2140.97000000,7115.44730000
1779177600000,2140.97000000,2141.40000000,2131.01000000,2133.72000000,7074.35050000
1779181200000,2133.72000000,2134.50000000,2111.25000000,2114.49000000,12094.79320000
1779184800000,2114.49000000,2121.96000000,2106.77000000,2118.36000000,10403.77650000
1779188400000,2118.37000000,2120.24000000,2109.22000000,2110.85000000,5522.71460000
1779192000000,2110.85000000,2119.35000000,2108.64000000,2118.49000000,5822.65550000
1779195600000,2118.50000000,2127.53000000,2107.65000000,2119.03000000,17708.00040000
1779199200000,2119.02000000,2123.60000000,2094.47000000,2106.55000000,23710.82990000
1779202800000,2106.54000000,2113.42000000,2103.58000000,2110.19000000,8637.85220000
1779206400000,2110.20000000,2122.45000000,2107.12000000,2121.12000000,6845.57030000
1779210000000,2121.11000000,2125.07000000,2112.92000000,2115.75000000,6373.82640000
1779213600000,2115.75000000,2119.62000000,2110.74000000,2115.28000000,5018.49480000
1779217200000,2115.27000000,2123.16000000,2110.14000000,2113.15000000,6436.97050000
1779220800000,2113.14000000,2118.82000000,2112.41000000,2118.39000000,2362.18800000
1779224400000,2118.38000000,2120.59000000,2116.69000000,2116.97000000,3414.53510000
1779228000000,2116.97000000,2116.97000000,2102.09000000,2106.40000000,7180.97320000
1779231600000,2106.40000000,2118.68000000,2104.66000000,2111.93000000,4999.37710000
1779235200000,2111.93000000,2115.95000000,2103.30000000,2111.29000000,5979.51790000
1779238800000,2111.29000000,2119.24000000,2103.29000000,2115.28000000,6978.79380000
1779242400000,2115.28000000,2117.14000000,2106.01000000,2109.43000000,3194.68350000
1779246000000,2109.42000000,2116.30000000,2106.10000000,2111.60000000,3161.48430000
1779249600000,2111.60000000,2114.78000000,2107.30000000,2113.20000000,3859.84960000
1779253200000,2113.20000000,2130.38000000,2113.20000000,2125.63000000,14210.00760000
1779256800000,2125.63000000,2134.41000000,2125.62000000,2133.75000000,10055.35380000
1779260400000,2133.76000000,2136.50000000,2128.51000000,2129.74000000,6989.07840000
1779264000000,2129.75000000,2138.00000000,2128.87000000,2131.91000000,8115.63620000
1779267600000,2131.91000000,2133.00000000,2127.70000000,2129.36000000,4337.41430000
1779271200000,2129.36000000,2137.02000000,2129.36000000,2130.82000000,4806.96900000
1779274800000,2130.82000000,2132.24000000,2124.28000000,2128.30000000,4923.40520000
1779278400000,2128.31000000,2140.00000000,2127.02000000,2134.01000000,5842.36350000
1779282000000,2134.02000000,2135.73000000,2115.69000000,2120.61000000,16409.06090000
1779285600000,2120.62000000,2139.63000000,2113.87000000,2135.25000000,19511.99750000
1779289200000,2135.24000000,2149.00000000,2129.02000000,2136.75000000,17153.56180000
1779292800000,2136.76000000,2140.51000000,2124.10000000,2135.46000000,9337.62790000
1779296400000,2135.46000000,2148.77000000,2132.14000000,2140.50000000,10779.11260000
1779300000000,2140.50000000,2140.95000000,2131.30000000,2132.10000000,6023.44870000
1779303600000,2132.10000000,2141.45000000,2129.11000000,2139.12000000,6015.47480000
1779307200000,2139.12000000,2140.76000000,2129.51000000,2135.93000000,4957.84930000
1779310800000,2135.92000000,2138.59000000,2130.61000000,2130.62000000,3046.61870000
1779314400000,2130.61000000,2130.61000000,2118.45000000,2128.32000000,9689.79470000
1779318000000,2128.32000000,2130.37000000,2122.59000000,2129.44000000,3709.19000000
1779321600000,2129.44000000,2145.32000000,2128.59000000,2142.92000000,7646.47450000
1779325200000,2142.93000000,2157.50000000,2139.31000000,2141.07000000,11825.50220000
1779328800000,2141.08000000,2148.04000000,2139.50000000,2141.50000000,4768.88430000
1779332400000,2141.50000000,2146.85000000,2140.85000000,2145.76000000,3524.11370000
1779336000000,2145.76000000,2148.75000000,2142.70000000,2145.00000000,3552.69700000
1779339600000,2145.00000000,2148.19000000,2133.21000000,2136.30000000,6291.60250000
1779343200000,2136.31000000,2138.61000000,2127.64000000,2128.57000000,8597.70980000
1779346800000,2128.58000000,2137.00000000,2124.25000000,2135.06000000,8726.54340000
1779350400000,2135.07000000,2148.33000000,2135.01000000,2138.26000000,8282.94930000
1779354000000,2138.26000000,2140.94000000,2127.96000000,2127.98000000,6582.27960000
1779357600000,2127.97000000,2130.09000000,2110.00000000,2114.19000000,19101.54680000
1779361200000,2114.20000000,2119.94000000,2112.17000000,2115.27000000,7699.84300000
1779364800000,2115.28000000,2119.91000000,2112.10000000,2117.22000000,11662.39480000
1779368400000,2117.22000000,2124.09000000,2105.15000000,2120.46000000,18106.74570000
1779372000000,2120.47000000,2125.59000000,2110.68000000,2121.96000000,14916.75520000
1779375600000,2121.97000000,2138.05000000,2119.44000000,2132.65000000,21185.78220000
1779379200000,2132.64000000,2136.66000000,2122.82000000,2127.79000000,10087.28370000
1779382800000,2127.80000000,2153.75000000,2126.00000000,2146.60000000,23184.45160000
1779386400000,2146.60000000,2148.00000000,2121.79000000,2126.87000000,13278.94640000
1779390000000,2126.87000000,2145.78000000,2126.48000000,2142.83000000,9421.32560000
1779393600000,2142.84000000,2143.46000000,2137.13000000,2138.62000000,5410.53220000
1779397200000,2138.63000000,2141.00000000,2134.21000000,2135.42000000,2327.68590000
1779400800000,2135.43000000,2136.87000000,2131.03000000,2131.85000000,2748.66720000
1779404400000,2131.84000000,2136.77000000,2127.27000000,2133.76000000,3958.39510000
1779408000000,2133.77000000,2134.99000000,2129.28000000,2129.33000000,2848.68080000
1779411600000,2129.32000000,2137.00000000,2125.68000000,2135.88000000,4953.55990000
1779415200000,2135.89000000,2140.01000000,2134.47000000,2137.98000000,3898.71590000
1779418800000,2137.97000000,2141.39000000,2135.29000000,2137.88000000,2338.14580000
1779422400000,2137.89000000,2141.34000000,2132.56000000,2134.00000000,2394.89560000
1779426000000,2134.01000000,2135.95000000,2127.39000000,2129.21000000,4444.64460000
1779429600000,2129.21000000,2130.86000000,2123.95000000,2125.68000000,7164.95180000
1779433200000,2125.68000000,2132.73000000,2122.22000000,2128.70000000,9430.37080000
1779436800000,2128.70000000,2133.34000000,2119.94000000,2122.30000000,14984.42940000
1779440400000,2122.29000000,2125.24000000,2119.18000000,2123.98000000,5671.40060000
1779444000000,2123.97000000,2125.40000000,2120.81000000,2123.00000000,3014.94430000
1779447600000,2123.00000000,2131.01000000,2120.10000000,2130.78000000,7162.44230000
1779451200000,2130.78000000,2138.00000000,2129.31000000,2134.99000000,7605.60030000
1779454800000,2135.00000000,2135.75000000,2124.01000000,2130.23000000,11944.08650000
1779458400000,2130.23000000,2130.23000000,2112.58000000,2116.94000000,15843.86200000
1779462000000,2116.94000000,2125.49000000,2112.47000000,2119.48000000,6992.40970000
1779465600000,2119.49000000,2124.00000000,2118.11000000,2122.78000000,5125.75280000
1779469200000,2122.78000000,2130.00000000,2119.43000000,2119.60000000,7899.43390000
1779472800000,2119.61000000,2121.57000000,2084.51000000,2099.99000000,21305.38540000
1779476400000,2099.99000000,2103.10000000,2058.00000000,2065.54000000,37194.08580000
1779480000000,2065.54000000,2078.85000000,2064.31000000,2073.40000000,12942.20360000
1779483600000,2073.40000000,2079.59000000,2071.52000000,2078.18000000,5974.97090000
1779487200000,2078.17000000,2079.58000000,2066.55000000,2072.71000000,8534.04280000
1779490800000,2072.72000000,2077.24000000,2057.79000000,2065.85000000,12114.23930000
1779494400000,2065.86000000,2070.61000000,2053.00000000,2064.63000000,21650.60940000
1779498000000,2064.63000000,2069.92000000,2062.67000000,2068.93000000,6602.39140000
1779501600000,2068.93000000,2070.37000000,2064.90000000,2068.52000000,3598.42430000
1779505200000,2068.52000000,2072.00000000,2068.21000000,2070.78000000,3822.12240000
1779508800000,2070.78000000,2071.19000000,2065.55000000,2067.30000000,2714.57130000
1779512400000,2067.29000000,2068.00000000,2061.90000000,2064.85000000,8142.86520000
1779516000000,2064.85000000,2065.81000000,2060.71000000,2061.69000000,6065.79960000
1779519600000,2061.70000000,2063.06000000,2009.30000000,2028.59000000,58875.97660000
1779523200000,2028.58000000,2032.10000000,2021.07000000,2030.32000000,16144.75890000
1779526800000,2030.32000000,2031.00000000,2027.10000000,2027.29000000,5578.04840000
1779530400000,2027.29000000,2033.79000000,2027.11000000,2031.57000000,4910.37890000
1779534000000,2031.56000000,2036.01000000,2030.84000000,2031.48000000,7692.18540000
1779537600000,2031.48000000,2032.07000000,2027.35000000,2031.07000000,7207.25260000
1779541200000,2031.08000000,2046.10000000,2031.07000000,2044.89000000,17647.37330000
1779544800000,2044.88000000,2065.32000000,2041.12000000,2061.64000000,16621.26210000
1779548400000,2061.64000000,2068.68000000,2055.67000000,2060.27000000,13114.38010000
1779552000000,2060.27000000,2065.00000000,2057.25000000,2061.65000000,6913.49830000
1779555600000,2061.66000000,2065.87000000,2059.28000000,2063.98000000,5547.00710000
1779559200000,2063.98000000,2083.64000000,2063.74000000,2074.27000000,14900.86830000
1779562800000,2074.27000000,2081.00000000,2069.86000000,2077.33000000,12501.01140000
1779566400000,2077.34000000,2147.00000000,2074.84000000,2146.30000000,60046.92530000
1779570000000,2146.30000000,2149.95000000,2106.27000000,2116.84000000,33582.98360000
1779573600000,2116.84000000,2120.28000000,2102.65000000,2116.83000000,10882.35460000
1779577200000,2116.84000000,2121.84000000,2114.42000000,2117.68000000,5783.18040000
1779580800000,2117.69000000,2121.50000000,2113.10000000,2119.45000000,5265.73510000
1779584400000,2119.45000000,2125.51000000,2118.31000000,2122.56000000,7831.75490000
1779588000000,2122.56000000,2125.45000000,2118.30000000,2122.53000000,8991.52120000
1779591600000,2122.54000000,2127.28000000,2116.74000000,2119.04000000,7014.03970000
1779595200000,2119.05000000,2123.86000000,2119.05000000,2120.21000000,3367.50720000
1779598800000,2120.22000000,2121.39000000,2113.65000000,2119.98000000,8263.43570000
1779602400000,2119.98000000,2129.93000000,2117.60000000,2128.13000000,11806.88960000
1779606000000,2128.13000000,2129.79000000,2119.49000000,2121.01000000,5025.51550000
1779609600000,2121.02000000,2123.23000000,2119.25000000,2120.32000000,3262.68090000
1779613200000,2120.33000000,2124.37000000,2119.05000000,2123.41000000,4630.79730000
1779616800000,2123.42000000,2132.14000000,2119.38000000,2122.35000000,8124.95840000
1779620400000,2122.34000000,2127.82000000,2122.23000000,2126.18000000,4959.76230000
1779624000000,2126.19000000,2126.58000000,2117.32000000,2119.97000000,7090.29640000
1779627600000,2119.97000000,2121.05000000,2105.79000000,2110.14000000,12698.94150000
1779631200000,2110.14000000,2112.52000000,2079.52000000,2097.98000000,28777.91890000
1779634800000,2097.98000000,2100.00000000,2094.14000000,2095.84000000,4614.32970000
1779638400000,2095.83000000,2109.00000000,2095.22000000,2103.62000000,7393.33020000
1779642000000,2103.61000000,2106.68000000,2101.40000000,2102.88000000,3026.19390000
1779645600000,2102.89000000,2104.78000000,2097.80000000,2099.97000000,2964.82750000
1779649200000,2099.97000000,2102.58000000,2096.34000000,2100.87000000,3005.65020000
1779652800000,2100.87000000,2102.11000000,2091.51000000,2093.15000000,7064.44110000
1779656400000,2093.15000000,2098.63000000,2063.00000000,2070.59000000,19007.06320000
1779660000000,2070.59000000,2099.49000000,2070.56000000,2092.37000000,15066.08130000
1779663600000,2092.38000000,2107.00000000,2091.67000000,2099.85000000,8495.08880000
1779667200000,2099.86000000,2109.40000000,2099.70000000,2104.95000000,5423.31030000
1779670800000,2104.96000000,2107.99000000,2093.22000000,2094.13000000,3994.55100000
1779674400000,2094.13000000,2113.25000000,2094.13000000,2098.35000000,9625.74390000
1779678000000,2098.35000000,2100.00000000,2092.57000000,2095.58000000,5087.50280000
1779681600000,2095.59000000,2108.14000000,2092.26000000,2105.83000000,6872.57220000
1779685200000,2105.83000000,2111.70000000,2104.39000000,2108.22000000,6681.75230000
1779688800000,2108.21000000,2111.42000000,2099.27000000,2108.99000000,13294.38960000
1779692400000,2109.00000000,2117.55000000,2106.50000000,2116.28000000,15151.61640000
1779696000000,2116.29000000,2117.79000000,2111.70000000,2116.82000000,4505.83360000
1779699600000,2116.83000000,2124.10000000,2116.17000000,2117.02000000,6886.84410000
1779703200000,2117.03000000,2121.23000000,2114.86000000,2117.03000000,3718.05190000
1779706800000,2117.02000000,2120.30000000,2114.26000000,2114.95000000,6556.30200000
1779710400000,2114.95000000,2119.61000000,2112.25000000,2117.34000000,5452.85870000
1779714000000,2117.35000000,2120.00000000,2114.27000000,2116.28000000,4019.12580000
1779717600000,2116.28000000,2130.24000000,2115.77000000,2128.34000000,9741.59960000
1779721200000,2128.35000000,2138.28000000,2122.90000000,2127.12000000,10474.40140000
1779724800000,2127.13000000,2141.98000000,2125.14000000,2136.40000000,7753.01990000
1779728400000,2136.40000000,2140.52000000,2128.24000000,2128.55000000,5752.71160000
1779732000000,2128.54000000,2133.81000000,2126.64000000,2126.85000000,3516.00690000
1779735600000,2126.86000000,2126.86000000,2116.55000000,2121.43000000,6484.72590000
1779739200000,2121.42000000,2123.16000000,2107.38000000,2108.64000000,8784.83010000
1779742800000,2108.64000000,2113.04000000,2108.00000000,2110.90000000,5923.72840000
1779746400000,2110.90000000,2115.68000000,2102.35000000,2103.61000000,7949.39830000
1779750000000,2103.60000000,2113.85000000,2102.62000000,2113.01000000,2777.72120000
1779753600000,2113.01000000,2113.89000000,2084.83000000,2097.75000000,13327.66780000
1779757200000,2097.74000000,2100.50000000,2088.03000000,2094.35000000,8023.96830000
1779760800000,2094.36000000,2095.80000000,2084.79000000,2088.83000000,8476.61350000
1779764400000,2088.83000000,2093.84000000,2084.52000000,2093.12000000,4866.84810000
1779768000000,2093.11000000,2096.45000000,2088.82000000,2093.67000000,3649.15500000
1779771600000,2093.68000000,2103.65000000,2092.05000000,2100.91000000,5929.06560000
1779775200000,2100.90000000,2104.65000000,2094.78000000,2101.73000000,4410.94590000
1779778800000,2101.73000000,2102.63000000,2090.65000000,2095.61000000,8948.79410000
1779782400000,2095.61000000,2100.14000000,2095.13000000,2097.25000000,4538.51240000
1779786000000,2097.26000000,2099.62000000,2094.10000000,2096.81000000,5436.34080000
1779789600000,2096.80000000,2137.29000000,2094.23000000,2127.56000000,22774.40480000
1779793200000,2127.57000000,2130.60000000,2118.60000000,2121.01000000,11839.32260000
1779796800000,2121.00000000,2126.93000000,2111.01000000,2126.20000000,14192.12630000
1779800400000,2126.20000000,2131.50000000,2109.62000000,2125.30000000,14084.87610000
1779804000000,2125.30000000,2140.49000000,2105.85000000,2109.29000000,33208.65610000
1779807600000,2109.30000000,2112.20000000,2078.75000000,2087.36000000,32199.25340000
1779811200000,2087.36000000,2089.97000000,2073.48000000,2079.56000000,22306.90780000
1779814800000,2079.56000000,2083.84000000,2055.06000000,2070.84000000,23360.51180000
1779818400000,2070.84000000,2081.21000000,2066.80000000,2068.59000000,12788.13710000
1779822000000,2068.60000000,2076.85000000,2065.72000000,2074.29000000,7453.97100000
1779825600000,2074.30000000,2078.51000000,2073.90000000,2078.35000000,4902.95550000
1779829200000,2078.35000000,2078.78000000,2069.45000000,2072.85000000,5570.49490000
1779832800000,2072.85000000,2076.52000000,2065.98000000,2068.79000000,5511.54890000
1779836400000,2068.79000000,2076.85000000,2068.79000000,2073.77000000,4752.23180000
1779840000000,2073.77000000,2084.23000000,2073.77000000,2083.36000000,6285.95920000
1779843600000,2083.35000000,2083.93000000,2071.86000000,2074.53000000,5128.28910000
1779847200000,2074.53000000,2076.26000000,2069.11000000,2076.26000000,4885.71760000
1779850800000,2076.25000000,2080.00000000,2068.90000000,2070.00000000,5687.04050000
1779854400000,2070.01000000,2073.08000000,2056.31000000,2072.21000000,9589.49710000
1779858000000,2072.21000000,2079.20000000,2071.62000000,2077.37000000,6758.56650000
1779861600000,2077.38000000,2081.46000000,2075.01000000,2079.62000000,5208.19620000
1779865200000,2079.62000000,2084.16000000,2076.07000000,2083.78000000,5639.43190000
1779868800000,2083.77000000,2096.71000000,2083.56000000,2085.05000000,10820.89540000
1779872400000,2085.06000000,2087.78000000,2078.26000000,2083.36000000,6725.06150000
1779876000000,2083.36000000,2087.90000000,2079.47000000,2079.50000000,5736.14980000
1779879600000,2079.51000000,2085.29000000,2078.88000000,2080.55000000,5464.44910000
1779883200000,2080.56000000,2097.40000000,2073.84000000,2078.76000000,16450.21590000
1779886800000,2078.76000000,2080.64000000,2051.96000000,2064.53000000,30449.57200000
1779890400000,2064.52000000,2071.86000000,2054.84000000,2062.62000000,14769.81580000
1779894000000,2062.62000000,2079.73000000,2061.21000000,2071.38000000,17352.51300000
1779897600000,2071.39000000,2074.50000000,2060.00000000,2070.15000000,9732.68730000
1779901200000,2070.14000000,2070.30000000,2044.08000000,2052.28000000,18451.10300000
1779904800000,2052.27000000,2056.92000000,2043.31000000,2056.71000000,9687.17110000
1779908400000,2056.72000000,2061.16000000,2054.42000000,2057.47000000,7524.50570000
1779912000000,2057.47000000,2066.14000000,2057.22000000,2063.29000000,6848.80960000
1779915600000,2063.30000000,2063.30000000,2016.00000000,2021.04000000,27264.09680000
1779919200000,2021.04000000,2035.00000000,2016.27000000,2025.34000000,18431.62400000
1779922800000,2025.34000000,2030.19000000,2018.17000000,2024.84000000,13071.78920000
1779926400000,2024.83000000,2029.20000000,2020.70000000,2028.23000000,7260.13740000
1779930000000,2028.23000000,2029.20000000,2012.70000000,2020.32000000,11652.52320000
1779933600000,2020.32000000,2021.99000000,2014.77000000,2017.75000000,6355.01110000
1779937200000,2017.75000000,2020.96000000,1972.00000000,1981.55000000,65339.90560000
1779940800000,1981.55000000,1986.39000000,1967.00000000,1982.33000000,29086.97190000
1779944400000,1982.33000000,1983.55000000,1975.66000000,1978.52000000,15129.26730000
1779948000000,1978.52000000,1984.83000000,1972.50000000,1984.07000000,13330.43580000
1779951600000,1984.07000000,1996.78000000,1982.41000000,1995.56000000,17213.75490000
1779955200000,1995.56000000,1996.23000000,1985.00000000,1988.26000000,10802.47240000
1779958800000,1988.27000000,1995.51000000,1984.85000000,1994.04000000,7182.52510000
1779962400000,1994.04000000,1998.40000000,1988.71000000,1990.32000000,8384.45700000
1779966000000,1990.32000000,1992.72000000,1986.53000000,1989.89000000,6584.48840000
1779969600000,1989.88000000,1994.58000000,1981.57000000,1991.89000000,8270.53120000
1779973200000,1991.88000000,1995.00000000,1975.35000000,1981.55000000,19736.37400000
1779976800000,1981.55000000,2002.50000000,1967.38000000,1993.62000000,35350.52050000
1779980400000,1993.61000000,1999.40000000,1983.84000000,1990.65000000,12630.76070000
1779984000000,1990.65000000,2015.00000000,1985.22000000,2013.19000000,21750.79470000
1779987600000,2013.18000000,2027.14000000,2009.26000000,2019.51000000,15166.12170000
1779991200000,2019.51000000,2030.00000000,2018.24000000,2025.00000000,12176.78970000
1779994800000,2025.00000000,2025.01000000,2014.04000000,2014.55000000,8204.67130000
1779998400000,2014.54000000,2020.03000000,2006.44000000,2014.11000000,8782.19700000
1780002000000,2014.12000000,2024.63000000,2013.42000000,2020.17000000,10806.26590000
1780005600000,2020.17000000,2022.90000000,2005.43000000,2005.60000000,6944.66990000
1780009200000,2005.60000000,2011.96000000,2005.60000000,2009.90000000,5693.27440000
1780012800000,2009.89000000,2017.17000000,2009.89000000,2012.46000000,6280.29710000
1780016400000,2012.45000000,2016.47000000,2005.90000000,2008.23000000,4986.04930000
1780020000000,2008.23000000,2010.62000000,1997.24000000,1999.22000000,9165.03500000
1780023600000,1999.23000000,2007.86000000,1999.23000000,2002.78000000,3879.19330000
1780027200000,2002.79000000,2008.51000000,1998.40000000,2008.51000000,5655.09470000
1780030800000,2008.51000000,2015.30000000,2008.00000000,2014.56000000,6780.81160000
1780034400000,2014.56000000,2021.51000000,2012.17000000,2018.09000000,6848.14420000
1780038000000,2018.09000000,2019.81000000,2003.46000000,2007.62000000,15125.86770000
1780041600000,2007.61000000,2013.91000000,2005.45000000,2006.11000000,12193.23020000
1780045200000,2006.11000000,2016.11000000,2006.11000000,2014.85000000,6224.13420000
1780048800000,2014.84000000,2014.85000000,2009.77000000,2011.10000000,4438.34050000
1780052400000,2011.11000000,2014.29000000,2002.35000000,2007.58000000,5868.37360000
1780056000000,2007.58000000,2007.58000000,1995.10000000,1999.78000000,9243.97800000
1780059600000,1999.78000000,2006.16000000,1988.14000000,1999.53000000,14117.28760000
1780063200000,1999.53000000,2004.31000000,1976.48000000,2001.84000000,25392.70960000
1780066800000,2001.85000000,2046.59000000,1999.45000000,2031.62000000,52313.77480000
1780070400000,2031.62000000,2043.00000000,2022.24000000,2040.45000000,21645.74370000
1780074000000,2040.46000000,2044.29000000,2026.21000000,2028.27000000,16364.82310000
1780077600000,2028.28000000,2031.64000000,2006.21000000,2011.41000000,20432.86400000
1780081200000,2011.41000000,2022.20000000,2005.00000000,2016.96000000,8916.98580000
1780084800000,2016.96000000,2023.84000000,2015.00000000,2018.17000000,4675.63810000
1780088400000,2018.17000000,2023.99000000,2008.23000000,2009.40000000,6797.63340000
1780092000000,2009.41000000,2017.24000000,2007.78000000,2013.83000000,7115.93810000
1780095600000,2013.83000000,2015.60000000,2007.00000000,2014.54000000,8683.74740000
1780099200000,2014.54000000,2016.18000000,2010.69000000,2014.74000000,3128.72830000
1780102800000,2014.75000000,2021.55000000,2013.67000000,2019.46000000,4722.86220000
1780106400000,2019.46000000,2021.34000000,2017.12000000,2021.34000000,2258.52710000
1780110000000,2021.34000000,2023.55000000,2014.74000000,2016.83000000,4535.17380000
1780113600000,2016.83000000,2018.44000000,2002.00000000,2010.80000000,8354.40330000
1780117200000,2010.81000000,2019.50000000,2008.02000000,2015.95000000,5706.84540000
1780120800000,2015.95000000,2020.56000000,2012.86000000,2016.98000000,6091.64750000
1780124400000,2016.99000000,2017.88000000,2013.62000000,2016.32000000,2597.75020000
1780128000000,2016.32000000,2016.32000000,2013.92000000,2014.16000000,1417.52620000
1780131600000,2014.16000000,2017.27000000,2013.92000000,2016.79000000,1604.40060000
1780135200000,2016.79000000,2022.00000000,2016.34000000,2017.98000000,4377.43830000
1780138800000,2017.99000000,2019.05000000,2015.19000000,2017.40000000,1929.94630000
1780142400000,2017.40000000,2020.35000000,2017.14000000,2019.86000000,2239.17440000
1780146000000,2019.85000000,2022.77000000,2017.44000000,2020.73000000,3166.30200000
1780149600000,2020.73000000,2030.62000000,2020.61000000,2026.60000000,10041.35830000
1780153200000,2026.59000000,2032.00000000,2024.20000000,2026.61000000,7299.13170000
1780156800000,2026.63000000,2028.33000000,2024.35000000,2027.09000000,3401.62080000
1780160400000,2027.09000000,2029.01000000,2019.50000000,2027.17000000,5801.74210000
1780164000000,2027.17000000,2030.01000000,2024.56000000,2027.59000000,3796.48460000
1780167600000,2027.59000000,2029.12000000,2024.54000000,2028.76000000,2670.57390000
1780171200000,2028.77000000,2029.68000000,2025.70000000,2027.05000000,4267.55370000
1780174800000,2027.05000000,2031.41000000,2027.05000000,2028.15000000,2733.38250000
